S32110180000007F0300028007010000000001000000F0030000000000C61A1B1C1D82
S3211018001C69010700031920220000000000000000000000000000000000000000CB
S3211018003800000000DEDEDEDEDEDEDEDEDEDEDEDEDEDEDEDEDEDEDEDEDEDEDEDEAE
S32110180054DEDEDEDEDEDEDEDEDEDEDEDEDEDEDEDEDEDEDEDEDEDEDEDEDEDEDEDE1A
S32110180070DEDEDEDEDEDEDEDEDEDEDEDEDEDEDEDEDEDEDEDEDEDEDEDEDEDEDEDEFE
S3211018008CDEDEDEDEDEDEDEDEDEDEDEDEDEDEDEDEDEDEDEDEDEDEDEDEDEDEDEDEE2
S321101800A8DEDEDEDEDEDEDEDEDEDEDEDEDEDEDEDEDEDEDEDEDEDEDEDEDEDEDEDEC6
S321101800C4DEDEDEDEDEDEDEDEDEDEDEDEDEDEDEDEDEDEDEDEDEDEDEDEDEDEDEDEAA
S321101800E0DEDEDEDEDEDEDEDEDEDEDEDEDEDEDEDEDEDEDEDEDEDEDEDEDEDEDEDE8E
S321101800FCDEDEDEDEDEDEDEDEDEDEDEDEDEDEDEDEDEDEDEDEDEDEDEDEDEDEDEDE72
S32110180118DEDEDEDEDEDEDEDEDEDEDEDEDEDEDEDEDEDEDEDEDEDEDEDEDEDEDEDE55
S32110180134DEDEDEDEDEDEDEDEDEDEDEDEDEDEDEDEDEDEDEDEDEDEDEDEDEDEDEDE39
S32110180150DEDEDEDEDEDEDEDEDEDEDEDEDEDEDEDEDEDEDEDEDEDEDEDEDEDEDEDE1D
S3211018016CDEDEDEDEDEDEDEDEDEDEDEDEDEDEDEDEDEDEDEDEDEDEDEDEDEDEDEDE01
S32110180188DEDEDEDEDEDEDEDEDEDEDEDEDEDEDEDEDEDEDEDEDEDEDEDEDEDEDEDEE5
S321101801A4DEDEDEDEDEDEDEDEDEDEDEDEDEDEDEDEDEDEDEDEDEDEDEDEDEDEDEDEC9
S321101801C0DEDEDEDEDEDEDEDEDEDEDEDEDEDEDEDEDEDEDEDEDEDEDEDEDEDEDEDEAD
S321101801DCDEDEDEDEDEDEDEDEDEDEDEDEDEDEDEDEDEDEDEDEDEDEDEDEDEDEDEDE91
S321101801F8DEDEDEDEDEDEDEDE6901070003192022000000000000000000000000FE
S32110180214000000000000000000000000DEDEDEDEDEDEDEDEDEDEDEDEDEDEDEDEC0
S32110180230DEDEDEDEDEDEDEDEDEDEDEDEDEDEDEDE1018000000007F0000030000FA
S3211018024CC6A9916C5152B7A0AE4BE94B66BE5E3A00000000DEDEDEDEDEDEDEDE29
S32110180268DEDEDEDEDEDEDEDEDEDEDEDEDEDEDEDEDEDEDEDEDEDEDEDEDEDEDEDE04
S32110180284DEDEDEDEDEDEDEDEDEDEDEDEDEDEDEDEDEDEDEDEDEDEDEDEDEDEDEDEE8
S321101802A0DEDEDEDEDEDEDEDEDEDEDEDEDEDEDEDEDEDEDEDEDEDEDEDEDEDEDEDECC
S321101802BCDEDEDEDEDEDEDEDEDEDEDEDEDEDEDEDEDEDEDEDEDEDEDEDEDEDEDEDEB0
S321101802D8DEDEDEDEDEDEDEDEDEDEDEDEDEDEDEDEDEDEDEDEDEDEDEDEDEDEDEDE94
S321101802F4DEDEDEDEDEDEDEDEDEDEDEDE72B67C46A41F15480021C9430160144864
S321101803100160144801608F480121FF3161188E4A0023CD58C5501B1D9A42FAD1CF
S3211018032C8C480121FF31611A08220023CD58C5501B1D9A42FAD18648C021611A56
S3211018034820220023CD58C5501B1D9A42FAD1044FB84700BF500021405400214076
S3211018036458002140010D0008000000000000000000000000000000000000000080
S321101803800000000000000000000000000000000000000000000000000000000033
S3211018039C0000000000000000000000000000000000000000000000000000000017
S321101803B800000000000000000000000000000000000000000000000000000000FB
S321101803D400000000000000000000000000000000000000000000000000000000DF
S321101803F000000000000000000000000000000000203A0008010318109135000867
S3211018040C8D350008591C0008591C0008591C0008591C0008591C0008591C0008EE
S32110180428591C0008591C0008591C0008591C0008591C0008591C000844202040D8
S3211018044489350008F5150008171600083D1600083F1600084116000843160008E9
S321101804604516000847160008491600084B1600084D1600084F1600085116000873
S3211018047C53160008DEDEDEDEDEDEDEDEDEDEDEDEDEDEDEDEDEDEDEDEDEDEDEDEF5
S32110180498DEDEDEDEDEDEDEDEDEDEDEDEDEDEDEDEDEDEDEDEDEDEDEDEDEDEDEDED2
S321101804B4DEDEDEDEDEDEDEDEDEDEDEDEDEDEDEDEDEDEDEDEDEDEDEDEDEDEDEDEB6
S321101804D0DEDEDEDEDEDEDEDEDEDEDEDEDEDEDEDEDEDEDEDEDEDEDEDEDEDEDEDE9A
S321101804ECDEDEDEDEDEDEDEDEDEDEDEDEDEDEDEDEDEDEDEDE13490A680F4B1A64C8
S3211018050812480F490860BFF34F8F0E490860BFF34F8F124E124FBD46124F81B05A
S321101805240097B545FBD10F4880F30888002080F31488BFF36F8F0D4FB8470D4F40
S32110180540B8470000000C000808ED00E02011204044202040000C0008002A0000F6
S3211018055C400800080008000820380008203A000805B1C1A5070F0008611600087A
S321101805780000000000000000000000000000000000000000000000000000000039
S32110180594000000000000000000000000000000000000000000000000000000001D
S321101805B00000000000000000000000000000000000000000000000000000000001
S321101805CC00000000000000000000000000000000000000000000000000000000E5
S321101805E8000000000000000000000000000000000000000000000000031C9B18F7
S321101806040160001D9842FBD1704700B500280AD14248810704D142490A1A9107EB
S32110180620890F00D0FEE7FFF7EBFF00BDF0B507463D493E4A00240C20012F0AD14B
S3211018063C0D46511A00F0CAFF84420FD2AA680646002A2FD020E0511A00F0C0FFB5
S32110180658844205D20124844202D201348442FCD33149324A00240C20012F3CD1AF
S321101806740D46511A00F0AEFF844241D20646AA68274F002A2DD023E06A690C35F6
S32110180690002A0DD022492868884202D32149884206D3810711D19107890F0ED1F9
S321101806ACFFF7A8FF0134B442EAD31F4A1D4D00240C20511B00F08AFF8442DBD303
S321101806C81CE0FEE76A690C35002A08D012492868884201D3B84202D3696800F0D8
S321101806E4E3FE0134B442EFD30AE0511A00F072FF844205D20124844202D20134B7
S321101807008442FCD3F0BD00B50120FFF78FFF0A490868400002D50020FFF779FFAB
S3211018071C00BD00BFE808000808090008141E0008801E0008801E0008801E0008DA
S3211018073800182640000000000000000000000000000000000000000000000000F9
S32110180754000000000000000000000000000000000000000000000000000000005B
S32110180770000000000000000000000000000000000000000000000000000000003F
S3211018078C0000000000000000000000000000000000000000000000000000000023
S321101807A80000000000000000000000000000000000000000000000000000000007
S321101807C400000000000000000000000000000000000000000000000000000000EB
S321101807E000000000000000000000000000000000000000000000000000000000CF
S321101807FC0000000030B501231B07994217D31F4CCB0514D1131C12D0234010D14E
S321101808181C4B5518013D9D420BD801252D07A84209D9984207D21518013D9D429F
S3211018083401D8044001D0102002E0144B00F065F830BD00B51049884205D2012110
S321101808500907884201D3410401D0102002E00C4900F01EF800BD0B4A01210904EC
S3211018086C106808431060094A106801221043074A1060074A01201060704700BFB5
S32110180888FF01000000000310203400080000244000F4244000102240F0B581B0B3
S321101808A40F46464E0968464C0B6800930A6801231A430A604349444D216060605D
S321101808C0FF203070204601F011FF002813D0A978082917D1204601F009FF0028FC
S321101808DC07D12068307005214907401A00D001200AE0A9780829EFD006E02068A8
S321101808F8307005214907401A00D001203968009A0A6001B0F0BDF0B586B004462D
S3211018091403A80D4634C01F461B680026186802901C68012004431C602849254C3D
S32110180930264D01910498BA683118019800F0B6FD244B059923607B686360731874
S3211018094C01991C48A360E160FF230370204601F0C7FE00281AD0AB78082B1FD116
S32110180968204601F0BFFE00280ED11349236805220B7052079342BB6801D100205E
S3211018098400E00120F618002810D012E0AB78082BE8D007E00949236805220B70AC
S321101809A05207981A00D00120BB68F618002802D103998E42BED33B680299196031
S321101809BC06B0F0BD04360008FC3A000800010014103600080C3B00080001000655
S321101809D830B5044CA360E271A171A08025680135256030BD08360008F0B50F4E9B
S321101809F40125012B346806D0022B14D10C4B2E07B04210D303E00A4E0A4BB04200
S32110180A100BD30F189F4208D2B24206D3AE18FF369E4202D8054BA0474540284630
S32110180A2CF0BD00BF40200017000003100000211008640017000000B50E4A106851
S32110180A480002000A03218907084310600B4A082010600B4A10600B4A1068072241
S32110180A64904303221043084A0121C907106010680843106000F00AF800BD00BFA8
S32110180A8000E400E080E200E000E100E0B480204030B583B05D4A10685D4A009063
S32110180A9C292410685C4A0190E40110685B4A02900020156800F0C0FF012000F023
S32110180AB8BDFF0098012210430090285101982C19FF21C9438843534908436060A5
S32110180AD4524C019002987F21090288430321490308430290285101F0EEF84D4A65
S32110180AF00020107003B030BDF0B58CB0174602931D46494B494C1A680B920022DC
S32110180B0C22706278002A15D103AACEB2314600F07FFE1298119B01902A46380182
S32110180B280090314603A800F0AAFD3D4824780B99026891420BD008E00020607085
S32110180B440220207024780B991A68914201D000F0C1FC20460CB0F0BDF0B587B0F7
S32110180B600D4616461F463049304C0A680692002222706278002A11D102AA1021C1
S32110180B7C00F04EFE009732462B01102102A800F08CFE26482478069A03689A4272
S32110180B980BD008E000206070022020702478069A0B689A4201D000F093FC20466D
S32110180BB407B0F0BD10B581B0164A1C4C11680A59009264181207120F08239A1AD2
S32110180BD0904206D9216800910907090F591A8842F8D801B010BD81B00B4A10685F
S32110180BEC104A815800911218090703D0106800900007FBD101B070470949012038
S32110180C0808707047782C00087C2C0008802C0008782B000800801040881400004C
S32110180C241536000860350008143600084410000000B501F054FC00281BD10E4A8E
S32110180C400E491068084001218905084310600C4A042010600B4A10600B4A10686C
S32110180C5C0722904302221043084A0121C907106010680843106001F09EFD00BDAB
S32110180C7800E400E0FFFF00FF80E200E000E100E00080204030B51E4C1E4A1F496F
S32110180C942068C50F1E481368834202D10B68834206D0106008601B4A1B48002172
S32110180CB000F0E1FB2068C00F012D0CD001280AD12068002807D521680122D207B8
S32110180CCC9143216021680029F7D430BD4178C9430078C9B2884201D0002000E0CC
S32110180CE8012070470170C94341707047014602780020002A03D14978002900D16B
S32110180D04012070470C002140C0080008E4080008B89FA28A20000000C408000825
S32110180D2030B500210A462E4D835CAC5CA34200D001210132D2B2072A01D2012915
S32110180D3CF4D1084630BDF0B585B0074626490868049001260024254AA00085589C
S32110180D5828461030FFF7E0FF002816D16846042100F022FC10226946284600F09F
S32110180D7472FB00280BD0E86929462031884206D3A96949190439884201D83C7011
S32110180D9000260134E4B2062C01D2002ED9D1114804990268914201D000F096FBC6
S32110180DAC304605B0F0BD30B581B005460124684603300021FFF7BFFF002807D1E9
S32110180DC86A46D1780648890008580024C0692860204601B030BD00BF2C340008B1
S32110180DE46035000834340008002070477047704700B51749086800280AD5086877
S32110180E00800502D000F0DEF804E001F0F2FE12490420086000BD00B510490868A4
S32110180E1C00280CD508688005800D2D2802D000F0CBF804E000F054FF0849082087
S32110180E38086000BD704770477047704770477047704770477047704770477047B7
S32110180E540811204080E200E00C11204000B585B0FFF712FF00F056FA00F0C2FA3F
S32110180E700A4A0B491068000A00021060106808401060084A0120106002201060F7
S32110180E8C064A0120106002201060FFF7E6FC07E000E400E0FF00FFFF80E200E0E7
S32110180EA800E100E062B6FFF7C1FEFFF7C6FD0C4A0120800710600B4A0B4910682A
S32110180EC488420BD168460021FFF771FF002805D1074900980860074907480860B4
S32110180EE000F043F9FEE700BF900022401C0900174B657937000220400012204096
S32110180EFC0300FA0570B51C4B1C4A01201968914226D11B4A4B239B015169CB1840
S32110180F18194984030D68002D03D455695D1B2540F8D0CD69002D03D455695D1B5A
S32110180F342540F8D0CD69002D0FD5114DCD6020258D60104DCE68AE4203D056692D
S32110180F509E1B2640F8D0C968A94200D1002070BD0A490868002804D5094A1068A7
S32110180F6C000C0004106070471C0900174B65793720802640E000224048534D3107
S32110180F8846424C32FC002240E4002240F0B506460F4600250124FFF7AFFF002819
S32110180FA404D1E8038019FFF74CFC0446FFF7D6FF0135E803B84201D2002CEDD080
S32110180FC02046F0BD10B583B08B488C4A031F1968914200D0002001210843012837
S32110180FDC00D08047FEE70000F0B589B003901746844802680892864B0291002528
S32110180FF81A6804925A6805929A680692DB6807937F4E0196029804AB2918009148
S32110181014202203981021FFF76DFD002808D1041C1AD08021304600F0C1FABD4258
S3211018103034D335E00124FFF7C5FF8021304600F0B7FABD422AD32BE00124FFF7A1
S3211018104C89FF8021304600F0ADFABD4220D321E0FFF750FF0028F1D1012252028B
S321101810680121090769183046FFF7C6FB0028E7D1FFF772FF012149026D18BD4226
S3211018108406D2029810222B18991A04A800F00CFA01F0B8FDBD4201D2002CB4D0BE
S321101810A08021304600F084FA554808990268914201D000F011FA204609B0F0BD6E
S321101810BC30B585B005464F49086804905149684601240A6800924A6801928A6841
S321101810D80292C96803914D4910220C3100F0E2F94B484C4A031F1968914200D036
S321101810F40020002815D02B466A462146FFF72CFD002806D104463D480499026809
S3211018111091420FD00CE0FFF755FF394804990268914207D004E036480499026812
S3211018112C914201D000F0D2F9204605B030BD10B5384C2046FFF7CAFD012809D1A3
S321101811482078411CC9B22046FFF7CCFD2078052806D3FEE720460021FFF7C4FD07
S32110181164FFF72EFF10BDF0B58CB0244908680B902B4927480B6803934B680493C2
S321101811808B680593C968069101880A06090A0D041543827812021543C278818814
S3211018119C15430A06090A0F041743827912021743C279018917430A06090A0C0466
S321101811B81443827A1202C07A174E144304433046FFF794FD012803D130460021B8
S321101811D4FFF78AFD064B13481968C90400D4124812498D4200D281E079196118C4
S321101811F001311FE000002440A40800174B6579356035000800000000183600080C
S3211018120C5C3400086C340008400800083C0800174B657931D40800087C340008B7
S32110181228008010100000211000000310FF3181425AD2FFF77EFF03A8FFF73CFF2A
S32110181244002853D107A92F487F191C350246103203780B7043784B7083788B7018
S32110181260C378CB70043004318242F3D1274A00970292019207AB1922102103A8E5
S3211018127CFFF73CFC002809D0FFF79EFEFFF79CFE204A0B981168884235D032E070
S3211018129808228120029BFF301918284600F0D9F8002821D101F0ACFC21460120DA
S321101812B40007FFF76DFE002818D101F0A3FC2246394603A8FFF78CFE00280FD1CD
S321101812D01048221A0120FF30211A012000070223FFF786FB002803D1304600215E
S321101812ECFFF7FEFCFFF768FE064A0B981168884201D000F0EBF80CB0F0BD00BF6A
S321101813084C3400081836000860350008000100F010B53C493C4C3D4A08683D4BDE
S32110181324116822681A4003239B051A4322603A4C40222260394C2260394C2268FD
S321101813400724A24306242243364C0123DB07226022681A432260344C2268032420
S3211018135CA24301242243314C226022680324A243022422432D4C22602D4C2268BA
S321101813789A4322602C4C22680324A2432A4C22602A4C2B4B22689A432260626827
S321101813949A4303239B031A436260274C002222606060264C0120C00322606060E0
S321101813B0244C2068000C00040122D203104320606160214C2068022420431F4C76
S321101813CC20601F4C2068022420431D4C01212060134CC907206808432060104CF2
S321101813E82068032420430E4C206010BD16490120086002200860154900200860AA
S3211018140412490320086070478C34000804E400E090340008FFFF00FF80E200E066
S3211018142000E100E03480204090802640008026404080264004802640FFFF000043
S3211018143C0C802640248026402C802640A0802640A880264040C0264000C02640B8
S32110181458FEE720B50023002A06E0037801300D7801315B1B01D1013AF7D1181C7B
S3211018147420BD8446830704D0013A13D301700130F8E7083A08D309060B0A1943EA
S321101814900B0C19430B1C0AC0083AFCD2083203D001700130013AFBD1604670478B
S321101814AC01B4031C0B4313439B070AD1121F0ADB08C908C0121FFBDA05E00B78E4
S321101814C8491C0370401C521EF9DA01BC7047000020B583B0172203A1022000F0F8
S321101814E451F8012000F00CF8537461636B2063616E61727920636F72727570749D
S3211018150065640A0060B582B0061C00F049F80A490D6803E0286800F0B5FF6D6880
S3211018151C002DF9D10648002801D0C046C04600F03AF8311C022000F005F8FEE7D8
S32110181538183800080000000080B5074FBC467F46FF1DBE460027604702D300F00C
S3211018155427F8F84380BC08BC1847C046811E000880B5074FBC467F46FF1DBE4675
S321101815700027604703D300F015F8F843F94380BC08BC1847811E000800B5131C2F
S3211018158C0A1C011C0248FFF7E7FF00BD00000000010004007047704701490860CA
S321101815A87047000000360008E0B5CA084907490F0023002A06D01D1C1E1C1F1C24
S321101815C4E8C0E8C0013AF8D1002902D008C00139FCD1E0BD60B400230125021CA7
S321101815E004D10B4A002A10D060BC1047914207D3891A5B194E08B242F8D25200F0
S321101815FC6D00F5E7012D02D052086D08F0E7181C60BC7047000000000036000871
S32110181618000000000000000000360008000000001C0200001C38000800000000D0
S3211018163400000000203A00080000000000000000203A00080000000000000000A8
S32110181650203A00080000000010000000303A00080000000000000000303A0008FA
S3211018166C0000000000000000783A00080000000084000000C04670470000F0B594
S3211018168884B006460D46039317465B4A1031C906106803229043890F584A0843A8
S321101816A41123009012681B020192D0500520FFF781FA544C4C4B019A1920D45029
S321101816C0D650D5508006D05050482843D0500420FFF772FA454B019A601CD0507F
S321101816DCD7501020D0504B480999D05009090D0102910620FFF762FA3D4A019BAA
S321101816F899189C50039A0A603A4A201D9D5098500A9A0A60374A0298C0080390EA
S321101817149D5048D0364DD41851263606334F0420FFF748FA276033492660256078
S3211018173021600420FFF740FA27602F492660256021600420FFF738FA27602B49C8
S3211018174C2660256021600420FFF730FA276027492660256021600420FFF728FAC4
S32110181768276023492660256021600420FFF720FA27601F492660256021600420E5
S32110181784FFF718FA27601B492660256021600420FFF710FA276017492660256086
S321101817A02160039901390391BBD1029845076D0F10D00E4C019824180420FFF7FD
S321101817BCFDF90C4820605120000620600A4820600A48013D2060F1D10120FFF767
S321101817D8EFF9044A074801998850FFF700FA04B0F0BD00BF481000000800004020
S321101817F412C00041002000400C00007218260008782B00080800007000400066AB
S321101818100920004000000000000000BFF0B581B006460C461746184A1031C90623
S3211018182C106803229043164A890F08430090156811221202A8500620FFF7B8F9A6
S321101818481149124868506E506C50043068506F506C500520FFF7ACF90B491920BC
S32110181864800668500B482043685005200007685009482043685009486850FFF73F
S32110181880B2F901B0F0BD00BF28260008782B0008481000000800007000400066DF
S3211018189C006000670C0000720000F0B584B007460D4603921E460B4A1031C906E6
S321101818B8106803229043890F084A08431123009012681B020192D0500520FFF718
S321101818D471F9054C034B019A10E000BF2C260008782B00084810000008000070A2
S321101818F00040006601C00040080000400C0000721920D450D750D5508006D050F2
S3211018190C38482843D05031090D0102910620FFF74DF9354A019B99189C50039AF4
S321101819280A60324A201D9D509850099A0A602F4A0298C00803909D5038D02D4D93
S32110181944D418512636062C4F0320FFF733F92760266025600320FFF72DF92760A2
S32110181960266025600320FFF727F92760266025600320FFF721F9276026602560A2
S3211018197C0320FFF71BF92760266025600320FFF715F92760266025600320FFF790
S321101819980FF92760266025600320FFF709F9276026600399256001390391CBD1B8
S321101819B402984407640F0ED00D4D01982D180320FFF7F8F80C482860512000061F
S321101819D028600948013C2860F3D10120FFF7ECF8044A074801998850FFF7FDF876
S321101819EC04B0F0BD004000664810000001C00040080000400C000072000000008B
S32110181A0800000000000000BF000000BF000000BF00000000000000000000000057
S32110181A2400000000000000BF00000000000000BF10B587B0574B1968574B0091A8
S32110181A401968574B01911968564B02911968564B03911968554B049101221968E2
S32110181A5C544B0591120419680691009911430122D2079143C20711434F4A0091D9
S32110181A784F4C1160116801992160029903242143029191600399890A8902962367
S32110181A9419430391D160059901242143464C05912160069901242143444C0691C8
S32110181AB00128216007D100F077F9424A0121090410688843106007B010BD84B0E4
S32110181ACC3E4A11683E4A009111683E4A019111683D4A029111680391009A3C4964
S32110181AE8520E52060A43032109070A4339493F230A60019A9A4383069B0E1A43D9
S32110181B048A600298354AC00FC007104308620398334AC00FC0071043486204B0E2
S32110181B20704781B0304A022301281168009103D108430090184304E001208143EE
S32110181B3C0091994308462A4B186001B0704782B0284A1168284A00911068019026
S32110181B58274803229143016001AA1F211170019901612449016202B0704781B0A8
S32110181B74224A01281168009103D108463F21084300900C490098086001B070476E
S32110181B9000000000000000BF802B0008842B0008882B00088C2B0008902B0008A5
S32110181BAC942B0008982B0008000010408402104000211040202110404010104095
S32110181BC89C2B0008A02B0008A42B0008A82B0008F9000001800210401019F82171
S32110181BE421026F69AC2B0008C8021040B02B0008B42B0008C00210402E00320087
S32110181C00B82B00080000000000000000000000000000000070B583B032490C6868
S32110181C1C0D21FF316658314900960296086830400BD008200121FF31019008519B
S32110181C3808592C4902980D68284040D008E0300701D500F07FF8274930460D684E
S32110181C54284036D002998A0702239843D20F52001043CB03012212049043DA0F63
S32110181C70120410438B03012252049043DA0F520410434B03012292049043DA0F92
S32110181C8C920410430B030122D2049043DA0FD2041043CB02012212059043DA0F76
S32110181CA8120510438902012252059043CA0F52051043FEF7A3FF0120FF302550D1
S32110181CC4205803B070BD064A09231068074AFF331168C150C058704700B5FFF703
S32110181CE099FF00BD782B0008BC2B0008C42B0008C02B00080000000000000000E1
S32110181CFC00000000000000BF0000044A35211068014A4906815070474810000049
S32110181D18782B00080000044A6B211068014A09068150704748100000782B00089F
S32110181D340000044A1B211068014A89068150704748100000782B000830B582B0E7
S32110181D502D492E4B082201921C680123FF3308681A511A59052810D25322D2001F
S32110181D6CA3588200274D013008605351264A29210901106801221043009060500D
S32110181D880CE00020FFF7C9FE0020FFF7EEFE0922FF32A058082188431051105934
S32110181DA402B030BD10B582B0164A00201060164A14680922FF32A058082188434B
S32110181DC00090105110592020FFF77FFE0020FFF7A8FEFFF7BAFE0120FFF7CBFE82
S32110181DDC0120FFF7A0FE0922FF32A05808210843009010511059084A2921090140
S32110181DF81068019001221043605002B010BD0000E43A0008782B0008E83A0008F8
S32110181E14742C00080000000080000000000000000000000000000000000000005C
S32110181E300000000000000000000000000000000000000000000000000000000167
S32110181E4C43590053444B4456000000804445565F5345435F4B45595F54455354B4
S32110181E6800000000FFFFFFFFFFFFFFFFFFFFFFFF0000000000000000000000003C
S32110181E8401000000FFFFFFFFFCFFFFFFFFFFFFFFFFFFFFFF000000000000000026
S32110181EA00000000001000000FFFFFFFF4B60D2273E3CCE3BF6B053CCB0061D65D7
S32110181EBCBC86987655BDEBB3E7933AAAD835C65A0300000000000000FFFFFFFF52
S32110181ED8FEFFFFFFFEFFFFFFFEFFFFFFFFFFFFFF0000000001000000512563FCFD
S32110181EF4C2CAB9F3849E17A7ADFAE6BCFFFFFFFFFFFFFFFF00000000FFFFFFFF4F
S32110181F10FE9BDFEE85FD2F01216C1ADF52051943FFFFFFFFFEFFFFFFFFFFFFFF43
S32110181F2C000000000100000096C298D84539A1F4A033EB2D817D0377F240A463F3
S32110181F48E5E6BCF847422CE1F2D1176BF551BF376840B6CBCE5E316B5733CE2B45
S32110181F64169E0F7C4AEBE78E9B7F1AFEE242E34FFFFFFFFF0000000000000000C6
S32110181F80FFFFFFFFFEFFFFFFFFFFFFFFFFFFFFFFFFFFFFFFFFFFFFFFFFFFFFFF34
S32110181F9CFFFFFFFFFFFFFFFFFCFFFFFF0000000000000000FFFFFFFFFEFFFFFF13
S32110181FB8FFFFFFFFFFFFFFFFFFFFFFFFFFFFFFFFFFFFFFFFFFFFFFFFFFFFFFFFFB
S32110181FD4EF2AECD3EDC8852A9DD12E8A8D3956C65A8713508F081403124181FEBB
S32110181FF06E9C1D18192DF8E36B058E98E4E73EE2A72F31B301000000FFFFFFFF0F
S3211018200CFFFFFFFF0000000001000000000000000000000000000000000000008D
S32110182028000000000000000000000000010000007329C5CC6A19ECEC7AA7B048CC
S32110182044B20D1A58DF2D37F4814D63C7FFFFFFFFFFFFFFFFFFFFFFFFFFFFFFFF02
S32110182060FFFFFFFFFFFFFFFF8DD63A3395E6131385584FB74DF2E5A720D2C80B5A
S3211018207C7EB29C3800000000000000000000000000000000000000000000000016
S3211018209801000000B70A7672385E543A6C2955BF5DF20255382A5482E041F75938
S321101820B4989BA78B623B1D6E74AD20F31EC7B18E37058BBE22CA87AA5F0EEA9074
S321101820D07C1D437A9D817E1DCEB1600AC0B8F0B51331DAE97C149A28BD1DF4F892
S321101820EC29DC9292BF989E5D6F2C26964ADE173617000000000100006C260008B1
S321101821088C260008AC260008CC260008F0260008102700083427000854270008BC
S32110182124180000008001000074270008A4270008D42700080428000838280008C3
S32110182140682800089C280008CC2800080E0D090A08060C07A3785913CA4DEB75A8
S3211018215CABD841414D0A700098E879777940C78C73FE6F2BEE6C0352B0A00E4A8F
S32110182178271BEEC478E42FAD0618432FA7D7FB3D99004D2B0BDFC14F8024832B4E
S32110182194853B8CF5C693BC2F190E8CFBC62D93CFC2423D6498480B2765BAD4339C
S321101821B03A9DCF073E9140D70539109DB3BE40D1059F39FD098A8F683484C1A563
S321101821CC6712F898922FFD4468AA7A870512C9AB9EC4AACC23E8D9268C5943DD39
S321101821E8CB7D1B5AA8650C9F687B116F3097EE4CA8B025AF8A4B86E830845A0255
S321101822043267019F02501BC1F4F8809A1B4E167A65D2FCA4E81F61567DBAC1E5B8
S32110182220FD53D33BBDD64B211AF3318162DA5B558715B92A89D8D00D3F93AE141B
S3211018223C62DA351C222394584CDBF28C45E570D1C6B4B912AF26285A33BBA50853
S3211018225844BC12A202ED5EC7C348508D44ECBF5A0CEB1BDDEB06E246F1CC452910
S32110182274BAD647A4C382917FB729274BD11400D587A064B81CF13CE3F3551BEB87
S32110182290737E4A1585822A81F1DBBBBCFCD1BDD007080E272DA7BD1B0B671BB434
S321101822AC9AB63B6B69BEAA43BFA34E94D05C1A6BD2C09DB33A357074492E5428C1
S321101822C88252B2717E923C2869EA1B46B12132AA9A2C6FBAA723BA3B5321A06CD1
S321101822E43A2C19924F76EA9DE017532E5DDD6E1DA2B3B801C86D83F19AA43E05DE
S32110182300475F03B3F3AD7758BA419C52A7900F6A1CBB9F7AEDD3F55C1A63125847
S3211018231CD69CF7A2DEF9DE140000000000000000000000000000001059F1B22671
S32110182338949BD6EB56B183829A14E00030D1F3EEF2808E19E7FCDF56DCD90624DF
S321101823541B132C0AA3E59CEDA72963085D210621EBFFFFFFFFFFFFFFFFFFFFFF0A
S32110182370FFFFFFFF0F0000000000104000002C400000000000000000000000005C
S3211018238C0000000000000000000000000000000000000000000000000000000007
S321101823A80000000000000000000000000000000000000000000018000A003F008A
S321101823C402003F00090A0B0C0D0E0000090A0B0C0D0E000013000000EDFFFFFF07
S321101823E0FFFFFFFFFFFFFFFFFFFFFFFFFFFFFFFFFFFFFFFFFFFFFFFFFFFFFF7F4F
S321101823FC010453484500800000000000000000B0000000006A09E667BB67AE856D
S321101824183C6EF372A54FF53A510E527F9B05688C1F83D9AB5BE0CD196A09E6677D
S32110182434F3BCC908BB67AE8584CAA73B3C6EF372FE94F82BA54FF53A5F1D36F1CF
S32110182450510E527FADE682D19B05688C2B3E6C1F1F83D9ABFB41BD6B5BE0CD19F9
S3211018246C137E217906800000000000000000000000000000000000000047DEDE72
S3211018248800B5FEF7A5FA00BD00B500F0B9FB00BD704700B5FEF7A6FC00BD00B579
S321101824A4FFF7F4FF00BD00B5FFF7F4FF00BD00B5FEF79CFC00BD00B5FEF799FCAF
S321101824C000BD000032490878704732490878704730490870704730490878704759
S321101824DC2E490870704730B581B02D4A0124156800F092F80021002806D02B46D7
S321101824F8FF202246FFF7C4FF204641E0072000F080F8072000F06FF8002000F0B6
S3211018251484F80090810505D1204901430091002000F07FF8204600F078F80090FA
S32110182530810505D11A4901430091204600F073F8022000F06CF80090810505D1AA
S3211018254C144901430091022000F067F8032000F060F80090810505D10E490143B0
S321101825680091032000F05BF8074C03214904002000F047F800206070A0700120FE
S321101825842070002001B030BD00000000203A0008213A0008223A0008B8340008A2
S321101825A0FF03000022494001405870470000204A40018018816070471D4A400171
S321101825BC8018416070471B4940014018C06870470000184A40018018C1607047F6
S321101825D80000164B4901CB180121002A00D109048140196070471149400140181D
S321101825F40021C9430160704700000D4940014018C068704700000A4A400180185D
S3211018261081607047084908680005000F70470749800040587047054A800081509D
S3211018262C704700BF00002240001022400000204040112040F0B582B005460F4692
S321101826488949012201920E680020FFF7A7FF009000280DD4FF20000486430120E8
S32110182664C004064333463A46FF200021FFF70AFF019837E029460020FFF7A7FF0C
S321101826800120FFF725FF01210020FFF790FFFFF71CFF01280BD16324FFF717FF65
S3211018269C0546012802D0002820D004E0013CF5D101E0051E1AD00020FFF70CFFA0
S321101826B8012D14D1002211461046FFF78AFF00210846FFF775FFFF2000048643B2
S321101826D409200004064333463A46FF200021FFF7D1FE019802B0F0BDF0B581B07A
S321101826F00746604901250C68FFF7E4FE009000F07CFA0646FFF7E7FE0099012958
S3211018270C0CD0FF20000484432804044323460F22FF200021FFF7B2FE284642E03A
S32110182728391C0CD1FF200004844303200004044323460F22FF20FFF7A3FE28461F
S3211018274433E001280DD0FF200004844307200004044323460F22FF200021FFF706
S3211018276093FE284623E0022E0DD1FF200004844305204004044323460F22FF20CC
S3211018277C0021FFF783FE284613E0032E0DD1FF20000484430B2000040443234642
S321101827980F22FF200021FFF773FE284603E00F213846FFF749FF01B0F0BDF0B5DF
S321101827B4304A01241568FFF783FE074600F01BFA0646FFF786FE012F0CD0FF2005
S321101827D000048543200405432B461222FF200021FFF752FE204641E0022E0DD1C7
S321101827ECFF20000485430520400405432B461222FF200021FFF742FE204631E075
S321101828080146032E0DD1FF20000485430B20000405432B461222FF200021FFF7F3
S3211018282431FE204620E00020012905D107210904FFF7E9FE002017E02104FFF771
S32110182840E4FE0E481221FFF7FBFE041E09D13846FFF744FE072109040020FFF7F7
S3211018285CD6FE204604E000210846FFF7D0FE2046F0BD0000F4340008F83400086A
S32110182878FC3400080100002E000010B50446BC4815220368FF200021012C21D19B
S32110182894B94B03241C7001231B068124A4002343092424042343FFF7EDFDB149BA
S321101828B00868411C12D0B249FFF789FEAD4B002211461868FFF789FEAA4BFF2134
S321101828CC1868FFF773FEFFF7F2FD03E0FFF7D6FDFFF7EDFD10BD10B50446A7489F
S321101828E814220368FF200021012C21D1A14B02241C7001231B068124A400234314
S32110182904092424042343FFF7BDFD99490868411C12D09A49FFF759FE954B00225B
S3211018292011461868FFF759FE924BFF211868FFF743FEFFF7BEFD03E0FFF7A6FD68
S3211018293CFFF7B9FD10BD00B59049012802D18C49087005E00B681622FF20002131
S32110182958FFF796FD00BDF0B587B08A480026834D01680391416804918168059191
S32110182974C068019606900127F043286003AC3046FFF73BFE6A4600905388180654
S3211018299014D03A463146204614461C4007D007782960012601300131082905D394
S321101829AC06E0520001300131082901D2002EEDD002972E68002F05D13046FFF7B7
S321101829C8FCFD01908707BF0F6A4CFFF77AFD2178022901D003291CD16B48012337
S321101829E41B0603430920000403430A22FF200021FFF748FD2868411C00D1F6E094
S32110182A006449FFF7E4FD286800221146FFF7E5FD2868FF21FFF7D0FDE9E0029950
S32110182A1C012903D0002E1ED101281CD05B4801231B0603430920000403430A2274
S32110182A38FF200021FFF724FD2868411C00D1D2E05449FFF7C0FD28680022114634
S32110182A54FFF7C1FD2868FF21FFF7ACFDC5E00198002808D0022F06D0002F21D1CF
S32110182A7001200199800781421CD3494801231B0603430920000403430A22FF204E
S32110182A8C0021FFF7FBFC2868411C00D1A9E04249FFF797FD286800221146FFF797
S32110182AA898FD2868FF21FFF783FD9CE0002E4FD10220FFF709FD0220002F4CD0D4
S32110182AC401990F0E02280AD04CE0012807D0019928680022FFF7DFFC3249002821
S32110182AE068D1FFF7DEFC0020207027713107090F15225201114301225203114361
S32110182AFCE18000F049F92078FFF7D1FC2078012804D1301C6DD1FFF7DDFC6AE069
S32110182B182078002867D101231B068120800003430920000403430A22FF200021F0
S32110182B34FFF7A8FC2868411C57D01049FFF745FD286800221146FFF746FD286846
S32110182B50FF21FFF731FD4AE00020002FB2D1019A11680F0E0228BCD03F2FB2D81C
S32110182B6C0F48C05D02281DE06435000804350008243A0008040200F00835000801
S32110182B880C3500081035000803020000030200F005020000050200F0060200006D
S32110182BA4060200F002020000203500088DD113490C4601231B060B4309200004C2
S32110182BC003430A22FF200021FFF75EFC2868411C0DD00F2109072143FFF7F9FC70
S32110182BDC286800221146FFF7FAFC2868FF21FFF7E5FC07B0F0BD00B5FFF7B3FE73
S32110182BF800BD02490878704701020000243A00080449012008600220086001206A
S32110182C1448600320086070479080264000F4244009000000000200008AA29FB830
S32110182C30EA7BC50000000310008003100000041000800410000005100080051038
S32110182C4C000000000000000000000000000000000000000000000000000000003E
S32110182C680000000000000000000000000000000000000000000000000000000022
S32110182C8400000000000000002200001000110010000000000000000000000000B3
S32110182CA00000000000000000AC340008943400089C340008A43400080000060074
S32110182CBC00000300000000000000000000000000000000000000000000000000CB
S32110182CD800000000000000000000000000000000000000000000000000000201AF
S32110182CF40000000100000000000000000000010000000B0100000A010000090173
S32110182D10000000010101010101010101010101010000000000000000000000006C
S32110182D2C0002000000000000000000000000000000000200000000000000000257
S32110182D480200000000000002000000000000000000000000000000005CA231DB33
S32110182D64FFFFFFFF00201C4B9D4509DC194B9D4506DB204B1B6883F30888BFF30E
S32110182D806F8F0120104700BF1A4AEDE7184AEBE7164AE9E71248194A1168F0B45E
S32110182D9C44464D4656465F46F0B4144B6C460722D24314402022A41A1C600B4B76
S32110182DB801241C601C681C68094B01241C601C68F0BCA046A946B246BB46F0BC89
S32110182DD4704700BF00000008FF0700085359534300E200E080E200E08330000828
S32110182DF0E3300008433100082C3A0008283A0008DEDEDEDEDEDEDEDEDEDEDEDEC2
S32110182E0CDEDEDEDEDEDEDEDEDEDEDEDEDEDEDEDEDEDEDEDEDEDEDEDEDEDEDEDE34
S32110182E28DEDEDEDEDEDEDEDEDEDEDEDEDEDEDEDEDEDEDEDEDEDEDEDEDEDEDEDE18
S32110182E44DEDEDEDEDEDEDEDEDEDEDEDEDEDEDEDEDEDEDEDEDEDEDEDEDEDEDEDEFC
S32110182E60DEDEDEDEDEDEDEDEDEDEDEDEDEDEDEDEDEDEDEDEDEDEDEDEDEDEDEDEE0
S32110182E7CDEDEDEDEDEDEDEDEDEDEDEDEDEDEDEDEDEDEDEDEDEDEDEDEDEDEDEDEC4
S32110182E98DEDEDEDEDEDEDEDEDEDEDEDEDEDEDEDEDEDEDEDEDEDEDEDEDEDEDEDEA8
S32110182EB4DEDEDEDEDEDEDEDEDEDEDEDEDEDEDEDEDEDEDEDEDEDEDEDEDEDEDEDE8C
S32110182ED0DEDEDEDEDEDEDEDEDEDEDEDEDEDEDEDEDEDEDEDEDEDEDEDEDEDEDEDE70
S32110182EECDEDEDEDEDEDEDEDEDEDEDEDEDEDEDEDEDEDEDEDEDEDEDEDEDEDEDEDE54
S32110182F08DEDEDEDEDEDEDEDEDEDEDEDEDEDEDEDEDEDEDEDEDEDEDEDEDEDEDEDE37
S32110182F24DEDEDEDEDEDEDEDEDEDEDEDEDEDEDEDEDEDEDEDEDEDEDEDEDEDEDEDE1B
S32110182F40DEDEDEDEDEDEDEDEDEDEDEDEDEDEDEDEDEDEDEDEDEDEDEDEDEDEDEDEFF
S32110182F5CDEDEDEDEDEDEDEDEDEDEDEDEDEDEDEDEDEDEDEDEDEDEDEDEDEDEDEDEE3
S32110182F78DEDEDEDEDEDEDEDEDEDEDEDEDEDEDEDEDEDEDEDEDEDEDEDEDEDEDEDEC7
S32110182F94DEDEDEDEDEDEDEDEDEDEDEDEDEDEDEDEDEDEDEDEDEDEDEDEDEDEDEDEAB
S32110182FB0DEDEDEDEDEDEDEDEDEDEDEDEDEDEDEDEDEDEDEDEDEDEDEDEDEDEDEDE8F
S32110182FCCDEDEDEDEDEDEDEDEDEDEDEDEDEDEDEDEDEDEDEDEDEDEDEDEDEDEDEDE73
S32110182FE8DEDEDEDEDEDEDEDEDEDEDEDEDEDEDEDEDEDEDEDEDEDEDEDEDEDEDEDE57
S32110183004DEDEDEDEDEDEDEDEDEDEDEDEDEDEDEDEDEDEDEDEDEDEDEDEDEDEDEDE3A
S32110183020DEDEDEDEDEDEDEDEDEDEDEDEDEDEDEDEDEDEDEDEDEDEDEDEDEDEDEDE1E
S3211018303CDEDEDEDEDEDEDEDEDEDEDEDEDEDEDEDEDEDEDEDEDEDEDEDEDEDEDEDE02
S32110183058DEDEDEDEDEDEDEDEDEDEDEDEDEDEDEDEDEDEDEDEDEDEDEDEDEDEDEDEE6
S32110183074DEDEDEDEDEDEDEDEDEDEDEDEDEDEDEDEDEDEDEDEDEDEDEDEDEDEDEDECA
S32110183090DEDEDEDEDEDEDEDEDEDEDEDEDEDEDEDEDEDEDEDEDEDEDEDEDEDEDEDEAE
S321101830ACDEDEDEDEDEDEDEDEDEDEDEDEDEDEDEDEDEDEDEDEDEDEDEDEDEDEDEDE92
S321101830C8DEDEDEDEDEDEDEDEDEDEDEDEDEDEDEDEDEDEDEDEDEDEDEDEDEDEDEDE76
S321101830E4DEDEDEDEDEDEDEDEDEDEDEDEDEDEDEDEDEDEDEDEDEDEDEDEDEDEDEDE5A
S32110183100DEDEDEDEDEDEDEDEDEDEDEDEDEDEDEDEDEDEDEDEDEDEDEDEDEDEDEDE3D
S3211018311CDEDEDEDEDEDEDEDEDEDEDEDEDEDEDEDEDEDEDEDEDEDEDEDEDEDEDEDE21
S32110183138DEDEDEDEDEDEDEDEDEDEDEDEDEDEDEDEDEDEDEDEDEDEDEDEDEDEDEDE05
S32110183154DEDEDEDEDEDEDEDEDEDEDEDEDEDEDEDEDEDEDEDEDEDEDEDEDEDEDEDEE9
S32110183170DEDEDEDEDEDEDEDEDEDEDEDEDEDEDEDEDEDEDEDEDEDEDEDEDEDEDEDECD
S3211018318CDEDEDEDEDEDEDEDEDEDEDEDEDEDEDEDEDEDEDEDEDEDEDEDEDEDEDEDEB1
S321101831A8DEDEDEDEDEDEDEDEDEDEDEDEDEDEDEDEDEDEDEDEDEDEDEDEDEDEDEDE95
S321101831C4DEDEDEDEDEDEDEDEDEDEDEDEDEDEDEDEDEDEDEDEDEDEDEDEDEDEDEDE79
S321101831E0DEDEDEDEDEDEDEDEDEDEDEDEDEDEDEDEDEDEDEDEDEDEDEDEDEDEDEDE5D
S321101831FCDEDEDEDEDEDEDEDEDEDEDEDEDEDEDEDEDEDEDEDEDEDEDEDEDEDEDEDE41
S32110183218DEDEDEDEDEDEDEDEDEDEDEDEDEDEDEDEDEDEDEDEDEDEDEDE000000009C
S321101832340000000007250008102C00082040200008000000000000000000000050
S321101832501F250008302C0008408040001000000000000000000000003725000810
S3211018326C000000000088200001000000DEDEDEDEDEDEDEDEDEDEDEDEDEDEDEDE8F
S32110183288DEDEDEDEDEDEDEDEDEDEDEDEDEDEDEDEDEDEDEDEDEDEDEDEDEDEDEDEB4
S321101832A4DEDEDEDEDEDEDEDEDEDEDEDEDEDEDEDEDEDEDEDEDEDEDEDEDEDEDEDE98
S321101832C0DEDEDEDEDEDEDEDEDEDEDEDEDEDEDEDEDEDEDEDEDEDEDEDEDEDEDEDE7C
S321101832DCDEDEDEDEDEDEDEDEDEDEDEDEDEDEDEDEDEDEDEDEDEDEDEDEDEDEDEDE60
S321101832F8DEDEDEDEDEDEDEDEDEDEDEDEDEDEDEDEDEDEDEDEDEDEDEDEDEDEDEDE44
S32110183314DEDEDEDEDEDEDEDEDEDEDEDEDEDEDEDEDEDEDEDEDEDEDEDEDEDEDEDE27
S32110183330DEDEDEDEDEDEDEDEDEDEDEDEDEDEDEDEDEDEDEDEDEDEDEDEDEDEDEDE0B
S3211018334CDEDEDEDEDEDEDEDEDEDEDEDEDEDEDEDEDEDEDEDEDEDEDEDEDEDEDEDEEF
S32110183368DEDEDEDEDEDEDEDEDEDEDEDEDEDEDEDEDEDEDEDEDEDEDEDEDEDEDEDED3
S32110183384DEDEDEDEDEDEDEDEDEDEDEDEDEDEDEDEDEDEDEDEDEDEDEDEDEDEDEDEB7
S321101833A0DEDEDEDEDEDEDEDEDEDEDEDEDEDEDEDEDEDEDEDEDEDEDEDEDEDEDEDE9B
S321101833BCDEDEDEDEDEDEDEDEDEDEDEDEDEDEDEDEDEDEDEDEDEDEDEDEDEDEDEDE7F
S321101833D8DEDEDEDEDEDEDEDEDEDEDEDEDEDEDEDEDEDEDEDEDEDEDEDEDEDEDEDE63
S321101833F4DEDEDEDEDEDEDEDEDEDEDEDEDEDEDEDEDEDEDEDEDEDEDEDEDEDEDEDE47
S32110183410DEDEDEDEDEDEDEDEDEDEDEDEDEDEDEDEDEDEDEDEDEDEDEDEDEDEDEDE2A
S3211018342CDEDEDEDEDEDEDEDEDEDEDEDEDEDEDEDEDEDEDEDEDEDEDEDEDEDEDEDE0E
S32110183448DEDEDEDEDEDEDEDEDEDEDEDEDEDEDEDEDEDEDEDEDEDEDEDEDEDEDEDEF2
S32110183464DEDEDEDEDEDEDEDEDEDEDEDEDEDEDEDEDEDEDEDEDEDEDEDEDEDEDEDED6
S32110183480DEDEDEDEDEDEDEDEDEDEDEDEDEDEDEDEDEDEDEDEDEDEDEDEDEDEDEDEBA
S3211018349CDEDEDEDEDEDEDEDEDEDEDEDEDEDEDEDEDEDEDEDEDEDEDEDEDEDEDEDE9E
S321101834B8DEDEDEDEDEDEDEDEDEDEDEDEDEDEDEDEDEDEDEDEDEDEDEDEDEDEDEDE82
S321101834D4DEDEDEDEDEDEDEDEDEDEDEDEDEDEDEDEDEDEDEDEDEDEDEDEDEDEDEDE66
S321101834F0DEDEDEDEDEDEDEDEDEDEDEDEDEDEDEDEDEDEDEDEDEDEDEDEDEDEDEDE4A
S3211018350CDEDEDEDEDEDEDEDEDEDEDEDEDEDEDEDEDEDEDEDEDEDEDEDEDEDEDEDE2D
S32110183528DEDEDEDEDEDEDEDEDEDEDEDEDEDEDEDEDEDEDEDEDEDEDEDEDEDEDEDE11
S32110183544DEDEDEDEDEDEDEDEDEDEDEDEDEDEDEDEDEDEDEDEDEDEDEDEDEDEDEDEF5
S32110183560DEDEDEDEDEDEDEDEDEDEDEDEDEDEDEDEDEDEDEDEDEDEDEDEDEDEDEDED9
S3211018357CDEDEDEDEDEDEDEDEDEDEDEDEDEDEDEDEDEDEDEDEDEDEDEDEDEDEDEDEBD
S32110183598DEDEDEDEDEDEDEDEDEDEDEDEDEDEDEDEDEDEDEDEDEDEDEDEDEDEDEDEA1
S321101835B4DEDEDEDEDEDEDEDEDEDEDEDEDEDEDEDEDEDEDEDEDEDEDEDEDEDEDEDE85
S321101835D0DEDEDEDEDEDEDEDEDEDEDEDEDEDEDEDEDEDEDEDEDEDEDEDEDEDEDEDE69
S321101835ECDEDEDEDEDEDEDEDEDEDEDEDEDEDEDEDEDEDEDEDEDEDEDEDEDEDEDEDE4D
S32110183608DEDEDEDEDEDEDEDEDEDEDEDEDEDEDEDEDEDEDEDEDEDEDEDEDEDEDEDE30
S32110183624DEDEDEDEDEDEDEDEDEDEDEDEDEDEDEDEDEDEDEDEDEDEDEDEDEDEDEDE14
S32110183640DEDEDEDEDEDEDEDEDEDEDEDEDEDEDEDEDEDEDEDEDEDEDEDEDEDEDEDEF8
S3211018365CDEDEDEDEDEDEDEDEDEDEDEDEDEDEDEDEDEDEDEDEDEDEDEDEDEDEDEDEDC
S32110183678DEDEDEDEDEDEDEDEDEDEDEDEDEDEDEDEDEDEDEDEDEDEDEDEDEDEDEDEC0
S32110183694DEDEDEDEDEDEDEDEDEDEDEDEDEDEDEDEDEDEDEDEDEDEDEDEDEDEDEDEA4
S321101836B0DEDEDEDEDEDEDEDEDEDEDEDEDEDEDEDEDEDEDEDEDEDEDEDEDEDEDEDE88
S321101836CCDEDEDEDEDEDEDEDEDEDEDEDEDEDEDEDEDEDEDEDEDEDEDEDEDEDEDEDE6C
S321101836E8DEDEDEDEDEDEDEDEDEDEDEDEDEDEDEDEDEDEDEDEDEDEDEDEDEDEDEDE50
S32110183704DEDEDEDEDEDEDEDEDEDEDEDEDEDEDEDEDEDEDEDEDEDEDEDEDEDEDEDE33
S32110183720DEDEDEDEDEDEDEDEDEDEDEDEDEDEDEDEDEDEDEDEDEDEDEDEDEDEDEDE17
S3211018373CDEDEDEDEDEDEDEDEDEDEDEDEDEDEDEDEDEDEDEDEDEDEDEDEDEDEDEDEFB
S32110183758DEDEDEDEDEDEDEDEDEDEDEDEDEDEDEDEDEDEDEDEDEDEDEDEDEDEDEDEDF
S32110183774DEDEDEDEDEDEDEDEDEDEDEDEDEDEDEDEDEDEDEDEDEDEDEDEDEDEDEDEC3
S32110183790DEDEDEDEDEDEDEDEDEDEDEDEDEDEDEDEDEDEDEDEDEDEDEDEDEDEDEDEA7
S321101837ACDEDEDEDEDEDEDEDEDEDEDEDEDEDEDEDEDEDEDEDEDEDEDEDEDEDEDEDE8B
S321101837C8DEDEDEDEDEDEDEDEDEDEDEDEDEDEDEDEDEDEDEDEDEDEDEDEDEDEDEDE6F
S321101837E4DEDEDEDEDEDEDEDEDEDEDEDEDEDEDEDEDEDEDEDEDEDEDEDEDEDEDEDE53
S32110183800DEDEDEDEDEDEDEDEDEDEDEDEDEDEDEDEDEDEDEDEDEDEDEDEDEDEDEDE36
S3211018381CDEDEDEDEDEDEDEDEDEDEDEDEDEDEDEDEDEDEDEDEDEDEDEDEDEDEDEDE1A
S32110183838DEDEDEDEDEDEDEDEDEDEDEDEDEDEDEDEDEDEDEDEDEDEDEDEDEDEDEDEFE
S32110183854DEDEDEDEDEDEDEDEDEDEDEDEDEDEDEDEDEDEDEDEDEDEDEDEDEDEDEDEE2
S32110183870DEDEDEDEDEDEDEDEDEDEDEDEDEDEDEDEDEDEDEDEDEDEDEDEDEDEDEDEC6
S3211018388CDEDEDEDEDEDEDEDEDEDEDEDEDEDEDEDEDEDEDEDEDEDEDEDEDEDEDEDEAA
S321101838A8DEDEDEDEDEDEDEDEDEDEDEDEDEDEDEDEDEDEDEDEDEDEDEDEDEDEDEDE8E
S321101838C4DEDEDEDEDEDEDEDEDEDEDEDEDEDEDEDEDEDEDEDEDEDEDEDEDEDEDEDE72
S321101838E0DEDEDEDEDEDEDEDEDEDEDEDEDEDEDEDEDEDEDEDEDEDEDEDEDEDEDEDE56
S321101838FCDEDEDEDEDEDEDEDEDEDEDEDEDEDEDEDEDEDEDEDEDEDEDEDEDEDEDEDE3A
S32110183918DEDEDEDEDEDEDEDEDEDEDEDEDEDEDEDEDEDEDEDEDEDEDEDEDEDEDEDE1D
S32110183934DEDEDEDEDEDEDEDEDEDEDEDEDEDEDEDEDEDEDEDEDEDEDEDEDEDEDEDE01
S32110183950DEDEDEDEDEDEDEDEDEDEDEDEDEDEDEDEDEDEDEDEDEDEDEDEDEDEDEDEE5
S3211018396CDEDEDEDEDEDEDEDEDEDEDEDEDEDEDEDEDEDEDEDEDEDEDEDEDEDEDEDEC9
S32110183988DEDEDEDEDEDEDEDEDEDEDEDEDEDEDEDEDEDEDEDEDEDEDEDEDEDEDEDEAD
S321101839A4DEDEDEDEDEDEDEDEDEDEDEDEDEDEDEDEDEDEDEDEDEDEDEDEDEDEDEDE91
S321101839C0DEDEDEDEDEDEDEDEDEDEDEDEDEDEDEDEDEDEDEDEDEDEDEDEDEDEDEDE75
S321101839DCDEDEDEDEDEDEDEDEDEDEDEDEDEDEDEDEDEDEDEDEDEDEDEDEDEDEDEDE59
S321101839F8DEDEDEDEDEDEDEDEDEDEDEDEDEDEDEDEDEDEDEDEDEDEDEDEDEDEDEDE3D
S32110183A14DEDEDEDEDEDEDEDEDEDEDEDEDEDEDEDEDEDEDEDEDEDEDEDEDEDEDEDE20
S32110183A30DEDEDEDEDEDEDEDEDEDEDEDEDEDEDEDEDEDEDEDEDEDEDEDEDEDEDEDE04
S32110183A4CDEDEDEDEDEDEDEDEDEDEDEDEDEDEDEDEDEDEDEDEDEDEDEDEDEDEDEDEE8
S32110183A68DEDEDEDEDEDEDEDEDEDEDEDEDEDEDEDEDEDEDEDEDEDEDEDEDEDEDEDECC
S32110183A84DEDEDEDEDEDEDEDEDEDEDEDEDEDEDEDEDEDEDEDEDEDEDEDEDEDEDEDEB0
S32110183AA0DEDEDEDEDEDEDEDEDEDEDEDEDEDEDEDEDEDEDEDEDEDEDEDEDEDEDEDE94
S32110183ABCDEDEDEDEDEDEDEDEDEDEDEDEDEDEDEDEDEDEDEDEDEDEDEDEDEDEDEDE78
S32110183AD8DEDEDEDEDEDEDEDEDEDEDEDEDEDEDEDEDEDEDEDEDEDEDEDEDEDEDEDE5C
S32110183AF4DEDEDEDEDEDEDEDEDEDEDEDEDEDEDEDEDEDEDEDEDEDEDEDEDEDEDEDE40
S32110183B10DEDEDEDEDEDEDEDEDEDEDEDEDEDEDEDEDEDEDEDEDEDEDEDEDEDEDEDE23
S32110183B2CDEDEDEDEDEDEDEDEDEDEDEDEDEDEDEDEDEDEDEDEDEDEDEDEDEDEDEDE07
S32110183B48DEDEDEDEDEDEDEDEDEDEDEDEDEDEDEDEDEDEDEDEDEDEDEDEDEDEDEDEEB
S32110183B64DEDEDEDEDEDEDEDEDEDEDEDEDEDEDEDEDEDEDEDEDEDEDEDEDEDEDEDECF
S32110183B80DEDEDEDEDEDEDEDEDEDEDEDEDEDEDEDEDEDEDEDEDEDEDEDEDEDEDEDEB3
S32110183B9CDEDEDEDEDEDEDEDEDEDEDEDEDEDEDEDEDEDEDEDEDEDEDEDEDEDEDEDE97
S32110183BB8DEDEDEDEDEDEDEDEDEDEDEDEDEDEDEDEDEDEDEDEDEDEDEDEDEDEDEDE7B
S32110183BD4DEDEDEDEDEDEDEDEDEDEDEDEDEDEDEDEDEDEDEDEDEDEDEDEDEDEDEDE5F
S32110183BF0DEDEDEDEDEDEDEDEDEDEDEDEDEDEDEDEDEDEDEDEDEDEDEDEDEDEDEDE43
S32110183C0CDEDEDEDEDEDEDEDEDEDEDEDEDEDEDEDEDEDEDEDEDEDEDEDEDEDEDEDE26
S32110183C28DEDEDEDEDEDEDEDEDEDEDEDEDEDEDEDEDEDEDEDEDEDEDEDEDEDEDEDE0A
S32110183C44DEDEDEDEDEDEDEDEDEDEDEDEDEDEDEDEDEDEDEDEDEDEDEDEDEDEDEDEEE
S32110183C60DEDEDEDEDEDEDEDEDEDEDEDEDEDEDEDEDEDEDEDEDEDEDEDEDEDEDEDED2
S32110183C7CDEDEDEDEDEDEDEDEDEDEDEDEDEDEDEDEDEDEDEDEDEDEDEDEDEDEDEDEB6
S32110183C98DEDEDEDEDEDEDEDEDEDEDEDEDEDEDEDEDEDEDEDEDEDEDEDEDEDEDEDE9A
S32110183CB4DEDEDEDEDEDEDEDEDEDEDEDEDEDEDEDEDEDEDEDEDEDEDEDEDEDEDEDE7E
S32110183CD0DEDEDEDEDEDEDEDEDEDEDEDEDEDEDEDEDEDEDEDEDEDEDEDEDEDEDEDE62
S32110183CECDEDEDEDEDEDEDEDEDEDEDEDEDEDEDEDEDEDEDEDEDEDEDEDEDEDEDEDE46
S32110183D08DEDEDEDEDEDEDEDEDEDEDEDEDEDEDEDEDEDEDEDEDEDEDEDEDEDEDEDE29
S32110183D24DEDEDEDEDEDEDEDEDEDEDEDEDEDEDEDEDEDEDEDEDEDEDEDEDEDEDEDE0D
S32110183D40DEDEDEDEDEDEDEDEDEDEDEDEDEDEDEDEDEDEDEDEDEDEDEDEDEDEDEDEF1
S32110183D5CDEDEDEDEDEDEDEDEDEDEDEDEDEDEDEDEDEDEDEDEDEDEDEDEDEDEDEDED5
S32110183D78DEDEDEDEDEDEDEDEDEDEDEDEDEDEDEDEDEDEDEDEDEDEDEDEDEDEDEDEB9
S32110183D94DEDEDEDEDEDEDEDEDEDEDEDEDEDEDEDEDEDEDEDEDEDEDEDEDEDEDEDE9D
S32110183DB0DEDEDEDEDEDEDEDEDEDEDEDEDEDEDEDEDEDEDEDEDEDEDEDEDEDEDEDE81
S32110183DCCDEDEDEDEDEDEDEDEDEDEDEDEDEDEDEDEDEDEDEDEDEDEDEDEDEDEDEDE65
S32110183DE8DEDEDEDEDEDEDEDEDEDEDEDEDEDEDEDEDEDEDEDEDEDEDEDEDEDEDEDE49
S32110183E04DEDEDEDEDEDEDEDEDEDEDEDEDEDEDEDEDEDEDEDEDEDEDEDEDEDEDEDE2C
S32110183E20DEDEDEDEDEDEDEDEDEDEDEDEDEDEDEDEDEDEDEDEDEDEDEDEDEDEDEDE10
S32110183E3CDEDEDEDEDEDEDEDEDEDEDEDEDEDEDEDEDEDEDEDEDEDEDEDEDEDEDEDEF4
S32110183E58DEDEDEDEDEDEDEDEDEDEDEDEDEDEDEDEDEDEDEDEDEDEDEDEDEDEDEDED8
S32110183E74DEDEDEDEDEDEDEDEDEDEDEDEDEDEDEDEDEDEDEDEDEDEDEDEDEDEDEDEBC
S32110183E90DEDEDEDEDEDEDEDEDEDEDEDEDEDEDEDEDEDEDEDEDEDEDEDEDEDEDEDEA0
S32110183EACDEDEDEDEDEDEDEDEDEDEDEDEDEDEDEDEDEDEDEDEDEDEDEDEDEDEDEDE84
S32110183EC8DEDEDEDEDEDEDEDEDEDEDEDEDEDEDEDEDEDEDEDEDEDEDEDEDEDEDEDE68
S32110183EE4DEDEDEDEDEDEDEDEDEDEDEDEDEDEDEDEDEDEDEDEDEDEDEDEDEDEDEDE4C
S32110183F00DEDEDEDEDEDEDEDEDEDEDEDEDEDEDEDEDEDEDEDEDEDEDEDEDEDEDEDE2F
S32110183F1CDEDEDEDEDEDEDEDEDEDEDEDEDEDEDEDEDEDEDEDEDEDEDEDEDEDEDEDE13
S32110183F38DEDEDEDEDEDEDEDEDEDEDEDEDEDEDEDEDEDEDEDEDEDEDEDEDEDEDEDEF7
S32110183F54DEDEDEDEDEDEDEDEDEDEDEDEDEDEDEDEDEDEDEDEDEDEDEDEDEDEDEDEDB
S32110183F70DEDEDEDEDEDEDEDEDEDEDEDEDEDEDEDEDEDEDEDEDEDEDEDEDEDEDEDEBF
S32110183F8CDEDEDEDEDEDEDEDEDEDEDEDEDEDEDEDEDEDEDEDEDEDEDEDEDEDEDEDEA3
S32110183FA8DEDEDEDEDEDEDEDEDEDEDEDEDEDEDEDEDEDEDEDEDEDEDEDEDEDEDEDE87
S32110183FC4DEDEDEDEDEDEDEDEDEDEDEDEDEDEDEDEDEDEDEDEDEDEDEDEDEDEDEDE6B
S32110183FE0DEDEDEDEDEDEDEDEDEDEDEDEDEDEDEDEDEDEDEDEDEDEDEDEDEDEDEDE4F
S32110183FFCDEDEDEDEDEDEDEDEDEDEDEDEDEDEDEDEDEDEDEDEDEDEDEDEDEDEDEDE33
S32110184018DEDEDEDEDEDEDEDEDEDEDEDEDEDEDEDEDEDEDEDEDEDEDEDEDEDEDEDE16
S32110184034DEDEDEDEDEDEDEDEDEDEDEDEDEDEDEDEDEDEDEDEDEDEDEDEDEDEDEDEFA
S32110184050DEDEDEDEDEDEDEDEDEDEDEDEDEDEDEDEDEDEDEDEDEDEDEDEDEDEDEDEDE
S3211018406CDEDEDEDEDEDEDEDEDEDEDEDEDEDEDEDEDEDEDEDEDEDEDEDEDEDEDEDEC2
S32110184088DEDEDEDEDEDEDEDEDEDEDEDEDEDEDEDEDEDEDEDEDEDEDEDEDEDEDEDEA6
S321101840A4DEDEDEDEDEDEDEDEDEDEDEDEDEDEDEDEDEDEDEDEDEDEDEDEDEDEDEDE8A
S321101840C0DEDEDEDEDEDEDEDEDEDEDEDEDEDEDEDEDEDEDEDEDEDEDEDEDEDEDEDE6E
S321101840DCDEDEDEDEDEDEDEDEDEDEDEDEDEDEDEDEDEDEDEDEDEDEDEDEDEDEDEDE52
S321101840F8DEDEDEDEDEDEDEDEDEDEDEDEDEDEDEDEDEDEDEDEDEDEDEDEDEDEDEDE36
S32110184114DEDEDEDEDEDEDEDEDEDEDEDEDEDEDEDEDEDEDEDEDEDEDEDEDEDEDEDE19
S32110184130DEDEDEDEDEDEDEDEDEDEDEDEDEDEDEDEDEDEDEDEDEDEDEDEDEDEDEDEFD
S3211018414CDEDEDEDEDEDEDEDEDEDEDEDEDEDEDEDEDEDEDEDEDEDEDEDEDEDEDEDEE1
S32110184168DEDEDEDEDEDEDEDEDEDEDEDEDEDEDEDEDEDEDEDEDEDEDEDEDEDEDEDEC5
S32110184184DEDEDEDEDEDEDEDEDEDEDEDEDEDEDEDEDEDEDEDEDEDEDEDEDEDEDEDEA9
S321101841A0DEDEDEDEDEDEDEDEDEDEDEDEDEDEDEDEDEDEDEDEDEDEDEDEDEDEDEDE8D
S321101841BCDEDEDEDEDEDEDEDEDEDEDEDEDEDEDEDEDEDEDEDEDEDEDEDEDEDEDEDE71
S321101841D8DEDEDEDEDEDEDEDEDEDEDEDEDEDEDEDEDEDEDEDEDEDEDEDEDEDEDEDE55
S321101841F4DEDEDEDEDEDEDEDEDEDEDEDEDEDEDEDEDEDEDEDEDEDEDEDEDEDEDEDE39
S32110184210DEDEDEDEDEDEDEDEDEDEDEDEDEDEDEDEDEDEDEDEDEDEDEDEDEDEDEDE1C
S3211018422CDEDEDEDEDEDEDEDEDEDEDEDEDEDEDEDEDEDEDEDEDEDEDEDEDEDEDEDE00
S32110184248DEDEDEDEDEDEDEDEDEDEDEDEDEDEDEDEDEDEDEDEDEDEDEDEDEDEDEDEE4
S32110184264DEDEDEDEDEDEDEDEDEDEDEDEDEDEDEDEDEDEDEDEDEDEDEDEDEDEDEDEC8
S32110184280DEDEDEDEDEDEDEDEDEDEDEDEDEDEDEDEDEDEDEDEDEDEDEDEDEDEDEDEAC
S3211018429CDEDEDEDEDEDEDEDEDEDEDEDEDEDEDEDEDEDEDEDEDEDEDEDEDEDEDEDE90
S321101842B8DEDEDEDEDEDEDEDEDEDEDEDEDEDEDEDEDEDEDEDEDEDEDEDEDEDEDEDE74
S321101842D4DEDEDEDEDEDEDEDEDEDEDEDEDEDEDEDEDEDEDEDEDEDEDEDEDEDEDEDE58
S321101842F0DEDEDEDEDEDEDEDEDEDEDEDEDEDEDEDEDEDEDEDEDEDEDEDEDEDEDEDE3C
S3211018430CDEDEDEDEDEDEDEDEDEDEDEDEDEDEDEDEDEDEDEDEDEDEDEDEDEDEDEDE1F
S32110184328DEDEDEDEDEDEDEDEDEDEDEDEDEDEDEDEDEDEDEDEDEDEDEDEDEDEDEDE03
S32110184344DEDEDEDEDEDEDEDEDEDEDEDEDEDEDEDEDEDEDEDEDEDEDEDEDEDEDEDEE7
S32110184360DEDEDEDEDEDEDEDEDEDEDEDEDEDEDEDEDEDEDEDEDEDEDEDEDEDEDEDECB
S3211018437CDEDEDEDEDEDEDEDEDEDEDEDEDEDEDEDEDEDEDEDEDEDEDEDEDEDEDEDEAF
S32110184398DEDEDEDEDEDEDEDEDEDEDEDEDEDEDEDEDEDEDEDEDEDEDEDEDEDEDEDE93
S321101843B4DEDEDEDEDEDEDEDEDEDEDEDEDEDEDEDEDEDEDEDEDEDEDEDEDEDEDEDE77
S321101843D0DEDEDEDEDEDEDEDEDEDEDEDEDEDEDEDEDEDEDEDEDEDEDEDEDEDEDEDE5B
S321101843ECDEDEDEDEDEDEDEDEDEDEDEDEDEDEDEDEDEDEDEDEDEDEDEDEDEDEDEDE3F
S32110184408DEDEDEDEDEDEDEDEDEDEDEDEDEDEDEDEDEDEDEDEDEDEDEDEDEDEDEDE22
S32110184424DEDEDEDEDEDEDEDEDEDEDEDEDEDEDEDEDEDEDEDEDEDEDEDEDEDEDEDE06
S32110184440DEDEDEDEDEDEDEDEDEDEDEDEDEDEDEDEDEDEDEDEDEDEDEDEDEDEDEDEEA
S3211018445CDEDEDEDEDEDEDEDEDEDEDEDEDEDEDEDEDEDEDEDEDEDEDEDEDEDEDEDECE
S32110184478DEDEDEDEDEDEDEDEDEDEDEDEDEDEDEDEDEDEDEDEDEDEDEDEDEDEDEDEB2
S32110184494DEDEDEDEDEDEDEDEDEDEDEDEDEDEDEDEDEDEDEDEDEDEDEDEDEDEDEDE96
S321101844B0DEDEDEDEDEDEDEDEDEDEDEDEDEDEDEDEDEDEDEDEDEDEDEDEDEDEDEDE7A
S321101844CCDEDEDEDEDEDEDEDEDEDEDEDEDEDEDEDEDEDEDEDEDEDEDEDEDEDEDEDE5E
S321101844E8DEDEDEDEDEDEDEDEDEDEDEDEDEDEDEDEDEDEDEDEDEDEDEDEDEDEDEDE42
S32110184504DEDEDEDEDEDEDEDEDEDEDEDEDEDEDEDEDEDEDEDEDEDEDEDEDEDEDEDE25
S32110184520DEDEDEDEDEDEDEDEDEDEDEDEDEDEDEDEDEDEDEDEDEDEDEDEDEDEDEDE09
S3211018453CDEDEDEDEDEDEDEDEDEDEDEDEDEDEDEDEDEDEDEDEDEDEDEDEDEDEDEDEED
S32110184558DEDEDEDEDEDEDEDEDEDEDEDEDEDEDEDEDEDEDEDEDEDEDEDEDEDEDEDED1
S32110184574DEDEDEDEDEDEDEDEDEDEDEDEDEDEDEDEDEDEDEDEDEDEDEDEDEDEDEDEB5
S32110184590DEDEDEDEDEDEDEDEDEDEDEDEDEDEDEDEDEDEDEDEDEDEDEDEDEDEDEDE99
S321101845ACDEDEDEDEDEDEDEDEDEDEDEDEDEDEDEDEDEDEDEDEDEDEDEDEDEDEDEDE7D
S321101845C8DEDEDEDEDEDEDEDEDEDEDEDEDEDEDEDEDEDEDEDEDEDEDEDEDEDEDEDE61
S321101845E4DEDEDEDEDEDEDEDEDEDEDEDEDEDEDEDEDEDEDEDEDEDEDEDEDEDEDEDE45
S32110184600DEDEDEDEDEDEDEDEDEDEDEDEDEDEDEDEDEDEDEDEDEDEDEDEDEDEDEDE28
S3211018461CDEDEDEDEDEDEDEDEDEDEDEDEDEDEDEDEDEDEDEDEDEDEDEDEDEDEDEDE0C
S32110184638DEDEDEDEDEDEDEDEDEDEDEDEDEDEDEDEDEDEDEDEDEDEDEDEDEDEDEDEF0
S32110184654DEDEDEDEDEDEDEDEDEDEDEDEDEDEDEDEDEDEDEDEDEDEDEDEDEDEDEDED4
S32110184670DEDEDEDEDEDEDEDEDEDEDEDEDEDEDEDEDEDEDEDEDEDEDEDEDEDEDEDEB8
S3211018468CDEDEDEDEDEDEDEDEDEDEDEDEDEDEDEDEDEDEDEDEDEDEDEDEDEDEDEDE9C
S321101846A8DEDEDEDEDEDEDEDEDEDEDEDEDEDEDEDEDEDEDEDEDEDEDEDEDEDEDEDE80
S321101846C4DEDEDEDEDEDEDEDEDEDEDEDEDEDEDEDEDEDEDEDEDEDEDEDEDEDEDEDE64
S321101846E0DEDEDEDEDEDEDEDEDEDEDEDEDEDEDEDEDEDEDEDEDEDEDEDEDEDEDEDE48
S321101846FCDEDEDEDEDEDEDEDEDEDEDEDEDEDEDEDEDEDEDEDEDEDEDEDEDEDEDEDE2C
S32110184718DEDEDEDEDEDEDEDEDEDEDEDEDEDEDEDEDEDEDEDEDEDEDEDEDEDEDEDE0F
S32110184734DEDEDEDEDEDEDEDEDEDEDEDEDEDEDEDEDEDEDEDEDEDEDEDEDEDEDEDEF3
S32110184750DEDEDEDEDEDEDEDEDEDEDEDEDEDEDEDEDEDEDEDEDEDEDEDEDEDEDEDED7
S3211018476CDEDEDEDEDEDEDEDEDEDEDEDEDEDEDEDEDEDEDEDEDEDEDEDEDEDEDEDEBB
S32110184788DEDEDEDEDEDEDEDEDEDEDEDEDEDEDEDEDEDEDEDEDEDEDEDEDEDEDEDE9F
S321101847A4DEDEDEDEDEDEDEDEDEDEDEDEDEDEDEDEDEDEDEDEDEDEDEDEDEDEDEDE83
S321101847C0DEDEDEDEDEDEDEDEDEDEDEDEDEDEDEDEDEDEDEDEDEDEDEDEDEDEDEDE67
S321101847DCDEDEDEDEDEDEDEDEDEDEDEDEDEDEDEDEDEDEDEDEDEDEDEDEDEDEDEDE4B
S321101847F8DEDEDEDEDEDEDEDEDEDEDEDEDEDEDEDEDEDEDEDEDEDEDEDEDEDEDEDE2F
S32110184814DEDEDEDEDEDEDEDEDEDEDEDEDEDEDEDEDEDEDEDEDEDEDEDEDEDEDEDE12
S32110184830DEDEDEDEDEDEDEDEDEDEDEDEDEDEDEDEDEDEDEDEDEDEDEDEDEDEDEDEF6
S3211018484CDEDEDEDEDEDEDEDEDEDEDEDEDEDEDEDEDEDEDEDEDEDEDEDEDEDEDEDEDA
S32110184868DEDEDEDEDEDEDEDEDEDEDEDEDEDEDEDEDEDEDEDEDEDEDEDEDEDEDEDEBE
S32110184884DEDEDEDEDEDEDEDEDEDEDEDEDEDEDEDEDEDEDEDEDEDEDEDEDEDEDEDEA2
S321101848A0DEDEDEDEDEDEDEDEDEDEDEDEDEDEDEDEDEDEDEDEDEDEDEDEDEDEDEDE86
S321101848BCDEDEDEDEDEDEDEDEDEDEDEDEDEDEDEDEDEDEDEDEDEDEDEDEDEDEDEDE6A
S321101848D8DEDEDEDEDEDEDEDEDEDEDEDEDEDEDEDEDEDEDEDEDEDEDEDEDEDEDEDE4E
S321101848F4DEDEDEDEDEDEDEDEDEDEDEDEDEDEDEDEDEDEDEDEDEDEDEDEDEDEDEDE32
S32110184910DEDEDEDEDEDEDEDEDEDEDEDEDEDEDEDEDEDEDEDEDEDEDEDEDEDEDEDE15
S3211018492CDEDEDEDEDEDEDEDEDEDEDEDEDEDEDEDEDEDEDEDEDEDEDEDEDEDEDEDEF9
S32110184948DEDEDEDEDEDEDEDEDEDEDEDEDEDEDEDEDEDEDEDEDEDEDEDEDEDEDEDEDD
S32110184964DEDEDEDEDEDEDEDEDEDEDEDEDEDEDEDEDEDEDEDEDEDEDEDEDEDEDEDEC1
S32110184980DEDEDEDEDEDEDEDEDEDEDEDEDEDEDEDEDEDEDEDEDEDEDEDEDEDEDEDEA5
S3211018499CDEDEDEDEDEDEDEDEDEDEDEDEDEDEDEDEDEDEDEDEDEDEDEDEDEDEDEDE89
S321101849B8DEDEDEDEDEDEDEDEDEDEDEDEDEDEDEDEDEDEDEDEDEDEDEDEDEDEDEDE6D
S321101849D4DEDEDEDEDEDEDEDEDEDEDEDEDEDEDEDEDEDEDEDEDEDEDEDEDEDEDEDE51
S321101849F0DEDEDEDEDEDEDEDEDEDEDEDEDEDEDEDEDEDEDEDEDEDEDEDEDEDEDEDE35
S32110184A0CDEDEDEDEDEDEDEDEDEDEDEDEDEDEDEDEDEDEDEDEDEDEDEDEDEDEDEDE18
S32110184A28DEDEDEDEDEDEDEDEDEDEDEDEDEDEDEDEDEDEDEDEDEDEDEDEDEDEDEDEFC
S32110184A44DEDEDEDEDEDEDEDEDEDEDEDEDEDEDEDEDEDEDEDEDEDEDEDEDEDEDEDEE0
S32110184A60DEDEDEDEDEDEDEDEDEDEDEDEDEDEDEDEDEDEDEDEDEDEDEDEDEDEDEDEC4
S32110184A7CDEDEDEDEDEDEDEDEDEDEDEDEDEDEDEDEDEDEDEDEDEDEDEDEDEDEDEDEA8
S32110184A98DEDEDEDEDEDEDEDEDEDEDEDEDEDEDEDEDEDEDEDEDEDEDEDEDEDEDEDE8C
S32110184AB4DEDEDEDEDEDEDEDEDEDEDEDEDEDEDEDEDEDEDEDEDEDEDEDEDEDEDEDE70
S32110184AD0DEDEDEDEDEDEDEDEDEDEDEDEDEDEDEDEDEDEDEDEDEDEDEDEDEDEDEDE54
S32110184AECDEDEDEDEDEDEDEDEDEDEDEDEDEDEDEDEDEDEDEDEDEDEDEDEDEDEDEDE38
S32110184B08DEDEDEDEDEDEDEDEDEDEDEDEDEDEDEDEDEDEDEDEDEDEDEDEDEDEDEDE1B
S32110184B24DEDEDEDEDEDEDEDEDEDEDEDEDEDEDEDEDEDEDEDEDEDEDEDEDEDEDEDEFF
S32110184B40DEDEDEDEDEDEDEDEDEDEDEDEDEDEDEDEDEDEDEDEDEDEDEDEDEDEDEDEE3
S32110184B5CDEDEDEDEDEDEDEDEDEDEDEDEDEDEDEDEDEDEDEDEDEDEDEDEDEDEDEDEC7
S32110184B78DEDEDEDEDEDEDEDEDEDEDEDEDEDEDEDEDEDEDEDEDEDEDEDEDEDEDEDEAB
S32110184B94DEDEDEDEDEDEDEDEDEDEDEDEDEDEDEDEDEDEDEDEDEDEDEDEDEDEDEDE8F
S32110184BB0DEDEDEDEDEDEDEDEDEDEDEDEDEDEDEDEDEDEDEDEDEDEDEDEDEDEDEDE73
S32110184BCCDEDEDEDEDEDEDEDEDEDEDEDEDEDEDEDEDEDEDEDEDEDEDEDEDEDEDEDE57
S32110184BE8DEDEDEDEDEDEDEDEDEDEDEDEDEDEDEDEDEDEDEDEDEDEDEDEDEDEDEDE3B
S32110184C04DEDEDEDEDEDEDEDEDEDEDEDEDEDEDEDEDEDEDEDEDEDEDEDEDEDEDEDE1E
S32110184C20DEDEDEDEDEDEDEDEDEDEDEDEDEDEDEDEDEDEDEDEDEDEDEDEDEDEDEDE02
S32110184C3CDEDEDEDEDEDEDEDEDEDEDEDEDEDEDEDEDEDEDEDEDEDEDEDEDEDEDEDEE6
S32110184C58DEDEDEDEDEDEDEDEDEDEDEDEDEDEDEDEDEDEDEDEDEDEDEDEDEDEDEDECA
S32110184C74DEDEDEDEDEDEDEDEDEDEDEDEDEDEDEDEDEDEDEDEDEDEDEDEDEDEDEDEAE
S32110184C90DEDEDEDEDEDEDEDEDEDEDEDEDEDEDEDEDEDEDEDEDEDEDEDEDEDEDEDE92
S32110184CACDEDEDEDEDEDEDEDEDEDEDEDEDEDEDEDEDEDEDEDEDEDEDEDEDEDEDEDE76
S32110184CC8DEDEDEDEDEDEDEDEDEDEDEDEDEDEDEDEDEDEDEDEDEDEDEDEDEDEDEDE5A
S32110184CE4DEDEDEDEDEDEDEDEDEDEDEDEDEDEDEDEDEDEDEDEDEDEDEDEDEDEDEDE3E
S32110184D00DEDEDEDEDEDEDEDEDEDEDEDEDEDEDEDEDEDEDEDEDEDEDEDEDEDEDEDE21
S32110184D1CDEDEDEDEDEDEDEDEDEDEDEDEDEDEDEDEDEDEDEDEDEDEDEDEDEDEDEDE05
S32110184D38DEDEDEDEDEDEDEDEDEDEDEDEDEDEDEDEDEDEDEDEDEDEDEDEDEDEDEDEE9
S32110184D54DEDEDEDEDEDEDEDEDEDEDEDEDEDEDEDEDEDEDEDEDEDEDEDEDEDEDEDECD
S32110184D70DEDEDEDEDEDEDEDEDEDEDEDEDEDEDEDEDEDEDEDEDEDEDEDEDEDEDEDEB1
S32110184D8CDEDEDEDEDEDEDEDEDEDEDEDEDEDEDEDEDEDEDEDEDEDEDEDEDEDEDEDE95
S32110184DA8DEDEDEDEDEDEDEDEDEDEDEDEDEDEDEDEDEDEDEDEDEDEDEDEDEDEDEDE79
S32110184DC4DEDEDEDEDEDEDEDEDEDEDEDEDEDEDEDEDEDEDEDEDEDEDEDEDEDEDEDE5D
S32110184DE0DEDEDEDEDEDEDEDEDEDEDEDEDEDEDEDEDEDEDEDEDEDEDEDEDEDEDEDE41
S32110184DFCDEDEDEDEDEDEDEDEDEDEDEDEDEDEDEDEDEDEDEDEDEDEDEDEDEDEDEDE25
S32110184E18DEDEDEDEDEDEDEDEDEDEDEDEDEDEDEDEDEDEDEDEDEDEDEDEDEDEDEDE08
S32110184E34DEDEDEDEDEDEDEDEDEDEDEDEDEDEDEDEDEDEDEDEDEDEDEDEDEDEDEDEEC
S32110184E50DEDEDEDEDEDEDEDEDEDEDEDEDEDEDEDEDEDEDEDEDEDEDEDEDEDEDEDED0
S32110184E6CDEDEDEDEDEDEDEDEDEDEDEDEDEDEDEDEDEDEDEDEDEDEDEDEDEDEDEDEB4
S32110184E88DEDEDEDEDEDEDEDEDEDEDEDEDEDEDEDEDEDEDEDEDEDEDEDEDEDEDEDE98
S32110184EA4DEDEDEDEDEDEDEDEDEDEDEDEDEDEDEDEDEDEDEDEDEDEDEDEDEDEDEDE7C
S32110184EC0DEDEDEDEDEDEDEDEDEDEDEDEDEDEDEDEDEDEDEDEDEDEDEDEDEDEDEDE60
S32110184EDCDEDEDEDEDEDEDEDEDEDEDEDEDEDEDEDEDEDEDEDEDEDEDEDEDEDEDEDE44
S32110184EF8DEDEDEDEDEDEDEDEDEDEDEDEDEDEDEDEDEDEDEDEDEDEDEDEDEDEDEDE28
S32110184F14DEDEDEDEDEDEDEDEDEDEDEDEDEDEDEDEDEDEDEDEDEDEDEDEDEDEDEDE0B
S32110184F30DEDEDEDEDEDEDEDEDEDEDEDEDEDEDEDEDEDEDEDEDEDEDEDEDEDEDEDEEF
S32110184F4CDEDEDEDEDEDEDEDEDEDEDEDEDEDEDEDEDEDEDEDEDEDEDEDEDEDEDEDED3
S32110184F68DEDEDEDEDEDEDEDEDEDEDEDEDEDEDEDEDEDEDEDEDEDEDEDEDEDEDEDEB7
S32110184F84DEDEDEDEDEDEDEDEDEDEDEDEDEDEDEDEDEDEDEDEDEDEDEDEDEDEDEDE9B
S32110184FA0DEDEDEDEDEDEDEDEDEDEDEDEDEDEDEDEDEDEDEDEDEDEDEDEDEDEDEDE7F
S32110184FBCDEDEDEDEDEDEDEDEDEDEDEDEDEDEDEDEDEDEDEDEDEDEDEDEDEDEDEDE63
S32110184FD8DEDEDEDEDEDEDEDEDEDEDEDEDEDEDEDEDEDEDEDEDEDEDEDEDEDEDEDE47
S32110184FF4DEDEDEDEDEDEDEDEDEDEDEDEDEDEDEDEDEDEDEDEDEDEDEDEDEDEDEDE2B
S32110185010DEDEDEDEDEDEDEDEDEDEDEDEDEDEDEDEDEDEDEDEDEDEDEDEDEDEDEDE0E
S3211018502CDEDEDEDEDEDEDEDEDEDEDEDEDEDEDEDEDEDEDEDEDEDEDEDEDEDEDEDEF2
S32110185048DEDEDEDEDEDEDEDEDEDEDEDEDEDEDEDEDEDEDEDEDEDEDEDEDEDEDEDED6
S32110185064DEDEDEDEDEDEDEDEDEDEDEDEDEDEDEDEDEDEDEDEDEDEDEDEDEDEDEDEBA
S32110185080DEDEDEDEDEDEDEDEDEDEDEDEDEDEDEDEDEDEDEDEDEDEDEDEDEDEDEDE9E
S3211018509CDEDEDEDEDEDEDEDEDEDEDEDEDEDEDEDEDEDEDEDEDEDEDEDEDEDEDEDE82
S321101850B8DEDEDEDEDEDEDEDEDEDEDEDEDEDEDEDEDEDEDEDEDEDEDEDEDEDEDEDE66
S321101850D4DEDEDEDEDEDEDEDEDEDEDEDEDEDEDEDEDEDEDEDEDEDEDEDEDEDEDEDE4A
S321101850F0DEDEDEDEDEDEDEDEDEDEDEDEDEDEDEDEDEDEDEDEDEDEDEDEDEDEDEDE2E
S3211018510CDEDEDEDEDEDEDEDEDEDEDEDEDEDEDEDEDEDEDEDEDEDEDEDEDEDEDEDE11
S32110185128DEDEDEDEDEDEDEDEDEDEDEDEDEDEDEDEDEDEDEDEDEDEDEDEDEDEDEDEF5
S32110185144DEDEDEDEDEDEDEDEDEDEDEDEDEDEDEDEDEDEDEDEDEDEDEDEDEDEDEDED9
S32110185160DEDEDEDEDEDEDEDEDEDEDEDEDEDEDEDEDEDEDEDEDEDEDEDEDEDEDEDEBD
S3211018517CDEDEDEDEDEDEDEDEDEDEDEDEDEDEDEDEDEDEDEDEDEDEDEDEDEDEDEDEA1
S32110185198DEDEDEDEDEDEDEDEDEDEDEDEDEDEDEDEDEDEDEDEDEDEDEDEDEDEDEDE85
S321101851B4DEDEDEDEDEDEDEDEDEDEDEDEDEDEDEDEDEDEDEDEDEDEDEDEDEDEDEDE69
S321101851D0DEDEDEDEDEDEDEDEDEDEDEDEDEDEDEDEDEDEDEDEDEDEDEDEDEDEDEDE4D
S321101851ECDEDEDEDEDEDEDEDEDEDEDEDEDEDEDEDEDEDEDEDEDEDEDEDEDEDEDEDE31
S32110185208DEDEDEDEDEDEDEDEDEDEDEDEDEDEDEDEDEDEDEDEDEDEDEDEDEDEDEDE14
S32110185224DEDEDEDEDEDEDEDEDEDEDEDEDEDEDEDEDEDEDEDEDEDEDEDEDEDEDEDEF8
S32110185240DEDEDEDEDEDEDEDEDEDEDEDEDEDEDEDEDEDEDEDEDEDEDEDEDEDEDEDEDC
S3211018525CDEDEDEDEDEDEDEDEDEDEDEDEDEDEDEDEDEDEDEDEDEDEDEDEDEDEDEDEC0
S32110185278DEDEDEDEDEDEDEDEDEDEDEDEDEDEDEDEDEDEDEDEDEDEDEDEDEDEDEDEA4
S32110185294DEDEDEDEDEDEDEDEDEDEDEDEDEDEDEDEDEDEDEDEDEDEDEDEDEDEDEDE88
S321101852B0DEDEDEDEDEDEDEDEDEDEDEDEDEDEDEDEDEDEDEDEDEDEDEDEDEDEDEDE6C
S321101852CCDEDEDEDEDEDEDEDEDEDEDEDEDEDEDEDEDEDEDEDEDEDEDEDEDEDEDEDE50
S321101852E8DEDEDEDEDEDEDEDEDEDEDEDEDEDEDEDEDEDEDEDEDEDEDEDEDEDEDEDE34
S32110185304DEDEDEDEDEDEDEDEDEDEDEDEDEDEDEDEDEDEDEDEDEDEDEDEDEDEDEDE17
S32110185320DEDEDEDEDEDEDEDEDEDEDEDEDEDEDEDEDEDEDEDEDEDEDEDEDEDEDEDEFB
S3211018533CDEDEDEDEDEDEDEDEDEDEDEDEDEDEDEDEDEDEDEDEDEDEDEDEDEDEDEDEDF
S32110185358DEDEDEDEDEDEDEDEDEDEDEDEDEDEDEDEDEDEDEDEDEDEDEDEDEDEDEDEC3
S32110185374DEDEDEDEDEDEDEDEDEDEDEDEDEDEDEDEDEDEDEDEDEDEDEDEDEDEDEDEA7
S32110185390DEDEDEDEDEDEDEDEDEDEDEDEDEDEDEDEDEDEDEDEDEDEDEDEDEDEDEDE8B
S321101853ACDEDEDEDEDEDEDEDEDEDEDEDEDEDEDEDEDEDEDEDEDEDEDEDEDEDEDEDE6F
S321101853C8DEDEDEDEDEDEDEDEDEDEDEDEDEDEDEDEDEDEDEDEDEDEDEDEDEDEDEDE53
S321101853E4DEDEDEDEDEDEDEDEDEDEDEDEDEDEDEDEDEDEDEDEDEDEDEDEDEDEDEDE37
S32110185400DEDEDEDEDEDEDEDEDEDEDEDEDEDEDEDEDEDEDEDEDEDEDEDEDEDEDEDE1A
S3211018541CDEDEDEDEDEDEDEDEDEDEDEDEDEDEDEDEDEDEDEDEDEDEDEDEDEDEDEDEFE
S32110185438DEDEDEDEDEDEDEDEDEDEDEDEDEDEDEDEDEDEDEDEDEDEDEDEDEDEDEDEE2
S32110185454DEDEDEDEDEDEDEDEDEDEDEDEDEDEDEDEDEDEDEDEDEDEDEDEDEDEDEDEC6
S32110185470DEDEDEDEDEDEDEDEDEDEDEDEDEDEDEDEDEDEDEDEDEDEDEDEDEDEDEDEAA
S3211018548CDEDEDEDEDEDEDEDEDEDEDEDEDEDEDEDEDEDEDEDEDEDEDEDEDEDEDEDE8E
S321101854A8DEDEDEDEDEDEDEDEDEDEDEDEDEDEDEDEDEDEDEDEDEDEDEDEDEDEDEDE72
S321101854C4DEDEDEDEDEDEDEDEDEDEDEDEDEDEDEDEDEDEDEDEDEDEDEDEDEDEDEDE56
S321101854E0DEDEDEDEDEDEDEDEDEDEDEDEDEDEDEDEDEDEDEDEDEDEDEDEDEDEDEDE3A
S321101854FCDEDEDEDEDEDEDEDEDEDEDEDEDEDEDEDEDEDEDEDEDEDEDEDEDEDEDEDE1E
S32110185518DEDEDEDEDEDEDEDEDEDEDEDEDEDEDEDEDEDEDEDEDEDEDEDEDEDEDEDE01
S32110185534DEDEDEDEDEDEDEDEDEDEDEDEDEDEDEDEDEDEDEDEDEDEDEDEDEDEDEDEE5
S32110185550DEDEDEDEDEDEDEDEDEDEDEDEDEDEDEDEDEDEDEDEDEDEDEDEDEDEDEDEC9
S3211018556CDEDEDEDEDEDEDEDEDEDEDEDEDEDEDEDEDEDEDEDEDEDEDEDEDEDEDEDEAD
S32110185588DEDEDEDEDEDEDEDEDEDEDEDEDEDEDEDEDEDEDEDEDEDEDEDEDEDEDEDE91
S321101855A4DEDEDEDEDEDEDEDEDEDEDEDEDEDEDEDEDEDEDEDEDEDEDEDEDEDEDEDE75
S321101855C0DEDEDEDEDEDEDEDEDEDEDEDEDEDEDEDEDEDEDEDEDEDEDEDEDEDEDEDE59
S321101855DCDEDEDEDEDEDEDEDEDEDEDEDEDEDEDEDEDEDEDEDEDEDEDEDEDEDEDEDE3D
S321101855F8DEDEDEDEDEDEDEDEDEDEDEDEDEDEDEDEDEDEDEDEDEDEDEDEDEDEDEDE21
S32110185614DEDEDEDEDEDEDEDEDEDEDEDEDEDEDEDEDEDEDEDEDEDEDEDEDEDEDEDE04
S32110185630DEDEDEDEDEDEDEDEDEDEDEDEDEDEDEDEDEDEDEDEDEDEDEDEDEDEDEDEE8
S3211018564CDEDEDEDEDEDEDEDEDEDEDEDEDEDEDEDEDEDEDEDEDEDEDEDEDEDEDEDECC
S32110185668DEDEDEDEDEDEDEDEDEDEDEDEDEDEDEDEDEDEDEDEDEDEDEDEDEDEDEDEB0
S32110185684DEDEDEDEDEDEDEDEDEDEDEDEDEDEDEDEDEDEDEDEDEDEDEDEDEDEDEDE94
S321101856A0DEDEDEDEDEDEDEDEDEDEDEDEDEDEDEDEDEDEDEDEDEDEDEDEDEDEDEDE78
S321101856BCDEDEDEDEDEDEDEDEDEDEDEDEDEDEDEDEDEDEDEDEDEDEDEDEDEDEDEDE5C
S321101856D8DEDEDEDEDEDEDEDEDEDEDEDEDEDEDEDEDEDEDEDEDEDEDEDEDEDEDEDE40
S321101856F4DEDEDEDEDEDEDEDEDEDEDEDEDEDEDEDEDEDEDEDEDEDEDEDEDEDEDEDE24
S32110185710DEDEDEDEDEDEDEDEDEDEDEDEDEDEDEDEDEDEDEDEDEDEDEDEDEDEDEDE07
S3211018572CDEDEDEDEDEDEDEDEDEDEDEDEDEDEDEDEDEDEDEDEDEDEDEDEDEDEDEDEEB
S32110185748DEDEDEDEDEDEDEDEDEDEDEDEDEDEDEDEDEDEDEDEDEDEDEDEDEDEDEDECF
S32110185764DEDEDEDEDEDEDEDEDEDEDEDEDEDEDEDEDEDEDEDEDEDEDEDEDEDEDEDEB3
S32110185780DEDEDEDEDEDEDEDEDEDEDEDEDEDEDEDEDEDEDEDEDEDEDEDEDEDEDEDE97
S3211018579CDEDEDEDEDEDEDEDEDEDEDEDEDEDEDEDEDEDEDEDEDEDEDEDEDEDEDEDE7B
S321101857B8DEDEDEDEDEDEDEDEDEDEDEDEDEDEDEDEDEDEDEDEDEDEDEDEDEDEDEDE5F
S321101857D4DEDEDEDEDEDEDEDEDEDEDEDEDEDEDEDEDEDEDEDEDEDEDEDEDEDEDEDE43
S321101857F0DEDEDEDEDEDEDEDEDEDEDEDEDEDEDEDEDEDEDEDEDEDEDEDEDEDEDEDE27
S3211018580CDEDEDEDEDEDEDEDEDEDEDEDEDEDEDEDEDEDEDEDEDEDEDEDEDEDEDEDE0A
S32110185828DEDEDEDEDEDEDEDEDEDEDEDEDEDEDEDEDEDEDEDEDEDEDEDEDEDEDEDEEE
S32110185844DEDEDEDEDEDEDEDEDEDEDEDEDEDEDEDEDEDEDEDEDEDEDEDEDEDEDEDED2
S32110185860DEDEDEDEDEDEDEDEDEDEDEDEDEDEDEDEDEDEDEDEDEDEDEDEDEDEDEDEB6
S3211018587CDEDEDEDEDEDEDEDEDEDEDEDEDEDEDEDEDEDEDEDEDEDEDEDEDEDEDEDE9A
S32110185898DEDEDEDEDEDEDEDEDEDEDEDEDEDEDEDEDEDEDEDEDEDEDEDEDEDEDEDE7E
S321101858B4DEDEDEDEDEDEDEDEDEDEDEDEDEDEDEDEDEDEDEDEDEDEDEDEDEDEDEDE62
S321101858D0DEDEDEDEDEDEDEDEDEDEDEDEDEDEDEDEDEDEDEDEDEDEDEDEDEDEDEDE46
S321101858ECDEDEDEDEDEDEDEDEDEDEDEDEDEDEDEDEDEDEDEDEDEDEDEDEDEDEDEDE2A
S32110185908DEDEDEDEDEDEDEDEDEDEDEDEDEDEDEDEDEDEDEDEDEDEDEDEDEDEDEDE0D
S32110185924DEDEDEDEDEDEDEDEDEDEDEDEDEDEDEDEDEDEDEDEDEDEDEDEDEDEDEDEF1
S32110185940DEDEDEDEDEDEDEDEDEDEDEDEDEDEDEDEDEDEDEDEDEDEDEDEDEDEDEDED5
S3211018595CDEDEDEDEDEDEDEDEDEDEDEDEDEDEDEDEDEDEDEDEDEDEDEDEDEDEDEDEB9
S32110185978DEDEDEDEDEDEDEDEDEDEDEDEDEDEDEDEDEDEDEDEDEDEDEDEDEDEDEDE9D
S32110185994DEDEDEDEDEDEDEDEDEDEDEDEDEDEDEDEDEDEDEDEDEDEDEDEDEDEDEDE81
S321101859B0DEDEDEDEDEDEDEDEDEDEDEDEDEDEDEDEDEDEDEDEDEDEDEDEDEDEDEDE65
S321101859CCDEDEDEDEDEDEDEDEDEDEDEDEDEDEDEDEDEDEDEDEDEDEDEDEDEDEDEDE49
S321101859E8DEDEDEDEDEDEDEDEDEDEDEDEDEDEDEDEDEDEDEDEDEDEDEDEDEDEDEDE2D
S32110185A04DEDEDEDEDEDEDEDEDEDEDEDEDEDEDEDEDEDEDEDEDEDEDEDEDEDEDEDE10
S32110185A20DEDEDEDEDEDEDEDEDEDEDEDEDEDEDEDEDEDEDEDEDEDEDEDEDEDEDEDEF4
S32110185A3CDEDEDEDEDEDEDEDEDEDEDEDEDEDEDEDEDEDEDEDEDEDEDEDEDEDEDEDED8
S32110185A58DEDEDEDEDEDEDEDEDEDEDEDEDEDEDEDEDEDEDEDEDEDEDEDEDEDEDEDEBC
S32110185A74DEDEDEDEDEDEDEDEDEDEDEDEDEDEDEDEDEDEDEDEDEDEDEDEDEDEDEDEA0
S32110185A90DEDEDEDEDEDEDEDEDEDEDEDEDEDEDEDEDEDEDEDEDEDEDEDEDEDEDEDE84
S32110185AACDEDEDEDEDEDEDEDEDEDEDEDEDEDEDEDEDEDEDEDEDEDEDEDEDEDEDEDE68
S32110185AC8DEDEDEDEDEDEDEDEDEDEDEDEDEDEDEDEDEDEDEDEDEDEDEDEDEDEDEDE4C
S32110185AE4DEDEDEDEDEDEDEDEDEDEDEDEDEDEDEDEDEDEDEDEDEDEDEDEDEDEDEDE30
S32110185B00DEDEDEDEDEDEDEDEDEDEDEDEDEDEDEDEDEDEDEDEDEDEDEDEDEDEDEDE13
S32110185B1CDEDEDEDEDEDEDEDEDEDEDEDEDEDEDEDEDEDEDEDEDEDEDEDEDEDEDEDEF7
S32110185B38DEDEDEDEDEDEDEDEDEDEDEDEDEDEDEDEDEDEDEDEDEDEDEDEDEDEDEDEDB
S32110185B54DEDEDEDEDEDEDEDEDEDEDEDEDEDEDEDEDEDEDEDEDEDEDEDEDEDEDEDEBF
S32110185B70DEDEDEDEDEDEDEDEDEDEDEDEDEDEDEDEDEDEDEDEDEDEDEDEDEDEDEDEA3
S32110185B8CDEDEDEDEDEDEDEDEDEDEDEDEDEDEDEDEDEDEDEDEDEDEDEDEDEDEDEDE87
S32110185BA8DEDEDEDEDEDEDEDEDEDEDEDEDEDEDEDEDEDEDEDEDEDEDEDEDEDEDEDE6B
S32110185BC4DEDEDEDEDEDEDEDEDEDEDEDEDEDEDEDEDEDEDEDEDEDEDEDEDEDEDEDE4F
S32110185BE0DEDEDEDEDEDEDEDEDEDEDEDEDEDEDEDEDEDEDEDEDEDEDEDEDEDEDEDE33
S32110185BFCDEDEDEDEDEDEDEDEDEDEDEDEDEDEDEDEDEDEDEDEDEDEDEDEDEDEDEDE17
S32110185C18DEDEDEDEDEDEDEDEDEDEDEDEDEDEDEDEDEDEDEDEDEDEDEDEDEDEDEDEFA
S32110185C34DEDEDEDEDEDEDEDEDEDEDEDEDEDEDEDEDEDEDEDEDEDEDEDEDEDEDEDEDE
S32110185C50DEDEDEDEDEDEDEDEDEDEDEDEDEDEDEDEDEDEDEDEDEDEDEDEDEDEDEDEC2
S32110185C6CDEDEDEDEDEDEDEDEDEDEDEDEDEDEDEDEDEDEDEDEDEDEDEDEDEDEDEDEA6
S32110185C88DEDEDEDEDEDEDEDEDEDEDEDEDEDEDEDEDEDEDEDEDEDEDEDEDEDEDEDE8A
S32110185CA4DEDEDEDEDEDEDEDEDEDEDEDEDEDEDEDEDEDEDEDEDEDEDEDEDEDEDEDE6E
S32110185CC0DEDEDEDEDEDEDEDEDEDEDEDEDEDEDEDEDEDEDEDEDEDEDEDEDEDEDEDE52
S32110185CDCDEDEDEDEDEDEDEDEDEDEDEDEDEDEDEDEDEDEDEDEDEDEDEDEDEDEDEDE36
S32110185CF8DEDEDEDEDEDEDEDEDEDEDEDEDEDEDEDEDEDEDEDEDEDEDEDEDEDEDEDE1A
S32110185D14DEDEDEDEDEDEDEDEDEDEDEDEDEDEDEDEDEDEDEDEDEDEDEDEDEDEDEDEFD
S32110185D30DEDEDEDEDEDEDEDEDEDEDEDEDEDEDEDEDEDEDEDEDEDEDEDEDEDEDEDEE1
S32110185D4CDEDEDEDEDEDEDEDEDEDEDEDEDEDEDEDEDEDEDEDEDEDEDEDEDEDEDEDEC5
S32110185D68DEDEDEDEDEDEDEDEDEDEDEDEDEDEDEDEDEDEDEDEDEDEDEDEDEDEDEDEA9
S32110185D84DEDEDEDEDEDEDEDEDEDEDEDEDEDEDEDEDEDEDEDEDEDEDEDEDEDEDEDE8D
S32110185DA0DEDEDEDEDEDEDEDEDEDEDEDEDEDEDEDEDEDEDEDEDEDEDEDEDEDEDEDE71
S32110185DBCDEDEDEDEDEDEDEDEDEDEDEDEDEDEDEDEDEDEDEDEDEDEDEDEDEDEDEDE55
S32110185DD8DEDEDEDEDEDEDEDEDEDEDEDEDEDEDEDEDEDEDEDEDEDEDEDEDEDEDEDE39
S32110185DF4DEDEDEDEDEDEDEDEDEDEDEDEDEDEDEDEDEDEDEDEDEDEDEDEDEDEDEDE1D
S32110185E10DEDEDEDEDEDEDEDEDEDEDEDEDEDEDEDEDEDEDEDEDEDEDEDEDEDEDEDE00
S32110185E2CDEDEDEDEDEDEDEDEDEDEDEDEDEDEDEDEDEDEDEDEDEDEDEDEDEDEDEDEE4
S32110185E48DEDEDEDEDEDEDEDEDEDEDEDEDEDEDEDEDEDEDEDEDEDEDEDEDEDEDEDEC8
S32110185E64DEDEDEDEDEDEDEDEDEDEDEDEDEDEDEDEDEDEDEDEDEDEDEDEDEDEDEDEAC
S32110185E80DEDEDEDEDEDEDEDEDEDEDEDEDEDEDEDEDEDEDEDEDEDEDEDEDEDEDEDE90
S32110185E9CDEDEDEDEDEDEDEDEDEDEDEDEDEDEDEDEDEDEDEDEDEDEDEDEDEDEDEDE74
S32110185EB8DEDEDEDEDEDEDEDEDEDEDEDEDEDEDEDEDEDEDEDEDEDEDEDEDEDEDEDE58
S32110185ED4DEDEDEDEDEDEDEDEDEDEDEDEDEDEDEDEDEDEDEDEDEDEDEDEDEDEDEDE3C
S32110185EF0DEDEDEDEDEDEDEDEDEDEDEDEDEDEDEDEDEDEDEDEDEDEDEDEDEDEDEDE20
S32110185F0CDEDEDEDEDEDEDEDEDEDEDEDEDEDEDEDEDEDEDEDEDEDEDEDEDEDEDEDE03
S32110185F28DEDEDEDEDEDEDEDEDEDEDEDEDEDEDEDEDEDEDEDEDEDEDEDEDEDEDEDEE7
S32110185F44DEDEDEDEDEDEDEDEDEDEDEDEDEDEDEDEDEDEDEDEDEDEDEDEDEDEDEDECB
S32110185F60DEDEDEDEDEDEDEDEDEDEDEDEDEDEDEDEDEDEDEDEDEDEDEDEDEDEDEDEAF
S32110185F7CDEDEDEDEDEDEDEDEDEDEDEDEDEDEDEDEDEDEDEDEDEDEDEDEDEDEDEDE93
S32110185F98DEDEDEDEDEDEDEDEDEDEDEDEDEDEDEDEDEDEDEDEDEDEDEDEDEDEDEDE77
S32110185FB4DEDEDEDEDEDEDEDEDEDEDEDEDEDEDEDEDEDEDEDEDEDEDEDEDEDEDEDE5B
S32110185FD0DEDEDEDEDEDEDEDEDEDEDEDEDEDEDEDEDEDEDEDEDEDEDEDEDEDEDEDE3F
S32110185FECDEDEDEDEDEDEDEDEDEDEDEDEDEDEDEDEDEDEDEDEDEDEDEDEDEDEDEDE23
S32110186008DEDEDEDEDEDEDEDEDEDEDEDEDEDEDEDEDEDEDEDEDEDEDEDEDEDEDEDE06
S32110186024DEDEDEDEDEDEDEDEDEDEDEDEDEDEDEDEDEDEDEDEDEDEDEDEDEDEDEDEEA
S32110186040DEDEDEDEDEDEDEDEDEDEDEDEDEDEDEDEDEDEDEDEDEDEDEDEDEDEDEDECE
S3211018605CDEDEDEDEDEDEDEDEDEDEDEDEDEDEDEDEDEDEDEDEDEDEDEDEDEDEDEDEB2
S32110186078DEDEDEDEDEDEDEDEDEDEDEDEDEDEDEDEDEDEDEDEDEDEDEDEDEDEDEDE96
S32110186094DEDEDEDEDEDEDEDEDEDEDEDEDEDEDEDEDEDEDEDEDEDEDEDEDEDEDEDE7A
S321101860B0DEDEDEDEDEDEDEDEDEDEDEDEDEDEDEDEDEDEDEDEDEDEDEDEDEDEDEDE5E
S321101860CCDEDEDEDEDEDEDEDEDEDEDEDEDEDEDEDEDEDEDEDEDEDEDEDEDEDEDEDE42
S321101860E8DEDEDEDEDEDEDEDEDEDEDEDEDEDEDEDEDEDEDEDEDEDEDEDEDEDEDEDE26
S32110186104DEDEDEDEDEDEDEDEDEDEDEDEDEDEDEDEDEDEDEDEDEDEDEDEDEDEDEDE09
S32110186120DEDEDEDEDEDEDEDEDEDEDEDEDEDEDEDEDEDEDEDEDEDEDEDEDEDEDEDEED
S3211018613CDEDEDEDEDEDEDEDEDEDEDEDEDEDEDEDEDEDEDEDEDEDEDEDEDEDEDEDED1
S32110186158DEDEDEDEDEDEDEDEDEDEDEDEDEDEDEDEDEDEDEDEDEDEDEDEDEDEDEDEB5
S32110186174DEDEDEDEDEDEDEDEDEDEDEDEDEDEDEDEDEDEDEDEDEDEDEDEDEDEDEDE99
S32110186190DEDEDEDEDEDEDEDEDEDEDEDEDEDEDEDEDEDEDEDEDEDEDEDEDEDEDEDE7D
S321101861ACDEDEDEDEDEDEDEDEDEDEDEDEDEDEDEDEDEDEDEDEDEDEDEDEDEDEDEDE61
S321101861C8DEDEDEDEDEDEDEDEDEDEDEDEDEDEDEDEDEDEDEDEDEDEDEDEDEDEDEDE45
S321101861E4DEDEDEDEDEDEDEDEDEDEDEDEDEDEDEDEDEDEDEDEDEDEDEDEDEDEDEDE29
S32110186200DEDEDEDEDEDEDEDEDEDEDEDEDEDEDEDEDEDEDEDEDEDEDEDEDEDEDEDE0C
S3211018621CDEDEDEDEDEDEDEDEDEDEDEDEDEDEDEDEDEDEDEDEDEDEDEDEDEDEDEDEF0
S32110186238DEDEDEDEDEDEDEDEDEDEDEDEDEDEDEDEDEDEDEDEDEDEDEDEDEDEDEDED4
S32110186254DEDEDEDEDEDEDEDEDEDEDEDEDEDEDEDEDEDEDEDEDEDEDEDEDEDEDEDEB8
S32110186270DEDEDEDEDEDEDEDEDEDEDEDEDEDEDEDEDEDEDEDEDEDEDEDEDEDEDEDE9C
S3211018628CDEDEDEDEDEDEDEDEDEDEDEDEDEDEDEDEDEDEDEDEDEDEDEDEDEDEDEDE80
S321101862A8DEDEDEDEDEDEDEDEDEDEDEDEDEDEDEDEDEDEDEDEDEDEDEDEDEDEDEDE64
S321101862C4DEDEDEDEDEDEDEDEDEDEDEDEDEDEDEDEDEDEDEDEDEDEDEDEDEDEDEDE48
S321101862E0DEDEDEDEDEDEDEDEDEDEDEDEDEDEDEDEDEDEDEDEDEDEDEDEDEDEDEDE2C
S321101862FCDEDEDEDEDEDEDEDEDEDEDEDEDEDEDEDEDEDEDEDEDEDEDEDEDEDEDEDE10
S32110186318DEDEDEDEDEDEDEDEDEDEDEDEDEDEDEDEDEDEDEDEDEDEDEDEDEDEDEDEF3
S32110186334DEDEDEDEDEDEDEDEDEDEDEDEDEDEDEDEDEDEDEDEDEDEDEDEDEDEDEDED7
S32110186350DEDEDEDEDEDEDEDEDEDEDEDEDEDEDEDEDEDEDEDEDEDEDEDEDEDEDEDEBB
S3211018636CDEDEDEDEDEDEDEDEDEDEDEDEDEDEDEDEDEDEDEDEDEDEDEDEDEDEDEDE9F
S32110186388DEDEDEDEDEDEDEDEDEDEDEDEDEDEDEDEDEDEDEDEDEDEDEDEDEDEDEDE83
S321101863A4DEDEDEDEDEDEDEDEDEDEDEDEDEDEDEDEDEDEDEDEDEDEDEDEDEDEDEDE67
S321101863C0DEDEDEDEDEDEDEDEDEDEDEDEDEDEDEDEDEDEDEDEDEDEDEDEDEDEDEDE4B
S321101863DCDEDEDEDEDEDEDEDEDEDEDEDEDEDEDEDEDEDEDEDEDEDEDEDEDEDEDEDE2F
S321101863F8DEDEDEDEDEDEDEDEDEDEDEDEDEDEDEDEDEDEDEDEDEDEDEDEDEDEDEDE13
S32110186414DEDEDEDEDEDEDEDEDEDEDEDEDEDEDEDEDEDEDEDEDEDEDEDEDEDEDEDEF6
S32110186430DEDEDEDEDEDEDEDEDEDEDEDEDEDEDEDEDEDEDEDEDEDEDEDEDEDEDEDEDA
S3211018644CDEDEDEDEDEDEDEDEDEDEDEDEDEDEDEDEDEDEDEDEDEDEDEDEDEDEDEDEBE
S32110186468DEDEDEDEDEDEDEDEDEDEDEDEDEDEDEDEDEDEDEDEDEDEDEDEDEDEDEDEA2
S32110186484DEDEDEDEDEDEDEDEDEDEDEDEDEDEDEDEDEDEDEDEDEDEDEDEDEDEDEDE86
S321101864A0DEDEDEDEDEDEDEDEDEDEDEDEDEDEDEDEDEDEDEDEDEDEDEDEDEDEDEDE6A
S321101864BCDEDEDEDEDEDEDEDEDEDEDEDEDEDEDEDEDEDEDEDEDEDEDEDEDEDEDEDE4E
S321101864D8DEDEDEDEDEDEDEDEDEDEDEDEDEDEDEDEDEDEDEDEDEDEDEDEDEDEDEDE32
S321101864F4DEDEDEDEDEDEDEDEDEDEDEDEDEDEDEDEDEDEDEDEDEDEDEDEDEDEDEDE16
S32110186510DEDEDEDEDEDEDEDEDEDEDEDEDEDEDEDEDEDEDEDEDEDEDEDEDEDEDEDEF9
S3211018652CDEDEDEDEDEDEDEDEDEDEDEDEDEDEDEDEDEDEDEDEDEDEDEDEDEDEDEDEDD
S32110186548DEDEDEDEDEDEDEDEDEDEDEDEDEDEDEDEDEDEDEDEDEDEDEDEDEDEDEDEC1
S32110186564DEDEDEDEDEDEDEDEDEDEDEDEDEDEDEDEDEDEDEDEDEDEDEDEDEDEDEDEA5
S32110186580DEDEDEDEDEDEDEDEDEDEDEDEDEDEDEDEDEDEDEDEDEDEDEDEDEDEDEDE89
S3211018659CDEDEDEDEDEDEDEDEDEDEDEDEDEDEDEDEDEDEDEDEDEDEDEDEDEDEDEDE6D
S321101865B8DEDEDEDEDEDEDEDEDEDEDEDEDEDEDEDEDEDEDEDEDEDEDEDEDEDEDEDE51
S321101865D4DEDEDEDEDEDEDEDEDEDEDEDEDEDEDEDEDEDEDEDEDEDEDEDEDEDEDEDE35
S321101865F0DEDEDEDEDEDEDEDEDEDEDEDEDEDEDEDEDEDEDEDEDEDEDEDEDEDEDEDE19
S3211018660CDEDEDEDEDEDEDEDEDEDEDEDEDEDEDEDEDEDEDEDEDEDEDEDEDEDEDEDEFC
S32110186628DEDEDEDEDEDEDEDEDEDEDEDEDEDEDEDEDEDEDEDEDEDEDEDEDEDEDEDEE0
S32110186644DEDEDEDEDEDEDEDEDEDEDEDEDEDEDEDEDEDEDEDEDEDEDEDEDEDEDEDEC4
S32110186660DEDEDEDEDEDEDEDEDEDEDEDEDEDEDEDEDEDEDEDEDEDEDEDEDEDEDEDEA8
S3211018667CDEDEDEDEDEDEDEDEDEDEDEDEDEDEDEDEDEDEDEDEDEDEDEDEDEDEDEDE8C
S32110186698DEDEDEDEDEDEDEDEDEDEDEDEDEDEDEDEDEDEDEDEDEDEDEDEDEDEDEDE70
S321101866B4DEDEDEDEDEDEDEDEDEDEDEDEDEDEDEDEDEDEDEDEDEDEDEDEDEDEDEDE54
S321101866D0DEDEDEDEDEDEDEDEDEDEDEDEDEDEDEDEDEDEDEDEDEDEDEDEDEDEDEDE38
S321101866ECDEDEDEDEDEDEDEDEDEDEDEDEDEDEDEDEDEDEDEDEDEDEDEDEDEDEDEDE1C
S32110186708DEDEDEDEDEDEDEDEDEDEDEDEDEDEDEDEDEDEDEDEDEDEDEDEDEDEDEDEFF
S32110186724DEDEDEDEDEDEDEDEDEDEDEDEDEDEDEDEDEDEDEDEDEDEDEDEDEDEDEDEE3
S32110186740DEDEDEDEDEDEDEDEDEDEDEDEDEDEDEDEDEDEDEDEDEDEDEDEDEDEDEDEC7
S3211018675CDEDEDEDEDEDEDEDEDEDEDEDEDEDEDEDEDEDEDEDEDEDEDEDEDEDEDEDEAB
S32110186778DEDEDEDEDEDEDEDEDEDEDEDEDEDEDEDEDEDEDEDEDEDEDEDEDEDEDEDE8F
S32110186794DEDEDEDEDEDEDEDEDEDEDEDEDEDEDEDEDEDEDEDEDEDEDEDEDEDEDEDE73
S321101867B0DEDEDEDEDEDEDEDEDEDEDEDEDEDEDEDEDEDEDEDEDEDEDEDEDEDEDEDE57
S321101867CCDEDEDEDEDEDEDEDEDEDEDEDEDEDEDEDEDEDEDEDEDEDEDEDEDEDEDEDE3B
S321101867E8DEDEDEDEDEDEDEDEDEDEDEDEDEDEDEDEDEDEDEDEDEDEDEDEDEDEDEDE1F
S32110186804DEDEDEDEDEDEDEDEDEDEDEDEDEDEDEDEDEDEDEDEDEDEDEDEDEDEDEDE02
S32110186820DEDEDEDEDEDEDEDEDEDEDEDEDEDEDEDEDEDEDEDEDEDEDEDEDEDEDEDEE6
S3211018683CDEDEDEDEDEDEDEDEDEDEDEDEDEDEDEDEDEDEDEDEDEDEDEDEDEDEDEDECA
S32110186858DEDEDEDEDEDEDEDEDEDEDEDEDEDEDEDEDEDEDEDEDEDEDEDEDEDEDEDEAE
S32110186874DEDEDEDEDEDEDEDEDEDEDEDEDEDEDEDEDEDEDEDEDEDEDEDEDEDEDEDE92
S32110186890DEDEDEDEDEDEDEDEDEDEDEDEDEDEDEDEDEDEDEDEDEDEDEDEDEDEDEDE76
S321101868ACDEDEDEDEDEDEDEDEDEDEDEDEDEDEDEDEDEDEDEDEDEDEDEDEDEDEDEDE5A
S321101868C8DEDEDEDEDEDEDEDEDEDEDEDEDEDEDEDEDEDEDEDEDEDEDEDEDEDEDEDE3E
S321101868E4DEDEDEDEDEDEDEDEDEDEDEDEDEDEDEDEDEDEDEDEDEDEDEDEDEDEDEDE22
S32110186900DEDEDEDEDEDEDEDEDEDEDEDEDEDEDEDEDEDEDEDEDEDEDEDEDEDEDEDE05
S3211018691CDEDEDEDEDEDEDEDEDEDEDEDEDEDEDEDEDEDEDEDEDEDEDEDEDEDEDEDEE9
S32110186938DEDEDEDEDEDEDEDEDEDEDEDEDEDEDEDEDEDEDEDEDEDEDEDEDEDEDEDECD
S32110186954DEDEDEDEDEDEDEDEDEDEDEDEDEDEDEDEDEDEDEDEDEDEDEDEDEDEDEDEB1
S32110186970DEDEDEDEDEDEDEDEDEDEDEDEDEDEDEDEDEDEDEDEDEDEDEDEDEDEDEDE95
S3211018698CDEDEDEDEDEDEDEDEDEDEDEDEDEDEDEDEDEDEDEDEDEDEDEDEDEDEDEDE79
S321101869A8DEDEDEDEDEDEDEDEDEDEDEDEDEDEDEDEDEDEDEDEDEDEDEDEDEDEDEDE5D
S321101869C4DEDEDEDEDEDEDEDEDEDEDEDEDEDEDEDEDEDEDEDEDEDEDEDEDEDEDEDE41
S321101869E0DEDEDEDEDEDEDEDEDEDEDEDEDEDEDEDEDEDEDEDEDEDEDEDEDEDEDEDE25
S321101869FCDEDEDEDEDEDEDEDEDEDEDEDEDEDEDEDEDEDEDEDEDEDEDEDEDEDEDEDE09
S32110186A18DEDEDEDEDEDEDEDEDEDEDEDEDEDEDEDEDEDEDEDEDEDEDEDEDEDEDEDEEC
S32110186A34DEDEDEDEDEDEDEDEDEDEDEDEDEDEDEDEDEDEDEDEDEDEDEDEDEDEDEDED0
S32110186A50DEDEDEDEDEDEDEDEDEDEDEDEDEDEDEDEDEDEDEDEDEDEDEDEDEDEDEDEB4
S32110186A6CDEDEDEDEDEDEDEDEDEDEDEDEDEDEDEDEDEDEDEDEDEDEDEDEDEDEDEDE98
S32110186A88DEDEDEDEDEDEDEDEDEDEDEDEDEDEDEDEDEDEDEDEDEDEDEDEDEDEDEDE7C
S32110186AA4DEDEDEDEDEDEDEDEDEDEDEDEDEDEDEDEDEDEDEDEDEDEDEDEDEDEDEDE60
S32110186AC0DEDEDEDEDEDEDEDEDEDEDEDEDEDEDEDEDEDEDEDEDEDEDEDEDEDEDEDE44
S32110186ADCDEDEDEDEDEDEDEDEDEDEDEDEDEDEDEDEDEDEDEDEDEDEDEDEDEDEDEDE28
S32110186AF8DEDEDEDEDEDEDEDEDEDEDEDEDEDEDEDEDEDEDEDEDEDEDEDEDEDEDEDE0C
S32110186B14DEDEDEDEDEDEDEDEDEDEDEDEDEDEDEDEDEDEDEDEDEDEDEDEDEDEDEDEEF
S32110186B30DEDEDEDEDEDEDEDEDEDEDEDEDEDEDEDEDEDEDEDEDEDEDEDEDEDEDEDED3
S32110186B4CDEDEDEDEDEDEDEDEDEDEDEDEDEDEDEDEDEDEDEDEDEDEDEDEDEDEDEDEB7
S32110186B68DEDEDEDEDEDEDEDEDEDEDEDEDEDEDEDEDEDEDEDEDEDEDEDEDEDEDEDE9B
S32110186B84DEDEDEDEDEDEDEDEDEDEDEDEDEDEDEDEDEDEDEDEDEDEDEDEDEDEDEDE7F
S32110186BA0DEDEDEDEDEDEDEDEDEDEDEDEDEDEDEDEDEDEDEDEDEDEDEDEDEDEDEDE63
S32110186BBCDEDEDEDEDEDEDEDEDEDEDEDEDEDEDEDEDEDEDEDEDEDEDEDEDEDEDEDE47
S32110186BD8DEDEDEDEDEDEDEDEDEDEDEDEDEDEDEDEDEDEDEDEDEDEDEDEDEDEDEDE2B
S32110186BF4DEDEDEDEDEDEDEDEDEDEDEDEDEDEDEDEDEDEDEDEDEDEDEDEDEDEDEDE0F
S32110186C10DEDEDEDEDEDEDEDEDEDEDEDEDEDEDEDEDEDEDEDEDEDEDEDEDEDEDEDEF2
S32110186C2CDEDEDEDEDEDEDEDEDEDEDEDEDEDEDEDEDEDEDEDEDEDEDEDEDEDEDEDED6
S32110186C48DEDEDEDEDEDEDEDEDEDEDEDEDEDEDEDEDEDEDEDEDEDEDEDEDEDEDEDEBA
S32110186C64DEDEDEDEDEDEDEDEDEDEDEDEDEDEDEDEDEDEDEDEDEDEDEDEDEDEDEDE9E
S32110186C80DEDEDEDEDEDEDEDEDEDEDEDEDEDEDEDEDEDEDEDEDEDEDEDEDEDEDEDE82
S32110186C9CDEDEDEDEDEDEDEDEDEDEDEDEDEDEDEDEDEDEDEDEDEDEDEDEDEDEDEDE66
S32110186CB8DEDEDEDEDEDEDEDEDEDEDEDEDEDEDEDEDEDEDEDEDEDEDEDEDEDEDEDE4A
S32110186CD4DEDEDEDEDEDEDEDEDEDEDEDEDEDEDEDEDEDEDEDEDEDEDEDEDEDEDEDE2E
S32110186CF0DEDEDEDEDEDEDEDEDEDEDEDEDEDEDEDEDEDEDEDEDEDEDEDEDEDEDEDE12
S32110186D0CDEDEDEDEDEDEDEDEDEDEDEDEDEDEDEDEDEDEDEDEDEDEDEDEDEDEDEDEF5
S32110186D28DEDEDEDEDEDEDEDEDEDEDEDEDEDEDEDEDEDEDEDEDEDEDEDEDEDEDEDED9
S32110186D44DEDEDEDEDEDEDEDEDEDEDEDEDEDEDEDEDEDEDEDEDEDEDEDEDEDEDEDEBD
S32110186D60DEDEDEDEDEDEDEDEDEDEDEDEDEDEDEDEDEDEDEDEDEDEDEDEDEDEDEDEA1
S32110186D7CDEDEDEDEDEDEDEDEDEDEDEDEDEDEDEDEDEDEDEDEDEDEDEDEDEDEDEDE85
S32110186D98DEDEDEDEDEDEDEDEDEDEDEDEDEDEDEDEDEDEDEDEDEDEDEDEDEDEDEDE69
S32110186DB4DEDEDEDEDEDEDEDEDEDEDEDEDEDEDEDEDEDEDEDEDEDEDEDEDEDEDEDE4D
S32110186DD0DEDEDEDEDEDEDEDEDEDEDEDEDEDEDEDEDEDEDEDEDEDEDEDEDEDEDEDE31
S32110186DECDEDEDEDEDEDEDEDEDEDEDEDEDEDEDEDEDEDEDEDEDEDEDEDEDEDEDEDE15
S32110186E08DEDEDEDEDEDEDEDEDEDEDEDEDEDEDEDEDEDEDEDEDEDEDEDEDEDEDEDEF8
S32110186E24DEDEDEDEDEDEDEDEDEDEDEDEDEDEDEDEDEDEDEDEDEDEDEDEDEDEDEDEDC
S32110186E40DEDEDEDEDEDEDEDEDEDEDEDEDEDEDEDEDEDEDEDEDEDEDEDEDEDEDEDEC0
S32110186E5CDEDEDEDEDEDEDEDEDEDEDEDEDEDEDEDEDEDEDEDEDEDEDEDEDEDEDEDEA4
S32110186E78DEDEDEDEDEDEDEDEDEDEDEDEDEDEDEDEDEDEDEDEDEDEDEDEDEDEDEDE88
S32110186E94DEDEDEDEDEDEDEDEDEDEDEDEDEDEDEDEDEDEDEDEDEDEDEDEDEDEDEDE6C
S32110186EB0DEDEDEDEDEDEDEDEDEDEDEDEDEDEDEDEDEDEDEDEDEDEDEDEDEDEDEDE50
S32110186ECCDEDEDEDEDEDEDEDEDEDEDEDEDEDEDEDEDEDEDEDEDEDEDEDEDEDEDEDE34
S32110186EE8DEDEDEDEDEDEDEDEDEDEDEDEDEDEDEDEDEDEDEDEDEDEDEDEDEDEDEDE18
S32110186F04DEDEDEDEDEDEDEDEDEDEDEDEDEDEDEDEDEDEDEDEDEDEDEDEDEDEDEDEFB
S32110186F20DEDEDEDEDEDEDEDEDEDEDEDEDEDEDEDEDEDEDEDEDEDEDEDEDEDEDEDEDF
S32110186F3CDEDEDEDEDEDEDEDEDEDEDEDEDEDEDEDEDEDEDEDEDEDEDEDEDEDEDEDEC3
S32110186F58DEDEDEDEDEDEDEDEDEDEDEDEDEDEDEDEDEDEDEDEDEDEDEDEDEDEDEDEA7
S32110186F74DEDEDEDEDEDEDEDEDEDEDEDEDEDEDEDEDEDEDEDEDEDEDEDEDEDEDEDE8B
S32110186F90DEDEDEDEDEDEDEDEDEDEDEDEDEDEDEDEDEDEDEDEDEDEDEDEDEDEDEDE6F
S32110186FACDEDEDEDEDEDEDEDEDEDEDEDEDEDEDEDEDEDEDEDEDEDEDEDEDEDEDEDE53
S32110186FC8DEDEDEDEDEDEDEDEDEDEDEDEDEDEDEDEDEDEDEDEDEDEDEDEDEDEDEDE37
S32110186FE4DEDEDEDEDEDEDEDEDEDEDEDEDEDEDEDEDEDEDEDEDEDEDEDEDEDEDEDE1B
S32110187000DEDEDEDEDEDEDEDEDEDEDEDEDEDEDEDEDEDEDEDEDEDEDEDEDEDEDEDEFE
S3211018701CDEDEDEDEDEDEDEDEDEDEDEDEDEDEDEDEDEDEDEDEDEDEDEDEDEDEDEDEE2
S32110187038DEDEDEDEDEDEDEDEDEDEDEDEDEDEDEDEDEDEDEDEDEDEDEDEDEDEDEDEC6
S32110187054DEDEDEDEDEDEDEDEDEDEDEDEDEDEDEDEDEDEDEDEDEDEDEDEDEDEDEDEAA
S32110187070DEDEDEDEDEDEDEDEDEDEDEDEDEDEDEDEDEDEDEDEDEDEDEDEDEDEDEDE8E
S3211018708CDEDEDEDEDEDEDEDEDEDEDEDEDEDEDEDEDEDEDEDEDEDEDEDEDEDEDEDE72
S321101870A8DEDEDEDEDEDEDEDEDEDEDEDEDEDEDEDEDEDEDEDEDEDEDEDEDEDEDEDE56
S321101870C4DEDEDEDEDEDEDEDEDEDEDEDEDEDEDEDEDEDEDEDEDEDEDEDEDEDEDEDE3A
S321101870E0DEDEDEDEDEDEDEDEDEDEDEDEDEDEDEDEDEDEDEDEDEDEDEDEDEDEDEDE1E
S321101870FCDEDEDEDEDEDEDEDEDEDEDEDEDEDEDEDEDEDEDEDEDEDEDEDEDEDEDEDE02
S32110187118DEDEDEDEDEDEDEDEDEDEDEDEDEDEDEDEDEDEDEDEDEDEDEDEDEDEDEDEE5
S32110187134DEDEDEDEDEDEDEDEDEDEDEDEDEDEDEDEDEDEDEDEDEDEDEDEDEDEDEDEC9
S32110187150DEDEDEDEDEDEDEDEDEDEDEDEDEDEDEDEDEDEDEDEDEDEDEDEDEDEDEDEAD
S3211018716CDEDEDEDEDEDEDEDEDEDEDEDEDEDEDEDEDEDEDEDEDEDEDEDEDEDEDEDE91
S32110187188DEDEDEDEDEDEDEDEDEDEDEDEDEDEDEDEDEDEDEDEDEDEDEDEDEDEDEDE75
S321101871A4DEDEDEDEDEDEDEDEDEDEDEDEDEDEDEDEDEDEDEDEDEDEDEDEDEDEDEDE59
S321101871C0DEDEDEDEDEDEDEDEDEDEDEDEDEDEDEDEDEDEDEDEDEDEDEDEDEDEDEDE3D
S321101871DCDEDEDEDEDEDEDEDEDEDEDEDEDEDEDEDEDEDEDEDEDEDEDEDEDEDEDEDE21
S321101871F8DEDEDEDEDEDEDEDEDEDEDEDEDEDEDEDEDEDEDEDEDEDEDEDEDEDEDEDE05
S32110187214DEDEDEDEDEDEDEDEDEDEDEDEDEDEDEDEDEDEDEDEDEDEDEDEDEDEDEDEE8
S32110187230DEDEDEDEDEDEDEDEDEDEDEDEDEDEDEDEDEDEDEDEDEDEDEDEDEDEDEDECC
S3211018724CDEDEDEDEDEDEDEDEDEDEDEDEDEDEDEDEDEDEDEDEDEDEDEDEDEDEDEDEB0
S32110187268DEDEDEDEDEDEDEDEDEDEDEDEDEDEDEDEDEDEDEDEDEDEDEDEDEDEDEDE94
S32110187284DEDEDEDEDEDEDEDEDEDEDEDEDEDEDEDEDEDEDEDEDEDEDEDEDEDEDEDE78
S321101872A0DEDEDEDEDEDEDEDEDEDEDEDEDEDEDEDEDEDEDEDEDEDEDEDEDEDEDEDE5C
S321101872BCDEDEDEDEDEDEDEDEDEDEDEDEDEDEDEDEDEDEDEDEDEDEDEDEDEDEDEDE40
S321101872D8DEDEDEDEDEDEDEDEDEDEDEDEDEDEDEDEDEDEDEDEDEDEDEDEDEDEDEDE24
S321101872F4DEDEDEDEDEDEDEDEDEDEDEDEDEDEDEDEDEDEDEDEDEDEDEDEDEDEDEDE08
S32110187310DEDEDEDEDEDEDEDEDEDEDEDEDEDEDEDEDEDEDEDEDEDEDEDEDEDEDEDEEB
S3211018732CDEDEDEDEDEDEDEDEDEDEDEDEDEDEDEDEDEDEDEDEDEDEDEDEDEDEDEDECF
S32110187348DEDEDEDEDEDEDEDEDEDEDEDEDEDEDEDEDEDEDEDEDEDEDEDEDEDEDEDEB3
S32110187364DEDEDEDEDEDEDEDEDEDEDEDEDEDEDEDEDEDEDEDEDEDEDEDEDEDEDEDE97
S32110187380DEDEDEDEDEDEDEDEDEDEDEDEDEDEDEDEDEDEDEDEDEDEDEDEDEDEDEDE7B
S3211018739CDEDEDEDEDEDEDEDEDEDEDEDEDEDEDEDEDEDEDEDEDEDEDEDEDEDEDEDE5F
S321101873B8DEDEDEDEDEDEDEDEDEDEDEDEDEDEDEDEDEDEDEDEDEDEDEDEDEDEDEDE43
S321101873D4DEDEDEDEDEDEDEDEDEDEDEDEDEDEDEDEDEDEDEDEDEDEDEDEDEDEDEDE27
S321101873F0DEDEDEDEDEDEDEDEDEDEDEDEDEDEDEDEDEDEDEDEDEDEDEDEDEDEDEDE0B
S3211018740CDEDEDEDEDEDEDEDEDEDEDEDEDEDEDEDEDEDEDEDEDEDEDEDEDEDEDEDEEE
S32110187428DEDEDEDEDEDEDEDEDEDEDEDEDEDEDEDEDEDEDEDEDEDEDEDEDEDEDEDED2
S32110187444DEDEDEDEDEDEDEDEDEDEDEDEDEDEDEDEDEDEDEDEDEDEDEDEDEDEDEDEB6
S32110187460DEDEDEDEDEDEDEDEDEDEDEDEDEDEDEDEDEDEDEDEDEDEDEDEDEDEDEDE9A
S3211018747CDEDEDEDEDEDEDEDEDEDEDEDEDEDEDEDEDEDEDEDEDEDEDEDEDEDEDEDE7E
S32110187498DEDEDEDEDEDEDEDEDEDEDEDEDEDEDEDEDEDEDEDEDEDEDEDEDEDEDEDE62
S321101874B4DEDEDEDEDEDEDEDEDEDEDEDEDEDEDEDEDEDEDEDEDEDEDEDEDEDEDEDE46
S321101874D0DEDEDEDEDEDEDEDEDEDEDEDEDEDEDEDEDEDEDEDEDEDEDEDEDEDEDEDE2A
S321101874ECDEDEDEDEDEDEDEDEDEDEDEDEDEDEDEDEDEDEDEDEDEDEDEDEDEDEDEDE0E
S32110187508DEDEDEDEDEDEDEDEDEDEDEDEDEDEDEDEDEDEDEDEDEDEDEDEDEDEDEDEF1
S32110187524DEDEDEDEDEDEDEDEDEDEDEDEDEDEDEDEDEDEDEDEDEDEDEDEDEDEDEDED5
S32110187540DEDEDEDEDEDEDEDEDEDEDEDEDEDEDEDEDEDEDEDEDEDEDEDEDEDEDEDEB9
S3211018755CDEDEDEDEDEDEDEDEDEDEDEDEDEDEDEDEDEDEDEDEDEDEDEDEDEDEDEDE9D
S32110187578DEDEDEDEDEDEDEDEDEDEDEDEDEDEDEDEDEDEDEDEDEDEDEDEDEDEDEDE81
S32110187594DEDEDEDEDEDEDEDEDEDEDEDEDEDEDEDEDEDEDEDEDEDEDEDEDEDEDEDE65
S321101875B0DEDEDEDEDEDEDEDEDEDEDEDEDEDEDEDEDEDEDEDEDEDEDEDEDEDEDEDE49
S321101875CCDEDEDEDEDEDEDEDEDEDEDEDEDEDEDEDEDEDEDEDEDEDEDEDEDEDEDEDE2D
S321101875E8DEDEDEDEDEDEDEDEDEDEDEDEDEDEDEDEDEDEDEDEDEDEDEDEDEDEDEDE11
S32110187604DEDEDEDEDEDEDEDEDEDEDEDEDEDEDEDEDEDEDEDEDEDEDEDEDEDEDEDEF4
S32110187620DEDEDEDEDEDEDEDEDEDEDEDEDEDEDEDEDEDEDEDEDEDEDEDEDEDEDEDED8
S3211018763CDEDEDEDEDEDEDEDEDEDEDEDEDEDEDEDEDEDEDEDEDEDEDEDEDEDEDEDEBC
S32110187658DEDEDEDEDEDEDEDEDEDEDEDEDEDEDEDEDEDEDEDEDEDEDEDEDEDEDEDEA0
S32110187674DEDEDEDEDEDEDEDEDEDEDEDEDEDEDEDEDEDEDEDEDEDEDEDEDEDEDEDE84
S32110187690DEDEDEDEDEDEDEDEDEDEDEDEDEDEDEDEDEDEDEDEDEDEDEDEDEDEDEDE68
S321101876ACDEDEDEDEDEDEDEDEDEDEDEDEDEDEDEDEDEDEDEDEDEDEDEDEDEDEDEDE4C
S321101876C8DEDEDEDEDEDEDEDEDEDEDEDEDEDEDEDEDEDEDEDEDEDEDEDEDEDEDEDE30
S321101876E4DEDEDEDEDEDEDEDEDEDEDEDEDEDEDEDEDEDEDEDEDEDEDEDEDEDEDEDE14
S32110187700DEDEDEDEDEDEDEDEDEDEDEDEDEDEDEDEDEDEDEDEDEDEDEDEDEDEDEDEF7
S3211018771CDEDEDEDEDEDEDEDEDEDEDEDEDEDEDEDEDEDEDEDEDEDEDEDEDEDEDEDEDB
S32110187738DEDEDEDEDEDEDEDEDEDEDEDEDEDEDEDEDEDEDEDEDEDEDEDEDEDEDEDEBF
S32110187754DEDEDEDEDEDEDEDEDEDEDEDEDEDEDEDEDEDEDEDEDEDEDEDEDEDEDEDEA3
S32110187770DEDEDEDEDEDEDEDEDEDEDEDEDEDEDEDEDEDEDEDEDEDEDEDEDEDEDEDE87
S3211018778CDEDEDEDEDEDEDEDEDEDEDEDEDEDEDEDEDEDEDEDEDEDEDEDEDEDEDEDE6B
S321101877A8DEDEDEDEDEDEDEDEDEDEDEDEDEDEDEDEDEDEDEDEDEDEDEDEDEDEDEDE4F
S321101877C4DEDEDEDEDEDEDEDEDEDEDEDEDEDEDEDEDEDEDEDEDEDEDEDEDEDEDEDE33
S321101877E0DEDEDEDEDEDEDEDEDEDEDEDEDEDEDEDEDEDEDEDEDEDEDEDEDEDEDEDE17
S321101877FCDEDEDEDEDEDEDEDEDEDEDEDEDEDEDEDEDEDEDEDEDEDEDEDEDEDEDEDEFB
S32110187818DEDEDEDEDEDEDEDEDEDEDEDEDEDEDEDEDEDEDEDEDEDEDEDEDEDEDEDEDE
S32110187834DEDEDEDEDEDEDEDEDEDEDEDEDEDEDEDEDEDEDEDEDEDEDEDEDEDEDEDEC2
S32110187850DEDEDEDEDEDEDEDEDEDEDEDEDEDEDEDEDEDEDEDEDEDEDEDEDEDEDEDEA6
S3211018786CDEDEDEDEDEDEDEDEDEDEDEDEDEDEDEDEDEDEDEDEDEDEDEDEDEDEDEDE8A
S32110187888DEDEDEDEDEDEDEDEDEDEDEDEDEDEDEDEDEDEDEDEDEDEDEDEDEDEDEDE6E
S321101878A4DEDEDEDEDEDEDEDEDEDEDEDEDEDEDEDEDEDEDEDEDEDEDEDEDEDEDEDE52
S321101878C0DEDEDEDEDEDEDEDEDEDEDEDEDEDEDEDEDEDEDEDEDEDEDEDEDEDEDEDE36
S321101878DCDEDEDEDEDEDEDEDEDEDEDEDEDEDEDEDEDEDEDEDEDEDEDEDEDEDEDEDE1A
S321101878F8DEDEDEDEDEDEDEDEDEDEDEDEDEDEDEDEDEDEDEDEDEDEDEDEDEDEDEDEFE
S32110187914DEDEDEDEDEDEDEDEDEDEDEDEDEDEDEDEDEDEDEDEDEDEDEDEDEDEDEDEE1
S32110187930DEDEDEDEDEDEDEDEDEDEDEDEDEDEDEDEDEDEDEDEDEDEDEDEDEDEDEDEC5
S3211018794CDEDEDEDEDEDEDEDEDEDEDEDEDEDEDEDEDEDEDEDEDEDEDEDEDEDEDEDEA9
S32110187968DEDEDEDEDEDEDEDEDEDEDEDEDEDEDEDEDEDEDEDEDEDEDEDEDEDEDEDE8D
S32110187984DEDEDEDEDEDEDEDEDEDEDEDEDEDEDEDEDEDEDEDEDEDEDEDEDEDEDEDE71
S321101879A0DEDEDEDEDEDEDEDEDEDEDEDEDEDEDEDEDEDEDEDEDEDEDEDEDEDEDEDE55
S321101879BCDEDEDEDEDEDEDEDEDEDEDEDEDEDEDEDEDEDEDEDEDEDEDEDEDEDEDEDE39
S321101879D8DEDEDEDEDEDEDEDEDEDEDEDEDEDEDEDEDEDEDEDEDEDEDEDEDEDEDEDE1D
S321101879F4DEDEDEDEDEDEDEDEDEDEDEDEDEDEDEDEDEDEDEDEDEDEDEDEDEDEDEDE01
S32110187A10DEDEDEDEDEDEDEDEDEDEDEDEDEDEDEDEDEDEDEDEDEDEDEDEDEDEDEDEE4
S32110187A2CDEDEDEDEDEDEDEDEDEDEDEDEDEDEDEDEDEDEDEDEDEDEDEDEDEDEDEDEC8
S32110187A48DEDEDEDEDEDEDEDEDEDEDEDEDEDEDEDEDEDEDEDEDEDEDEDEDEDEDEDEAC
S32110187A64DEDEDEDEDEDEDEDEDEDEDEDEDEDEDEDEDEDEDEDEDEDEDEDEDEDEDEDE90
S32110187A80DEDEDEDEDEDEDEDEDEDEDEDEDEDEDEDEDEDEDEDEDEDEDEDEDEDEDEDE74
S32110187A9CDEDEDEDEDEDEDEDEDEDEDEDEDEDEDEDEDEDEDEDEDEDEDEDEDEDEDEDE58
S32110187AB8DEDEDEDEDEDEDEDEDEDEDEDEDEDEDEDEDEDEDEDEDEDEDEDEDEDEDEDE3C
S32110187AD4DEDEDEDEDEDEDEDEDEDEDEDEDEDEDEDEDEDEDEDEDEDEDEDEDEDEDEDE20
S32110187AF0DEDEDEDEDEDEDEDEDEDEDEDEDEDEDEDEDEDEDEDEDEDEDEDEDEDEDEDE04
S32110187B0CDEDEDEDEDEDEDEDEDEDEDEDEDEDEDEDEDEDEDEDEDEDEDEDEDEDEDEDEE7
S32110187B28DEDEDEDEDEDEDEDEDEDEDEDEDEDEDEDEDEDEDEDEDEDEDEDEDEDEDEDECB
S32110187B44DEDEDEDEDEDEDEDEDEDEDEDEDEDEDEDEDEDEDEDEDEDEDEDEDEDEDEDEAF
S32110187B60DEDEDEDEDEDEDEDEDEDEDEDEDEDEDEDEDEDEDEDEDEDEDEDEDEDEDEDE93
S32110187B7CDEDEDEDEDEDEDEDEDEDEDEDEDEDEDEDEDEDEDEDEDEDEDEDEDEDEDEDE77
S32110187B98DEDEDEDEDEDEDEDEDEDEDEDEDEDEDEDEDEDEDEDEDEDEDEDEDEDEDEDE5B
S32110187BB4DEDEDEDEDEDEDEDEDEDEDEDEDEDEDEDEDEDEDEDEDEDEDEDEDEDEDEDE3F
S32110187BD0DEDEDEDEDEDEDEDEDEDEDEDEDEDEDEDEDEDEDEDEDEDEDEDEDEDEDEDE23
S32110187BECDEDEDEDEDEDEDEDEDEDEDEDEDEDEDEDEDEDEDEDEDEDEDEDEDEDEDEDE07
S32110187C08DEDEDEDEDEDEDEDEDEDEDEDEDEDEDEDEDEDEDEDEDEDEDEDEDEDEDEDEEA
S32110187C24DEDEDEDEDEDEDEDEDEDEDEDEDEDEDEDEDEDEDEDEDEDEDEDEDEDEDEDECE
S32110187C40DEDEDEDEDEDEDEDEDEDEDEDEDEDEDEDEDEDEDEDEDEDEDEDEDEDEDEDEB2
S32110187C5CDEDEDEDEDEDEDEDEDEDEDEDEDEDEDEDEDEDEDEDEDEDEDEDEDEDEDEDE96
S32110187C78DEDEDEDEDEDEDEDEDEDEDEDEDEDEDEDEDEDEDEDEDEDEDEDEDEDEDEDE7A
S32110187C94DEDEDEDEDEDEDEDEDEDEDEDEDEDEDEDEDEDEDEDEDEDEDEDEDEDEDEDE5E
S32110187CB0DEDEDEDEDEDEDEDEDEDEDEDEDEDEDEDEDEDEDEDEDEDEDEDEDEDEDEDE42
S32110187CCCDEDEDEDEDEDEDEDEDEDEDEDEDEDEDEDEDEDEDEDEDEDEDEDEDEDEDEDE26
S32110187CE8DEDEDEDEDEDEDEDEDEDEDEDEDEDEDEDEDEDEDEDEDEDEDEDEDEDEDEDE0A
S32110187D04DEDEDEDEDEDEDEDEDEDEDEDEDEDEDEDEDEDEDEDEDEDEDEDEDEDEDEDEED
S32110187D20DEDEDEDEDEDEDEDEDEDEDEDEDEDEDEDEDEDEDEDEDEDEDEDEDEDEDEDED1
S32110187D3CDEDEDEDEDEDEDEDEDEDEDEDEDEDEDEDEDEDEDEDEDEDEDEDEDEDEDEDEB5
S32110187D58DEDEDEDEDEDEDEDEDEDEDEDEDEDEDEDEDEDEDEDEDEDEDEDEDEDEDEDE99
S32110187D74DEDEDEDEDEDEDEDEDEDEDEDEDEDEDEDEDEDEDEDEDEDEDEDEDEDEDEDE7D
S32110187D90DEDEDEDEDEDEDEDEDEDEDEDEDEDEDEDEDEDEDEDEDEDEDEDEDEDEDEDE61
S32110187DACDEDEDEDEDEDEDEDEDEDEDEDEDEDEDEDEDEDEDEDEDEDEDEDEDEDEDEDE45
S32110187DC8DEDEDEDEDEDEDEDEDEDEDEDEDEDEDEDEDEDEDEDEDEDEDEDEDEDEDEDE29
S32110187DE4DEDEDEDEDEDEDEDEDEDEDEDEDEDEDEDEDEDEDEDEDEDEDEDEDEDEDEDE0D
S32110187E00DEDEDEDEDEDEDEDEDEDEDEDEDEDEDEDEDEDEDEDEDEDEDEDEDEDEDEDEF0
S32110187E1CDEDEDEDEDEDEDEDEDEDEDEDEDEDEDEDEDEDEDEDEDEDEDEDEDEDEDEDED4
S32110187E38DEDEDEDEDEDEDEDEDEDEDEDEDEDEDEDEDEDEDEDEDEDEDEDEDEDEDEDEB8
S32110187E54DEDEDEDEDEDEDEDEDEDEDEDEDEDEDEDEDEDEDEDEDEDEDEDEDEDEDEDE9C
S32110187E70DEDEDEDEDEDEDEDEDEDEDEDEDEDEDEDEDEDEDEDEDEDEDEDEDEDEDEDE80
S32110187E8CDEDEDEDEDEDEDEDEDEDEDEDEDEDEDEDEDEDEDEDEDEDEDEDEDEDEDEDE64
S32110187EA8DEDEDEDEDEDEDEDEDEDEDEDEDEDEDEDEDEDEDEDEDEDEDEDEDEDEDEDE48
S32110187EC4DEDEDEDEDEDEDEDEDEDEDEDEDEDEDEDEDEDEDEDEDEDEDEDEDEDEDEDE2C
S32110187EE0DEDEDEDEDEDEDEDEDEDEDEDEDEDEDEDEDEDEDEDEDEDEDEDEDEDEDEDE10
S32110187EFCDEDEDEDE55E49474CD74A1F2A218D2D870977BB764711A70F5D59BFF4F
S32110187F18663FAFFD68F424DB2BEE55A010DC683D02B8D5E61F778466C80E3511C3
S32110187F344C55EA5D3B7E3B1247F67120007CC8BBC591FE2C56D6D6A93A44EFBCF4
S32110187F50DEDD5E5882686E62655E7101EEBBADF07DFE101473B3EF596F864A47AE
S32110187F6CD9345E6B1140C2057B44E147786D747F2ACEFF362B88DCC532E70087FD
S32110187F88E857C7DC67C24C7CB90D04FBCEEC21D5535BB09B5CD383733FA2B3FFB6
S32110187FA4132FD0B29D6A31D8D9E044130E3A2442A9FFF54348BDB642711CF9C7D7
S32110187FC0BDD42F2BDAA1727908A57C77005C13E653C550CF9FBFDD7CE8A4DF597F
S32110187FDC64D2B3102E8FCFA36C604300D6E770C18F9EBBA103AA2815940EA60E6D
S32110187FF8381A7E052429F7F0826DC74A1F1C241E73E5CAE37D6F002B928B431C21
S32110188014578C0203ECE96DF87C6D217A3BFCA8702712F936DB39AA5B7E4CC752C9
S321101880306DA2EA4A0693D9FA539B5AB155CCD9821E864D6DEE4B73149B9C887C89
S3211018804C69658D293A0AEBAF1863E73ECA1E07D3E8FC465E5A34948EDB2B5C6725
S32110188068AFC05D3DA495555322D4843184436FEA491C9C9712341E16C920996025
S321101880841B98F5E8FB7BB48FBEC778F9FFE10AFA59C535B786715432914AA81F66
S321101880A0D3AC3845D792AA5906B8023F9B818348DEA304C7DDCD68543F732D2E89
S321101880BC798B5B50EA4AA11D30AC034C221ACDA25B9C5C5770F497B8F3E0A86EBD
S321101880D828627236AA311EDD41AF2AC58C6BE78092E717B6BCC842F3359FA6168A
S321101880F446A8D58516B4DBF0DBDB59547D315CCB2B57596024ED48A475F7B5973D
S3211018811000946209BCF5AFBB1FEBA7C5033F10870C166E53EF24B8A915D573FA0E
S3211018812C126BDA816E4454DE1B77BF261ECE949C6B30BB5EBB371C83656A7277BD
S32110188148EC479AB4B78CF591795C196A428543F95ADF4D12DA4A38F8A7499DC20D
S32110188164BBFD3D05261A826384FE333D80CDAA1238BC48754284AC08A5249A6DBC
S32110188180486F6846738602DE7D1C418B540B5120251B893F86D1E78C410F26FA00
S3211018819C32C7207D8DA64F6E1102D817896DD673A9F5F918D02C44A80002A8642D
S321101881B80E6449E560192053F1E998D1C845B9DCCA2AA1BE6D0A484EDF14BBCB33
S321101881D4449971E0D671A90C8CE5FA9571A267497C6273F17F2E1A169A075AA9B1
S321101881F08BB891CA11AEFF19AF6CED2D50AAA25178BCA5984B4C254927F9C8A2AE
S3211018820C67C52357AD157FB591CED13075B2B675D718AFC1D58997A626BF775E26
S32110188228F96E030045770328B2DD280155D44F85996F785828434EB8904ECFA070
S32110188244FED5FEF160D6C894EE7AE382C2321BC501504C92AD85696ECA66634EE2
S32110188260EFC941B7B4A0EC4416B90304463EE12993B7291B7AEED05032ADF7E66A
S3211018827C04BDC05E776DEF147ECA49ABE2B09D765B31B1D4EE2A8FCFC80F5F3F15
S3211018829825320FEEEF56C3071E429CC770AEC583AD6C0B02E150DC838CFBD76993
S321101882B434CA61A9AFD5AC30B4EF7B8BEE7E66F76511E425C264381C0A5F505A9A
S321101882D00BECB49795BE2175E5880F4CDD0F667CD45FC71208FAB8AD0A786DB988
S321101882EC880EB93BCB9363F0D652887DC22FD5DEAEC2270C530273FB2383E751F8
S32110188308612549D421200BC642161012D1223DDBBCCEE9059B5F08C263394B9A34
S321101883246C4938B48A755A1CD3BA31447132E92AE6A8C8868D5CAC3135196D40A4
S32110188340CFF2245068EA53A31E807BE900CB92EBDDF0963EA0FB793F9E3475C22F
S3211018835CF9E5EAB3BED98CF08C401CA758F86CA0E6F34A8485EBE043E5D7709761
S32110188378F88C2F682942CBF9E45D042D2274FD2F380D5294DE2B66B626B02DE109
S321101883946E74E3A3FE79A1E45E0BD52D6B609C606C6F69255CA00FFE1F28B2118D
S321101883B0084B25B9D94973D8999A677539B81CB89B1A8ECD4ABE8437B79E5C0E7F
S321101883CCC6D5E469B342B787F85F198A1C4822D05AF38281946F235F46E2FA8F76
S321101883E8F233FAE6CB31A36C8D6470C3AA7BE8E386C0E5D71C6679510A823E7F90
S321101884047D02514810EEDC8BC873D2421E150FDEA58AE5E7A2736F7BA10DCF8E3D
S32110188420F687ACEF1074A547C8154A3449F7396BDB99F5287D5498D4805E08B6E1
S3211018843C6D1E0E3F35D56D30543DB2B672B224ABA7B51A4EA42AD5B622A357331F
S321101884587CB6BC3D7A4913DD13B2D425F573BE93F1F6EA2A31492A9B52BAAE474A
S3211018847408356DEB1B5A5DF9C4F1EA622F7619E4315F90158D5F9653FAE305428D
S3211018849078359DD983FB4FD8FD0665F611300629A4DEB8B36AC0ED84E04A0683D1
S321101884AC79939D27ABAD65FBEACFED745E4E7037406B000AB73574D60C980D24D1
S321101884C81520D6F6498AA06EAB518A8382835EEB557E584BA5BC5C90134F4906BD
S321101884E4E467CB915D0BDA53C4DF4D8847260EDBA358F79637CF5BD3D43D31DA6C
S32110188500ECE5ED1350397F86A8C5311D53291D48EA0D01D6454FD3173530FE0D7A
S3211018851C865ECA29A0D51BF1A7D84C5D57BFEFA9CCC9F598059AFC3D61C5F5C111
S321101885388C230F56E541BD67D929605A1EEA18CE52F09253251E389744205B4DAC
S32110188554D76A2B084EDB66DD90A565787F28BFCF837A36CFAD46C31F78FC443EE9
S321101885701ABE71FC222DC558AB1D6F4260C39A7EA165EA4B2A239B2EEEBBA86258
S3211018858C385850DC2798B72F3CDB075A4D7FD57586E98AFCBC0C680B0271382CAF
S321101885A80E36882281ACA03D1752D976416E0A5F98979A892AA4A858B25371C764
S321101885C491628657BD36F8B0972B0B92774C3E73C747F1D35B010423A3F4CDD89E
S321101885E0B025C2B3941456AB0E9D984F2C78184B8022F2F9C1E6A8970495A2EA2D
S321101885FCD0250A8CDBCF6958EC0754F563F5AA4055FB31EA6A4C7E7645D555F944
S32110188618D0326F0D520DBCEDC77479F1F93A2D808CF339BF028A19284357F5C278
S321101886346203AD53593BC550E0CD032E94332CA80B5EDF4A144A13F03C5CBD012C
S3211018865027FA4B36BEDD6C6918CE2C09D3BE915F7D99DCD4687425688C57298A6D
S3211018866C1FAABBBE60CA0433A2D160FCDD1BD6D0313620FA045854403C6D7F50CB
S32110188688BC36F1F42C33F77C7763D5630D6A3C343EC4997502B1CD4FB13C87486B
S321101886A4A87AC3FA27D5412B2A2571DF6B4F3D6730200A4B0AF2077E6C01C129CB
S321101886C01FA2110123A00C06400B8AD643D3FB1F0C45F565FF86444A9865D466F8
S321101886DCC7E9F19F625CD96EA4E6F3ED45A10A9013D7E8971AA2A726FAD7B2A40C
S321101886F8859AF37F1BCB67F8B8630B5A4E3CB02243380F8961376BCD690244B440
S321101887143F141EE7FE007D1125BA4EF7080D50714587462B9F6645B55029998A65
S3211018873095FE5B1F8EDD1A7A20659DBA0E3BC6C183993F2B7D358F00C1FCF46E61
S3211018874CC8FBCADD52F825D456ECABC698FD60A65C4454C617245A508733FE6B26
S3211018876823CAD28A31C77B2B6393F761CA896A4A89050BC16F0037CAB1BC5834C8
S3211018878429847494C8206274E5B6CC2A9DD98227BA5D958CE6F5E06B32CEEB3B04
S321101887A0523B4110CBF99F4F0A43385A7382207164A7A35C092BB9FDC0AA8D505F
S321101887BCFBE499631731937C98EF7E0F27BE8907BCA76C55B7F3BE14460EFAC307
S321101887D80805FDABB8627938BE0A8FE2BC07126BE5EA8E77BBBE0D765742F729D5
S321101887F462D89BA1FC45374E4134C2F558DBBF75B210F03E2B4C7B6B318AF83537
S3211018881064EF5DE831B77E2B91A4ED2D6DCE691AE93C0CE443825665B78F42D9F2
S3211018882C91D6E52437985D2A4ECB84C93B390AC757A0E34223C102C41106F82E8E
S321101888487A6A91F85DD9758DE5154D645EAA54D77F4B3677E241A350FD0ED58C6A
S32110188864261EF474D3CA995E281F1D66E4A58B947C27FA69430DFE9AB5E990B14B
S32110188880C08C2A061FAFB40153C28C27FA177E5E831A0FA739E5E5759346E7DC93
S3211018889C1F99DE2CAAB76336D2602846843A9191EC4D1C3C350D75B7689B4C3CCC
S321101888B87B0730D4F1AB46E53741754B7B5047A6EACF9FE8DD05EDB78EAACB0F61
S321101888D4A3B8CCA25D765A10D170572309DD826F93462CB8052294B1680ED9E763
S321101888F054E42EE823215191C3A0AE2358E363C480762B29A9DCA6B57B93F637CF
S3211018890C6E738229F95942B4F3354624E41ADE1CA9E8B9B3C3515B7AF2429FB951
S321101889280C3E48A7E2AFF686DA870AAC0C774914D8B83860271755EA160EEBDC38
S3211018894443594791593A8AAA696C4A2B5AC4AC05882660AE2D45CBABE63F46E6A0
S321101889600F1EA8F7C7364F3F6B4C5483530E8AFED9F6A43CB1334C97A9F40C9848
S3211018897CA3E3F5DB01EBBA8A39218E0B3CC93D51CCE0FE064223F379F5600A4C79
S3211018899894A29261BD91CC8E0A81D3A3A0DC14AD803241025C917B3ECE2C598810
S321101889B4A6B2FB84B18F57794B857588F40689F6B4D6B41AF210F8FD2E7B5E2DC9
S321101889D0797AC00397701BA4E297090508A815F47D9C4C8302932C73222218DC4D
S321101889EC60957421480A98D8FA4A481FC8BBD83705CEDAD3D8816F3E3CE3C9AD9D
S32110188A087B09B876272E1D1EE39262DF6511C442FBA513C4FDA5A70B49AA0E5391
S32110188A24011F267EF6A218DDFA9B5F5F1B363D5EEC52862C99752197DFE1C1E061
S32110188A40D275E815D65BB9B5787F6ACEE9BF3602EA3FF742340CC71D2D2EB13F29
S32110188A5C9F9A6AC2C91386F08626702D046A94E08D663695536A4F199B39A5553D
S32110188A78CB9345423125E2AFD9210FF361AE6D1856A7EEF75C96144E899817F2F8
S32110188A940931BD2C615183038641D94F9AF45EDEE608A0AB249B6E489B4C58B0E7
S32110188AB0A09AF17D6964F14D97D196C56F5AC6B41CB28806D5996D7FE7F379E9D1
S32110188ACC4BFFD58B0924E4BD7E8BA4F6BC07F7A8B84C677834BABBB9DFB53EDAF2
S32110188AE8EB884508F747F6C76E81C8AB5F14A93F48890953FDDF034CE02F4E8394
S32110188B04645360E83813D57F9165354B2E78ACBED37024BCEC15B1FFB05F2D06ED
S32110188B205FAB0DC89D831230628F575A5B0E8C818B6602F758315F208EBC89AF3E
S32110188B3C9136BEF1DCDA08E8AD550181998ACD05B51D1504706F89C4306F37B9B4
S32110188B58B5F8AC6424F7497CE5057EB18649F47245D3C24277B70178B81B1C0135
S32110188B74A284C065D5CD097957156A4369B27CC3FB30CE2144C1973EFCBA4E5B82
S32110188B9096CE68CA0AE2A9839B3F1AC297195F95AAD9951E100F522FE4661B3028
S32110188BAC9A866911A1DAD1FC322DF6CC8B2E8A337F6E79FA1947F71525AB67C73C
S32110188BC8B60BD44E43030913648E618D7CB778ED79927EBC2146E7509CAB98AF35
S32110188BE497CE4979FC51CE98EF26C7BC7BAE9AE421339225FC5012A9DEA7049FF4
S32110188C0001930ADE1D1B344A5EF051C4234707EC6C81831E6844E34E15F1347023
S32110188C1CB3F2BBEAC39EFB31A16F4C9C522D2BF526CDB2FAD85092A13C128C17B5
S32110188C383EED6C9EAB0719A4DC513697BA66AADF03847F4C4C883420188B2D5C05
S32110188C5429981521EB73EC354C09799329C2F86DAEE2A6B19E2F8DF2357445ADE1
S32110188C70FC31FF348954AC4E475303D02AA6F9AC4B0D99D47BA19F95B3BD77FDA8
S32110188C8C9A0DCE68DAF402AC543516AB33FA31776C912104D29C5C2B1D55ADBA36
S32110188CA8BD47D5D0C047F41ECEC5E76EA8FB0420057C9B5C04A2B5F8746A637293
S32110188CC49F62131488F61434FDC3BF73FF64B5F101058C55F2AC5416F031183223
S32110188CE0DC4C21FA6165BEE3C4A0F4AF9DFA1E03E87E11E3617AAF96B09E761D86
S32110188CFC4E027CB886CD328F4F709F0131B518763CAC9B8ED18580EA7FD03294DD
S32110188D186DDDD1BCA6279CAD44226CD0E42FC387491190D3CF09F14DB62DEF522E
S32110188D3474D778A3B7513B919085DC341A395B695EE2DD753604A1D9EEA223ACDA
S32110188D50CA2F9D2AC8DF10C68A050BCEC9CD9FB5506D9D01337E169A58BA7CDC24
S32110188D6C4477301ACDC2A5ECC4CFD3C95B4E005BF24EDA1DD5B3843FE357CF904A
S32110188D88B89FECDE64D183B84DDB51A61CCD60D08E6CCC0C23704742E7591F008B
S32110188DA4EE3E74D9D45D076452AC58B5834AAEFB2B32694CE31D8D11D3ABB05DB4
S32110188DC0C857ECBDEE404959C1BAABA2534EB813F51FA24EE0559EF0895489145C
S32110188DDC45B0715FAB4FC6065AFAF1223C4007E6217E36BC868DD2837DA8966CD2
S32110188DF8A2ECD97C1BC2383206C706479E43ECDA65182B23FD3E8BE7BE96D74261
S32110188E14200BA4648E805BD2CB74E455448EADDC78C0D8BD89C600409ACE65DECC
S32110188E30C7EF370AE3B1B2DA4E2D3D56B7AEA6804C722B08F19C55B4395BBC7DF4
S32110188E4C8207D4A344890A2F17493CE3BF2A9692CDEFBF86AAE379A4E992E6A595
S32110188E680E52366C3923519074BBF8E7FE531C98D57301D591FE0076919C8FEAA5
S32110188E842668D9BD7399C486D363E1CB899E1A562AB093DB236B5501BDA91BBA4A
S32110188EA02ABE9212F6C358F2C510F113837AB92535F1C80B076E9BE38F27E22899
S32110188EBCEE649A92B63BB244FCE4972FB0DAC26BAEBD1BED05BF4F876F155D229A
S32110188ED8887889EE4361C45429C0AFDC5AE8DC143F11FE14B3C19A803C8C926DC0
S32110188EF4154199F3374386B4F5D761797D80A1FFEB47B34DC8E784D1701356BB91
S32110188F109ED9BB94EF62C35F474C7F24B0D119AC5AA2B8EF75E180003D635BA846
S32110188F2CB2907F3808B8C667993C8B88BE2C68A8B6B6850ACB0EF30D3874B59668
S32110188F48B3E47F901D72F7CD2F1181AF1353467BD643C121EE62CE36C7EE91E8D2
S32110188F6492F53756D87C29DCD7F1B98FF9D80C8E0B2210A6ED176EEC68D755FE08
S32110188F80E134910E8A8FAE571F9A3AD52271C594391E4F73656D3EA03CD1F8D380
S32110188F9CFEE07D2993D50A61596477F5338043F6F0F1275768B988D773D28B6808
S32110188FB84B5F882FFAFCD9A9A9139F5F53143AC364029434F9E850D6B98E149355
S32110188FD4EE25F8C1E8CA78BAE48D826639E6121E22BB1710678B5D2C7C07AE8BC0
S32110188FF05C0F3A8DD1D9B5CE203C8867083C4F2AD1285E313A9EC43C2442D946EB
S3211018900CE667DC88084819C3DACB724E43CBEB087B9841B43B5C0FD1190AB78EF0
S321101890282678A81BB2A0BC16E60C828A534075D092EE2A3ABEBFEC148E8F1F26E0
S321101890444BAFEBFFBA239DE14D7C27946DD684C9AAC78126409DCC948AFC29305B
S321101890602017089823BA03E4D609DA44A1379583B56C88CF77B1537BFBB72B7D76
S3211018907CC719278921FE1C5FFB2FB9DB60639DF2E0C26989064241CEC9B995AFBF
S321101890986921DD4FD8E475B33C4C5C97383180D7CD0FF836E83EA45CC944FCC8B8
S321101890B49B1FC190440500B34D8E58F89CE656B53F5B5101C6E23B2C7C9B40342D
S321101890D07A20FB07E9177C94C16AE0097B643268BC8FB2C655F83B2BA8AEE0E78A
S321101890EC28B76FBCF212BC754132E48A0A9269E9F2D11F5D6BBFF1FA01E34C2187
S321101891088EA371F73CD128CC23FE45024A2668BF0EBD2E97E388E01A3D5094ABC3
S321101891241AD823135D5A89B9C0245CC9D4AE8D72A15694C9A4B0B1B3483908526F
S32110189140B27FDA032465CC1132DF79EE2E4D9FC005102D6CB79D4F3D79F397F29C
S3211018915C1B6984AEA5A8EAA32A7E18B0146DEF2F65B3DB3D22027969022E00E9DB
S32110189178724742E6CC3B9266C8A7640456E845ED3EC94E9E5334EED206F45F8B68
S321101891943D43045AD219C0792A37FA73EFD19936555C53A0F4A1D99CBAEC0337A4
S321101891B060B23376EEF7C644678FEE0ED42510B3EFB74F05CF92B995E039EB0C64
S321101891CC94665A10DD1D3301063DAD4DCF17D8F7B1131644507F3B6C7400BB0B07
S321101891E8B550D0B0F980C563645F97C9F26FD291837D4CCCA195D7F6DDF3C6522D
S321101892042BD508B8144789A6EBD4244CFF469A4EAA09C02436278FBFDE3F854155
S3211018922076842896FA5EF37B7EFD258D96F01377986AC260EBD1642B83467A7225
S3211018923C2870E1F3A2F7108E7C97BAC1BF715ED1985893049324C0F32D8DB1C03C
S321101892583CBFC65078D4280EAB4420FC0DF430FF856586D4EC099AA31F814D2873
S321101892746877732802966757D1BCE4E7C6FB91D830E0001638A0B876D051D5EA52
S321101892909B077C8F1EC66792707F3E019FE74E89584A0AC0D36C191448FA7B09E1
S321101892AC65656C9D2184DCE0BF9E855D9AFCD0ADF972FACF554F9D8CC1C87E6288
S321101892C8892B3E18140B3DC18BA606A3898BB7E8C6028EFE075733AA4E53D7ADF4
S321101892E421D2E0F302809FD6A995138B5089B240EF7A5FC018EBC226C4F2A5C945
S3211018930005BB83AA50AC4EF3118B6FA006C7022F6058920CCA55BAABB8DFA4C576
S3211018931CF427C947ED99B9B4E5308E47C7024356EB8F53E9C0D14182BA8F62CF19
S321101893381ED35B2C746E75696D426CD1C31C29FA01CCB46E5BF965B6FCD11890F2
S321101893545D8AD8B7148745A00523394A0F3D40BE6C4D357D70034B6B42E5C03633
S32110189370C698C0C5457AE0596D9F6335949D236EC922D69D7AD75CB771C62264F3
S3211018938C1EF03B81749B723CAE46A99BE249AB0C281A96D8C01D3FC087BA0A1B04
S321101893A8C534DC07934512FD69FFDAF28AF13C9EBD50A50A6D706C3098007C25C1
S321101893C443F3AD70C29D03D23E7930D2C6CA13591D50B2DB95D9D00CCFAE66E814
S321101893E0E816FD01A7B4B2ACEE5FAA6E079A4671CA13BF2D818B23C3E1C2E92466
S321101893FCEDC52E417232BD09CBD6C6CB066C6029F655C78D40955DA6914A76A106
S321101894182844B94FACADCD1E61195848ED7F21318D133B1FDBF7A5EAC06992D88C
S32110189434183A47157881FFCAACA19FF4EE0F318B7D34361872A386C524364C6977
S32110189450B046ED98519DF6B1B90D50322DF2894863EB984A3D77B011F07886ED0A
S3211018946C924E0A85AC9D37D0DB56F461FC88761D7146B4CAF9149F41EA06AB6A33
S32110189488F4570EFEFA53E2EC596BB0107C37E9A17732DA7CCFF94BFE19DAB9AB00
S321101894A40343F1865FBD4F86D069E8018D9122196EC59369DE234F399D454BEE82
S321101894C07C19E94E8746F88E2349190F055C3F0C3639B53EEF678303541FFF76DD
S321101894DC59EE9CF95FD3E64478E94CAE239190B2AE5A372868EA0B67FD17E49802
S321101894F8A201E5EE05C8950BE9B95DDAF9FA087ED505E5C51D1B01C100FFB3DCE9
S3211018951413983A1DCCECFB5FA593BEDD25B909080D348CDF505E7D79F493C9F3A4
S32110189530DB65A14C1D10C4A4A677E1D46B7E1D0613F121AB48F32C15A4E78FC229
S3211018954C265B6C4E97735EE0125617622E56863FA2D42890DB836CE2540673D6AB
S32110189568585206E638588C4158297D25AAAA630214E8446376DA82AF602174E3EE
S321101895849117057214E97B7300F56EF6184EBA6FAF1FE8B96EE1941E1DCFB17D21
S321101895A0E7BED584C758254A7D4D70334C3DC9B7925BDE7A664466C41A87F64D82
S321101895BC114D443163FEB48C502420430C8E33E0DEE78310F311ECF1131C571E90
S321101895D8F165D01A33D2D1330BDE1306675CBE4D70C2B6C8D70A8A0C7AF88928E6
S321101895F404219318D363828E7F06778B938FCB39328A68DE761C58B99DE3810EB6
S32110189610189B442E22B783CBB3DD48472AAEA76393B94BE55C61451244475E1832
S3211018962CFFB68E11FD02B348162E1BA4A416796C6B0E4B5ED849B52D039ED0C2AC
S32110189648A7BF39325224C936F05CE907F8A73240615C37F88CB8C734BE955E2742
S3211018966432A5085C54A80B301D85B81817087ADE1DFEA1303EDE8F9C35F3EF71A6
S3211018968075310CB9557103DFACF55DF8F1BE44B4FFFFFDFF1740953B6EA820B2E7
S3211018969C87F308F638745682D2166BCE514661B84E62CE5DF57F75C3148516047D
S321101896B8B788658CD6C8017F7F56D3A405F3F5DD93E6E15FEBD335FCA00B88AB7E
S321101896D4E45B79F5A685B5016446DF6D66FAC752CB1F1273221BB8BAFBA62697D3
S321101896F0D36C826690977F97ED38DBABB95CB2B04944126490A438E5A313C0A53B
S3211018970CDF7D9FEBA85595835873CA49D3AC8F93E649D13E23758BACCE21BBF4EE
S321101897288895A60F542D2CCD6A4A0B5319AE5A44C62B9481582A942C0B0BD614EC
S3211018974443A8950C4E077F932E15804F70E193A615D93F19915D5AA41E9D5E7B86
S32110189760E36FB5CD390E5554DF7429CBC3E4474D9EBC92D0D5F9E3579A419DA994
S3211018977C45671F4E7F91BA492E2469595131CAC742AC3F17177AE80E1F0961F804
S321101897987FC1A5454543B1124929A411F6CFC28F67A1036624493C2E94094A198D
S321101897B488F46476237E83F0FB157561F7DBF40A198227C12B08BEAFD9E379CF24
S321101897D07760900FDB4EE081042F7FA167119742A9217797C5CF07C83C84AE51B1
S321101897EC9FA993A59762CC2F85926519396B6C3E9A33431FDA7C95B05F7D79B409
S32110189808CE88FD2194C2AB938BD427F7BE6A3358D47B3F0D08A0B2B295096E7DAE
S3211018982416421BE3326C41155DB9C0BBA97D288BD94A557ED6CCAD156CC2288D09
S32110189840F291E7EEE4121EEA86ACC5BE2D4F532235D5B072C6E4E4FC2AC8EC85C9
S3211018985C9F4D127F81C1E5E753BA36706B0CB653435B99302DC485A6B88E9C3B64
S32110189878A05304A2E30A540D0D6DEE9958A46BFD7D5296E2D29EA5DDC586DC37C3
S32110189894557563AE936544A6C5CD80E2DAE37B4E8BA9CE89A9DB187BA2F42BD31D
S321101898B0CE968F9D01BFA21D620150C69663EE13B42F2A997C6F4B260AA4E64B0B
S321101898CC54E2B74CF7AA66A66C76BFD3E43475558929886B59668EBA7FD213A95D
S321101898E87816B2F786AA2C69DEAFED9D5BC216C935279C1E3C1EE0EB2B027954F2
S32110189904F3195F1FB002EF4DBD4B410674ADA8C7CACDD2FBBF024CF7C7761A37CC
S321101899208563158C47517411BE57144FAD922DC9BCCE1D362DE2FA1A321C0A78DA
S3211018993C86B8DD2F2B2EDF68239CA887ECEA633EDE1FE13020FACBD0607D4DCCD9
S3211018995849B7DCDEE269136A0466D9823D2F5832C71377DEB03B821F8114BFAACF
S32110189974B0014DB943D60252E63C9A2CB5637BB3307C22C7CECB7BCAA49379D262
S32110189990FA39984F0DE67540F14BC99ACE5E69B6CC0C38ACFA97D41BA188CBA809
S321101899AC21F836CA793D585D199B3473A7A8DD8EAEF36364C5A6F0070C0E678FFE
S321101899C8546EBB08488402B720C43FC30D55DBE5FB9819294A91BE57E21939F159
S321101899E4A6568580EF4228F8BA85827F7422053E0BEDD2737C456005A10B78380F
S32110189A00C6F49E3C2362EBAA704DB0376ACE0733B9E6F6DDAE61F1F75DC68996AD
S32110189A1C1A33A3E1319371AAF7A4DC3156418E8627A8551C330A7E8DC9F8D0855F
S32110189A38709DBE8F127877DE9917188E0981FF7C14AF891E6956D3477496D80526
S32110189A546753F5EDA437BE4BB1993EEAF47B727980F0F2A1EC7523C5D065B464E3
S32110189A70E0B79BBAF53B9CFB057D617F9B2190967438E61A80AD7C8E913F406959
S32110189A8C7D9F439146FDC90580E6B8E533BAFCDCEE110E6CB00BBC39FD7FD6B795
S32110189AA8F5FC8BD4E592DA501511B38C6EF41AAABB93159803F7FE700990B71B2A
S32110189AC48EC1D431B5FA308A3E8A6ED6616796CA81F9BED679E1116DBBC7870177
S32110189AE0AA9D5EFC732CB128156FE3FC40BFFAED53A1C39A389A38A5467E13E81B
S32110189AFC918EC5C7F4F8A5CE62628C4ACC76C6CCE6BC6F9CEE59A15563DB6B19FC
S32110189B18633E0CDFE3C6CF6CEB10EDCEEB0F4670F9AEAB6F9EFDBBBC313850574A
S32110189B346BB23D16C34CF4F262D562CBC0FB08241ECB8FDD59E1F6EA0E5CF686E2
S32110189B50CE44B9C8F7E9ECB58E925953DE713EC3194943A02C4AFABF804F5F26D3
S32110189B6C8B55B8637E5D7FA839A028D7192908D2BC5E7921D2AC4A72BA9B6B7C94
S32110189B88421C10CCE44FC21A0C18A30ACA908CF437DB95F819558E859F704E6FB3
S32110189BA40FDCAAF640DB46E73BC55E9BB4365D371034361094E34A03DE424EF879
S32110189BC077AB5560E7FA33FD92E705A431C818DE74E886BCAA1EA25A000DD256CB
S32110189BDC39F59851FCAC09B96EEB552926A3FD6F417D1DFF753280618C27C8C70E
S32110189BF86A862C8D15049CAE625853A3E05D31818F650252B33EE0DB8AD784029D
S32110189C1476A2A155136B9470E8A39D69AFFF2567CB34B77B3DCE3D4A1B6F395FC6
S32110189C30982003E1C416E6B2757823C108BE6DF53E0D4DDCBBBA5327FB9196A2BC
S32110189C4C6934B9DE883B5698EB3199B3A6F6AB1928584034F082A1B4315EF91AC4
S32110189C68B2AA0C7EA16A9DD133FDB06246508472F654943E5087C42033CBE8F7D1
S32110189C8416F186C9FE761433284ED15EEC41DB858B1751D9B6662A052EDA1EF71F
S32110189CA098F2345C17A0B7087FE8583BEC0F1E470D3166D05DD325D48D7CB983AE
S32110189CBC316C795E0476F36D0E46F788C6F58A249FC0C761564627C474BA4D96B5
S32110189CD8F1C9CFBCC83C68AC5EFDAA2B6A2DE6345E9A58F7E650E0404AEF5E5F71
S32110189CF419F048F9BEAAA013418EC44FED3FA914A56C6B341102355834C2C6FAF0
S32110189D103221BA16AD13647E22266E6288FE20EE0C9A5FC54576E507C723FCBF82
S32110189D2CA330E891144E73F34B2683AF8A17AC706F3509D5AA3131B16646B037A7
S32110189D48E9FC5949844BBE931289DEB7782AE5FC2A85E7D563FC73E2D16D018099
S32110189D649365B33720E505DBD3DB0EDC54E04B517727F58637703F82E435561A7C
S32110189D80AF1F5DD3FF1641DD9C359F96411E2F0FC5AD97D2F1D85BD2AD22479B43
S32110189D9C8AC4F87621B38A35174CAFD5EF543A4498A48B74BC5ABB518106C2FFE1
S32110189DB8E1907BC0BFCAB0ADA4136A979F392BA54C987086B78435B1A14F94F9F7
S32110189DD48D95ED5D399B598135580471873F0856FF86A8C39BAADE549D5145BBB0
S32110189DF0A92D99CED1FC36E6E929AE14C4B41657592A724BBA0F45865C356EED8A
S32110189E0CFE912D6F1901E25A59A2316BA8A58625DF39C9E4DD9CCFAB64D4B954FF
S32110189E28ABBB7B121F017A7B821905D6200A38E3ABD897438DA649B161FAFCDE6E
S32110189E4491F2F03602E2D80FF9429847B70A65A4718F62054F4B41BB690EBFE861
S32110189E6039B5D89C75EF60B10E0737CE08BE4DB36A2556C788D864C07118319681
S32110189E7C4390D747C3CFC63D370CFF0A1B3AEAB64599C60C0DA310F2C80D7BE63D
S32110189E98A8A308237BF7AB0095D72D9C3054D050A760AF12129883193F52434EE4
S32110189EB4895B314E10B4ED059F3CD85AAE4FB79ADE044BD8D7EBB96C637C4B8357
S32110189ED099FFBB303B938177BCF8A1FECEEBE068EA3805193179EFC6E6DB5E38B5
S32110189EEC4F72FE5F36C290772C435F9AFC9C347B93C76213B0BB5C72F9145418DF
S32110189F0802BF7F42E2B287E7D358CB4FDF7EF4BF43BBD9D3434FA608960077BB84
S32110189F24656A537AD8BF0CC5190DE94ED1DF13D35558F8B8680DC9B10B6CB9C3BD
S32110189F4039C4D16F427CD82140560709765D788AC26C9D1784630A3BDCC300BFFC
S32110189F5CC3FAF256D1620D213C6A0429C12DDADBFACB009930B2039476CF592842
S32110189F7880176833FC616F16429993189078D71EDD874CB974C9F1AAB62015F7E5
S32110189F9434A8ADC850B8AEDFCD1E0E133DDBEF85E98981D8400CEA0A9E767395DE
S32110189FB071BDC48F808E3AE5D1C7A3972B804E28F359B8D14519B1C11E7BF6048E
S32110189FCC21DD4789CA3D1AA8AE0B3DAF533FA0BE0428C567F4AC820A044E563EB5
S32110189FE8A4A0570E62B4369AED8C7239E0BA9626D0A715B5F43D24F15F6891BD8A
S3211018A004EA61FCB018D2EBBB59CCDCF0C64FE22FDF2294B37D9B4ED09691337F1D
S3211018A02008765DD7AB15DCB2572DCB1A5E6C71A1B894559932787B5FAC3DB7D083
S3211018A03C6007FA48AFAE8753B9FC6BCBDA66A0D65242F8D55F97C39FC952165B14
S3211018A058A3DA293D2B163248C6C592E26E69E9BFA8C25511503D014B690A48340A
S3211018A07441F797FB253A50222678FF0285F9C0CB8F188F121DA293DF46F797A76B
S3211018A090747CB48983DA7D062E74525E4454578466265E4A671EA2891A2D9108F0
S3211018A0ACE9348497842155ACBA192FB2F372F926DB232947692E09A3A8DD945A30
S3211018A0C8A05DB012FFD2752DB906761C6B9B40D9324D0E8191511BD57C5E6EB6CE
S3211018A0E4C55BC906A64C116131AB42EB06C43546698D2C166A4CAF5B8045B7908D
S3211018A1005237201AAD7EDBA5B8DF0609C68A328E7855BEEAA711E3D017C0356F96
S3211018A11C8DBC8362487D6F82258480E7E8E03BC7DB27B3BFE9B01EF651A9DCCE76
S3211018A138C17904627E78EA8881A07AE06B37ACECD3A5CE4AECA28898DA58747AC2
S3211018A1549CECBF9B2A6FE7E1118630A59432F86A57D7781411169AA2CA03CE979B
S3211018A1703068B4797B9CDBA69BFBA1296E3A48AF5A1DD426970955F5755BD34407
S3211018A18C8DBBFA9B3972AFD55FC5447D0453763F762D30A3FBF5BE1A0E86DC8F4F
S3211018A1A8216CCD043B6CBB051B579E11906B285D46CD29D9A83C0F0EFCA59C6351
S3211018A1C442821A50FE01D85B88453B7981C5E4FF84B2CC1FA95FAE608B91646C24
S3211018A1E06E748975C20B1716B09FA1231D4909DB4124DFDAE4B33321FA0DC50C1D
S3211018A1FC5FC23691CEF73845D44270AEE6070ECEDC796814EFAA229B1AFB944AD8
S3211018A2181EC50C9DF5E0509E8EDC9AA386D61B314BFAD62B70E3D5CB2A8EF97103
S3211018A23430A4B29E68CA2EE59FB377A30FCFB2966C2BD2E3AF765CA002CCDC10BE
S3211018A2501E74D1ACB7EA125C394C4BBBC28575F2F72F360B3C21E137D37D8DAE06
S3211018A26C7AF9EFF53ECF0E454408167941243F17356ECB630C57CAE341F8360605
S3211018A2887F92E6F58D684375F1FCBA7673942F08F69D09F9E07F14C4275BDB5817
S3211018A2A4B3AAD74511D739F3F06FF7D3325666164164A6977266F0A24D82815DBD
S3211018A2C004B52CD0B79C275CA6439459A8AAA37F0B23C5333DF12DEE5503290D82
S3211018A2DC6243AD92CED995A8E720A89BC0DCA29F31789B1CFA0A3FE018A9767B14
S3211018A2F8ABCE5BB8025543935997B13D9C6E66C732ED623F96CC9946B6B1707600
S3211018A3145B1EF4A2EC48126657169EF419395CBB12AE0FAD65429812F0B276CC2B
S3211018A330A6540803921B384730DDE8A3D9791908558A21A88F079393FDC1DCD8D1
S3211018A34C898AA62D234EFAC4EA0D268F4580DE864493E3F52BBC6BA031813576DF
S3211018A36889E4AC2465298FB477CE5860315372EC1A6E12C96AF733B7F7EE2F609C
S3211018A384D574A0A5E24B81CF4DB584C1A35210A2384C1D1C4E7BC4F3CD764D17B2
S3211018A3A06F60FE576683FD25094137FBD4C52C5E55C6E98D4CB8B1B3DAFDD629D6
S3211018A3BC8F93197EECDCEF4B7726AAE9DDDFDC44D359DE751E24EB6B5D841188FF
S3211018A3D866B8C4D0C9D094628E97A127AB1DE36C04683E95280D6CC686C82BFCDB
S3211018A3F4425BB5CCC3513A03AE950A607B6C5790153961C6977727B254141690CB
S3211018A4109C16BE37F3F5D072F3ABEC33649C9CED2D693929CFEDCE193F84020883
S3211018A42CB5E41EDB8FFC1586CCA0144405A3926056AF7C94E3A3953576ECBD92BA
S3211018A448B86D3DCB537CC0120347C7C4FB30DF5D8C086B67A272392B622626B97B
S3211018A4643D815E2A5B46FC7A1B7ECE42D450FADC0C51744CB83534E1A538AC4EB8
S3211018A480E3613CD1102801F445561C6B59F2CED3B2E37F85E0729706048E70CBB1
S3211018A49C160A0E445048B7CE6692DF1538EB0E8AF908586C29C28E9E1E1187CBE3
S3211018A4B8DC613E155DF3108CA86B13695BC91657A34A04A48081C6D9B4FB01F4E5
S3211018A4D4D26BACD0CEFF9C624C2C4F95CD23C2D19B6C7487F44028D6398A276558
S3211018A4F0C7BE84F377775DC21A4A2A400C584AD7F844FC89394C960F5E60CD3719
S3211018A50C81B661DD25AEB15E22771AD4735E3266EF1DE7DFB911468C2DC324A399
S3211018A5288AF9E1BA094B665FECD1392A44B8C0B66F1089CE849F7AABFF0DBF44F3
S3211018A5441ED34CF6F138F0382C9B6DF08BC7791004B63E410BB2F595F5E2D90218
S3211018A560D07B51F1B6992863D109D4ED3937CCF65FF801120B4514C7343ECF3E69
S3211018A57CA3AB4C5EF56F3EB51005D8595ED19150DE48E95F6E0EB74A21F6B684B4
S3211018A598497FCB67478C1FDB0259A5C5F0974408AA9CF91F7CE5C1412A756CC985
S3211018A5B4F29B5C3D5A3F1505289A3B26A6A6B912479526696058B66937EECCA374
S3211018A5D057DDE87E9C83078FB79E1D25DA7AE926254665813BC00DD0E5FEDB1EF3
S3211018A5EC25EF3F704B10DB5ADCEA2315715EBBDCCFD581B9F73C50CC484166F45E
S3211018A60835D0728CF29287770E38CE5B47CE283F5BB134833966E1D1C45634F83E
S3211018A6242636094323CD3D0CBE11DE736AD2FC81B6FC75E655080624E57D3BA55C
S3211018A6408324F1CF9612D7F944AAB04B8EC977D66AB6A4230EAEE367D59DCFF73F
S3211018A65CC098359DA7645DAD8B83232555091438A0376080569819C9B7661BD4E2
S3211018A6789321192AF36CF2798AF98154FFABAF37F0C820528AC4F13C56C04B32B7
S3211018A694C174AC8EF53E0B0CDEA2B2544DB29BAA330B517D765661433CEACA7E0F
S3211018A6B0DF6BF2181B6FE79CB45377239B0CFCC7724A228949A996F6CFABDDE0D8
S3211018A6CCE895A1329586C12E2BCFECDFD6101DC1BE34877B7ABEFCABE91044CE83
S3211018A6E8D0102497B95570BF9EFCC2C01EF4108C0C9602C4AD6A516708E777AB3E
S3211018A704A25D9A102F1CE2CB92A26351D7DEB79224153631F58899DC9E505BAFFA
S3211018A720078E67382F9810BE6EB2C135D646240E59436998A582B2B00B3CE4A9C8
S3211018A73C9CD50EF867B6AD265AB3B83D690EF835E040EEC88E635F39BF477B6581
S3211018A7581AC77E0F2741EAE9D440F20195266A4088C140CD6C4016339B6D627875
S3211018A7741FFFAEC230F3A6F03C03EB7867A5EA39A9E4BB14B2BCBEAF8188306FA4
S3211018A790DCD4D857DE75ACA4677053137BBF28392E40DB7C9E835B7226ACCCB123
S3211018A7ACC7DFEDBFDC02226A60A91996B91597053BCCBD510ABBB77957EAFD5AE3
S3211018A7C8EE661B4B7F21A0F604A6BD7E5AFBEC309487B474F8360DD83AB766E56F
S3211018A7E468230FA55D9C212E3CB43670E03494D1792CE26B3B27A27B1B643E70F7
S3211018A800888E4A0B9B0DB4E40DFE233F3CB41C99E4C9488346F977A87F0F69C1C3
S3211018A81CC3C4F14ACAE8D6B22AD21DA725ABD0F3285ACB01EE2F0EB7D386E2DE5A
S3211018A8380A1526B20F01024ED031F9962F497F6A1DA9E94D187A41EFE9BBE6FC4A
S3211018A854365CDFFCF1C711684E17141B1B0919C877E8F2BB5D67973FDE9DE73D3E
S3211018A870019313DF766465DB04ADE828C5D7263AB2F9AC8F897B9501E47FD14C41
S3211018A88C537FF188DA4EE89F897C27868304493385123F36FD5182A794FFDCD70A
S3211018A8A83156556F42AF2D451FF6214E54CC90F36AF40E4C2F29C7ADB6F9AD9A17
S3211018A8C482B1F3C728F4017C79E6709678275BF328BF464A4BB3CBE2739F635982
S3211018A8E07E95036F92A318AFD215C91882109D552C70C71EBB4E6ECA2071CC9EA4
S3211018A8FC5F2CC2154C9A245CD73BB7562ED7523163B0E6F544611B2F284A455DB2
S3211018A9180C716B71F0B7A1BE5E11C7324B4A5258B8F02578EBFC46A6A552C50B10
S3211018A934DC68DA7827EE58A19B69EAF3B1FAA742E78B149D54B1BDA84288C8D6CB
S3211018A950FED00589A91868D3D5B6C3B58CFC96A19EDFDE9EE924955DE535640D20
S3211018A96CEBFE1132F84EDB6010A36196C2DB0EF9C202A120F4B565ADA3D368A2E6
S3211018A98888E60DA11B085FEF2604F9312D038B3466665C33BD607FC22D1CBE3BBA
S3211018A9A4BD789446A291DCA64F6EBB31F356613059E673D2A0CB39341CACEBEF24
S3211018A9C0856C70DF4EF51912CA4AE29C44C4AA040E7544FC4A554FA2FC5D351462
S3211018A9DC369FC9145BD0A595FFFCB58DC6EF92B6A9AD80777C9193BADAAA64A4AD
S3211018A9F8D550BB018CE52141536896C679CAA9DEBFC19F7879D74B306B64ED2B37
S3211018AA14789D1B7E721AB7F7FAF5B11F35D87E1CC983C58619062919128C65139C
S3211018AA30844273340F41CB2BCDF07BBD5028419F1C6F60C311D1D0693BED891D45
S3211018AA4C8075F6871DAEEC51858C09FFF20E1C80F047CDF2D7D31084A529C3C408
S3211018AA68F314285CC54B982D18FE771B0F5C4EADE450FA5BDECB79AEED7768E22F
S3211018AA842E7CC85B3DA47D6616BCB432322C3C31EE1D770A930695A19D7B636935
S3211018AAA06C772ED021F6E3C73D3ECF6420EA71FB074279B6EF522F8C0A88EC8B29
S3211018AABC88F04977D2C1DBD10C89DBD4DC4DC539C95C56F11AAB78D4C774675CF3
S3211018AAD8DC569E20EB7303E4EE053C605112D46AFABA3D104854B5B57FE388D707
S3211018AAF41B90D59FC85A51AB0349798A9104F098942F14B91B263B920A9554BB23
S3211018AB102123FE04E28B828CF7EBB284580EEDCD442C15989ADE9B8DC71AB804A8
S3211018AB2C875B4F74067A63177AF8FE22AD18C306DB6FABD381D44E2F8875FC424B
S3211018AB48B68EEB61CBC4B46CEE280F587D1DCC398AB24C2E4E44A0DDB4F5AE8BC1
S3211018AB64B8567D38871DB694306570BA853DBDE1045510A3331CF13C1A10FDFE2A
S3211018AB8062FBA939B45B4345E2E43CB5EE01FFAC76000714F8D24E88E5141E809C
S3211018AB9C46267AA2270F68059029C6987F8AAC21832EDE3E6C12ACB943C3F85E4B
S3211018ABB881448452689A8F362E710A490F82FB53C53D215511486420B913B4FE4D
S3211018ABD4953405744B16C93F2D3B17CCAB6E92968B14125C50F809A806CE66863A
S3211018ABF0A7D3D6F7FAB4DF07404F561469FD3F71791351D3F5654A5F268B780C49
S3211018AC0CF90D6F67368887BE11168B798136EA888A8BD61387765C5929A0E86CFE
S3211018AC2831B8C0E33DB6761C4D5408B091F61C35B37538AEC4CFEEF127B5E62A34
S3211018AC44DE1EDE0BB7BB84C9B007D591E8F2FCC940245E8EA20D47CE88081C1294
S3211018AC60F27ACACBE3BE2C848B8118A0FD55679AFE9524B6600DD378F36B8981B4
S3211018AC7C52D4500BD5A26D048BB604B887FBE9FF0F76279CF0D6FE767406B6CE3E
S3211018AC9800569E784A3434C781C6856230B832C1127D37AE8411317E0DC89F7BDD
S3211018ACB48F8763945A6D4E1BF3DEE488353C261351D81A4FF69C7D5A766A379987
S3211018ACD0B80D6E317F99034CBACDEC9BCD54E176D4382EAFE913152E48BB847AC0
S3211018ACECD994386BC8A6A114D22045521B3B3A7C4E3DCC06F0614EE2E53F6829C3
S3211018AD08755B991A785DBF217A93E9413CD912C4ABD5D5DD3DBEC6A2FD88DF1F8F
S3211018AD244C5A2BFC7192A5439071434506F596EDE35E3D20CB80AEAD5481631595
S3211018AD40C7A492E0BE7E01F72CA9EF4D6DA543995AA2003CF8FC1F2C600D91DB69
S3211018AD5CD690B82E4250D348481CCFADF3853FAC7F3CAEF8ED2ACB1BFDA9AE6659
S3211018AD78657D7D8BFCECA85775E798E737CD86AB273FFAA346008190CF363FA86A
S3211018AD9469BEBA03AD821B784858F64079EA3A9029DF6EAF082661E82AB5AE9B08
S3211018ADB035509293308650AEA130195F9465B38A85A872CE95FE456E51DE0AE1AF
S3211018ADCC70FB71037EF9BC617D84136342FD5078BC92889C3BE26686EEC602FB20
S3211018ADE88B6A80A2E22EDD6F26E3375B45BEBBF85643D4BCDDF4BF25363001A375
S3211018AE042D70A8488F00337352464DE8890109A97614D59AA100EB4E11AB243056
S3211018AE20C5A9E805FCC80FCCA1C06F0A0035FE60D81D0C57A89F37733BB4B7335F
S3211018AE3C8505BD19680CA7392579BD671AA55AD34C2A33D0104F874B4B2B835176
S3211018AE580992373D852256A4F10E3A51A268782885A943A651A77401F3D17D12F5
S3211018AE74D339BEAED927104688A4AD9040A5377FE7D010C309B5EFAB2E14A1B24B
S3211018AE90537A3E613306C78AB25C3DCCD7D89B00E8AD0838EBC098F4FD2C5D652A
S3211018AEACB79CF638E689363A54C8886F273EB427196246E11AAAB0A440081CB2D9
S3211018AEC8C326D96612AC6112F1570D0EC99C3C29EB705802DF54F132FAF58292AC
S3211018AEE4A7B4231B85F9DE1C63584A3B1D75C9551823C69D6A7EFF28A43CDEF0C8
S3211018AF00D6CAE36017B0B79F0026B99F63DD86FD221E4FF141536728FF23A165FB
S3211018AF1C60FD0560196E1973179AAA0CEFC0FB392A3820F5EE1C58C0FA5E9B51EF
S3211018AF387C278B6119485945CA038401243ADD0F64587B5B73496778702779DF89
S3211018AF54662A1E77057733A9060788E57FF054FAC85094E6E8AA5CC65D3A759B12
S3211018AF7045B94A4F5CAACE06BC17928A82193062F6780CDCDD5A70AA6E6390867C
S3211018AF8C66891BDCACC284BA231A0B1FDC4F751D96991C91B7D6AF26A9A83839C5
S3211018AFA8CFA5CD72F9D2C5C1B407D22F03F72B248C39D4A93E485A039B344CCF47
S3211018AFC45EA8F400D199D0F3D982865068F9F03338BE0D49CAD96C14E4BEB31C87
S3211018AFE0A35EC7EE268624C1B4BFE87385CB2BCD241057596A377405FE5F5CD43F
S3211018AFFCFFB111DFAC42F3324D9655CC096E711813E33E1A22437D25D594A113E2
S3211018B018BAF261D0D47DFD52D5967AB7918A3BF18D907E8A0E0315D5FA60444987
S3211018B0347E602C54AF45B3210A42184D8A92555EF0442FD0575DF07B5BE0FA6243
S3211018B050EBFE95CFC47C9BD459B028E0ABFBAD0CF33285F9E067C69005A9927654
S3211018B06C9CFD3CA7BC69B03390B05EC3985C92AD5BB7C04EB5D3955C699B337141
S3211018B088F82394AB86C3808EF89CC36E44AA865F1E4CA5C4FB0D385928684A9D52
S3211018B0A4E9E10E49EC615862578C61683A6D7B3AD494033EED88B611D953E499A4
S3211018B0C063384C17884F288A4DF507FE28A0CCFCDEC51B96BE36457D59ED40E177
S3211018B0DCF6A874673EE6AA50D856BE3C11BCC3BE6E096B7426695F71AEEFB9CB47
S3211018B0F8F489611A33619A3A4909519E087D54EBD3CD457FC3907B256D60094C30
S3211018B114E20FFB5552B244ED4B85E69DA3D36C9A802A2175CA71DA705D842A9745
S3211018B130F43B10B412D242E21C832D97B869847F16C0708698E472D941FEA18E52
S3211018B14CDF9C249D27CC816692632127139D7EBFBBD6E410473859BE557A187304
S3211018B1681F2A34F3A1953B0A1975F4416A2FB44F944706977B45EBEA482C42F799
S3211018B18450F95A7AAEC4659B1F677106086A8D2E15CEBD4313D51E7D8DFAE2BD3C
S3211018B1A0C4FD9B30567264C3EC0CD94DCB34B48A0BEEA0A5856330BEC9670FC379
S3211018B1BC6E7D16DC65C904803BA7EF183BEB1D4F81AB60182A8F40B4895E607D2A
S3211018B1D823507E23AAF3DABED456B0B35C27851A8DFB02EB09ADCF6931FD9A66A4
S3211018B1F4CC3D765E14F68F9270C190B0726AC374FCB09305757AA869367C9929CD
S3211018B210035FC4B67B3B1D6EE42B0A95C64B59FEE94B5B757EB5C0B4E1FA47B440
S3211018B22CC34BD5CF3B5882BB63FA15C9E1D3F7529C6A87424014D36BB7EDDB340A
S3211018B24834E11BA477ADA698563E7374B36DFF60C219B362D97C842B260826F94B
S3211018B264BF67BBDF0AD29F420403820B4B62429BCF126C87D633D30BC3EB4E54FA
S3211018B280090DAB8D5D0F20CFF22B56B8E9DE661F38E316EA8E688A4CD052253105
S3211018B29CA06499DDFB7CF313556D16F533D59D493FB7C678FAC1373DA2DA363C65
S3211018B2B882697B9D9537770AA1577D02FA30685CB3BF47518B6A1527B3374C7BAB
S3211018B2D41CC4EC8880093895C3BB1B8C50B1C7AE4ADB798E09A48EB0B09FBC17B2
S3211018B2F018EC75F08FB08B8D364085299A6A7FA59C8FA3F176BCF69F026C47A429
S3211018B30CC2898A8F624A31B3DE7ABB43C482C841287809EB26EE4EDB9D163AE6BA
S3211018B328864681288E6BDE852758A928C1534E8E1BDE0264C49BBCBE2AB08A929C
S3211018B344DB6EB7C60E157B4F45834290364B130199517B3D3E577DE6769BE8103A
S3211018B3604DA2F5E1C65105FE0082350892E5E752963B1AC43F6481C69BAAABDCF0
S3211018B37C448FCCC38B45C0AFBEF8FD85425F610215366A10235FE73D0ECD729161
S3211018B3986D0EDE2F0597AEE8C0157D64CC4A938E2FD0ED5BD6C9A8BE7003CBFD3D
S3211018B3B406310613137B2012FE5F509265487A634D201904060CA86C052213BFCD
S3211018B3D0277D382F94A30936843EAFE0789033443054DF1AC13B2CD4C621B11CB5
S3211018B3EC36D7B37B3752097E88B753682640CC72A8A888E32A97E6A98FC39A62D5
S3211018B408EFE6415183A01A2778DFE98170DF6F5FA333978F40D80A2CDE41D6AE64
S3211018B424A370865808C0735A5A16589AF07B2E0E23D9B94DA755E58D5675F773AA
S3211018B44032C4A708AB906837EF4FEAAEB7B5AF9A081A3309C0AAB34FBA22C02F23
S3211018B45C43BFFB4395A5BD7F449768DF6394573F01F60D899AA31EE7D94E90AD0E
S3211018B4785B125C9E0708913BC80B9C16EB35512928535A6E2712338A22F3BE8D90
S3211018B4948232E1006FAB4B78524047CD0D9E284C686137B44041393D905C94FB11
S3211018B4B0592AEFB050A7F0D0B1133343B9EF44DB09BF2D1BD4CC762DC3B8E4596D
S3211018B4CC6A06B47F91847D29E150CE0AF9D030AA188D034CBC9E91EA2008E8BD96
S3211018B4E8EA49BEC7B615A971BC49D5F396C06810B02292153BE249ECA3A47A8BCB
S3211018B504404159B5C9D604AC424332CDF0F922CC9F7C2BA9F722241CBB6B6827C7
S3211018B52072E8F3EA233AA761D1F5807CABA34B655526D907B53DD4E46DD1BAC2C6
S3211018B53CB7A42DD6425D12F8B29E529C352327EBDC2D4076120AC6073E21F553C7
S3211018B558FC72EDC664A22AC58B3932EA9CD9DA46747D5083070EB52E7F497DFE1F
S3211018B574CD604B524103DBF7D6AD109EF12F30B1C985D01C4EA5F192B2E01070B9
S3211018B59097022501D05528B4235D4C4C1946C26503C39BC27609E3EBC9812046F3
S3211018B5AC07706C7DA77330E0DB9EA4D254DD4AB3506194A9B5E3F0E3D2A9EF9556
S3211018B5C809B0A0522369D3D4403DB81B4552DA873E1884D955BB88D8ED0174D2BC
S3211018B5E45BC9CBE05AC4ED8432A7041CBA22BAC3F42416A523CCEF8D091BA43A2D
S3211018B600E202362DE3CF3777227D4BC7864D2D610F54F128D0780C85B7BB0D0B68
S3211018B61C958851FCAA268C626BD035F785841F155528A8724608BA17F1622ABF26
S3211018B638EB7B9EED883908B78016E71AA3FE243BE62219F898AEF05490DA5E6CE9
S3211018B6549ACD13951D39DACAC1E3F2ABF38033418E90B0AD2DAED166F8FA815A21
S3211018B670CA250201C3DC7BAFDAAF5D5AA9FCDD26E63EAFC3C983B71D5717EF607A
S3211018B68C838E206C677B83D4A79B19BC794467F40DADE07C803DA126D260A912E8
S3211018B6A8D37DAC359D612FC3211E790DAE4F79F2BD715F98E3C3D31A4EC05707E6
S3211018B6C4561C3735938C03D6CDA51C2CBE30911463BA4D3D8BAFB3DF425ECAD16B
S3211018B6E0A4A7BBCA71B894E5DBFA84DFE31DE5F4F3282351EC6E656063F479C55A
S3211018B6FC235DC9A891B2B3007734AAD45A094BA31E76E098EED0F23B2E7D99FA6E
S3211018B718B9EA99694909A95AFCA0DEF615443BC32FD9F5567E394EA64FB0C4A3C2
S3211018B7343C1B3299FAA1CCC258ADBD0AF7614ECA20E190040E558D4A1D12DC83E7
S3211018B75083D589A099FF27D530CD3CC399403F608D29C30A65CC4519954A8A6546
S3211018B76C8463C6F6DC6F9A3452F33369A75147D920F203A97E1F14204BB67DD5FC
S3211018B78815C7BE74BDD42451A978E2039E38FDC7C0A67C65B35F16719AD8EC97EE
S3211018B7A4ADF19BDCFEEA4116CA130408EEE25072B6C73E3777D89FDBFBDB3805BE
S3211018B7C068D10D93B5EB7B614AFB5F06A91C013513EEB1DA92634AAB6593BB30EC
S3211018B7DCE3E452FC34B01A3DB9C2D1CE748F8AE70A7AB3360A9EF81ADB15862187
S3211018B7F8A851F7A3199B56773A0939928E28A042ACBE7E5B2B0DEC0E70AAFC5B67
S3211018B814842BFAF7B28C1FC3768F26F1809670CBBEB6D134F8F79DDA12A430D028
S3211018B8302D7D5AFB89C932F55C0D78EAFA8E20BB3A3B9FBE5F9B4161A948C4B055
S3211018B84C39BEB14E0895B72BACC525E6A21D8CF700203D74BD973C3AA94311BF28
S3211018B868C13436C4510BEAC66C92E7213FD34804EC09EC81A36259C3E640246802
S3211018B884208A29169650F663A2C45726FAB5835FAC5728682520FEC7AD1D18F26D
S3211018B8A05166FFAAC09BEAF8B9724EBDE22778F0A7D6FEBA02BC088E2A58AD3F23
S3211018B8BCB0D1FE7B7A56516BB2416D6102812B90DE148563F8AA767C1E2F863E3E
S3211018B8D894719576107069B1DAFFD5D7F92419D8BA459D937C0C577D859341A65F
S3211018B8F4C708E5CC19928054371E0DB7F52BE8D35AE4310ABAB330246D6D646A35
S3211018B910F16D168984BC4F022C1314E5651B6179683E5553459DACBC348F9DF0E5
S3211018B92CA33602AA0EC8060AFC7222F80AE90753D47CE6ED53A943455B3A3F0610
S3211018B9481583FA39A815811633020B999F76F09F26899D362B8842015BAAB1DA11
S3211018B9643523C12A5EA9234D44E4A9C501C3566BD15102BF8D9BDE444D5DAC72CF
S3211018B9807D228060D73293040DF08B76E847125004CE1280C36BFC8510BA0216DA
S3211018B99C92CACFF2ACD6B0EF702D20B8E3E0BBD0ED7936D231CF988D40C80D04B4
S3211018B9B8C74960DC404C3EAD65A7CD0F208EEB5C2083F6BFC995445229C091548B
S3211018B9D492C14574D0CEC66A4B146A6427037421587611C78B3AE4EFE21B8FDCBD
S3211018B9F0E50A22E299ACDC556773FAADC656BA405D89A265AC44C256051F9EA8AE
S3211018BA0C9B20A39343AB88BEBBBF5E4486176BABC36E3EB03EFC34266C1887C876
S3211018BA2835DAE0873AB9A6A5DF71F68D1B38F070AC4EF918E21D9F57E0F047582B
S3211018BA440FE0695BBCF8037790F86BEEE94E6CCBD00CBEB2ED06A7F6E688E97DD8
S3211018BA603EB01C4E93D51A831B84D74C306E06C60F817318BEF2DE004E0A9E5C18
S3211018BA7CBD4BDC2166A9AC8160F1945E89531024D7C7CE05F6DE9CC84533366134
S3211018BA988E1FF360FA704F2DECA19F49BD6F0A727FF1A13D7C93950BE52B38F824
S3211018BAB4E26DEB1102B7FDE207F3CF14ED5E89BED7694F2023328214BE7204B276
S3211018BAD0BD9ECC031005805D9A0183EE6966399180EC86F3ED1C08000D34BC0573
S3211018BAEC2DF9658E1DD93B597D310C15A527128608D17C39412A3D31DD38F14A83
S3211018BB08B9CE0F18D36D5372CF08B2649F2F967F2AE067685D6CDF569F9583A83A
S3211018BB249377CC51485E150C296CAFD612EBD3F66DE5C5EA7591ADA8725F6FE885
S3211018BB4006A7072F7A838938E9A19820356E6D3581A000D3E925B540ADC56EBC00
S3211018BB5C010E1D045158477452BB5549D5583B3800F499D122F5BF71B692F91CBE
S3211018BB78A293942056EC85A36114E7E23F84347236E0A04EDFF92282F93C245C54
S3211018BB9461E13D950FA63D1F828BB1C5C0A1A47B36296799CED946E3A9E4B911B9
S3211018BBB0D9E338B95959A2C760B2157F00ADCA4D38A62E8141419392F0FDC3A88D
S3211018BBCC590C7B432C1425C4A50264EA7D57FFA607170A993130197999DCA2802A
S3211018BBE8612B0625D6F0EA6ED4B37C77A935C0D3646190A6CCCCBF6A6C60405C2F
S3211018BC04F5E9540F0E1D1DF0FED573F37FD1664AA8120914D1F307852CFFB68EAE
S3211018BC20818F648AB271BF8EBBAA805654CC9504B651CE6390931F59018A0826EC
S3211018BC3C56C144ED1C14C555496BE754C4CEF4D1C2DFF9E2DDB67DCD439172CB7C
S3211018BC58AE1008004BE95942B0215266C16C44FF838C927BC5B7351835E2BCCE8E
S3211018BC74615A736CC34227B42F2DC4F6498C6F925906397E9817F6340260119B23
S3211018BC90B59607CD9E0BAA66D5589CBC1D52C6CDEA96C897884689AA4E7EC7FC9C
S3211018BCAC5A12D2CB649816DE55F2FE8BE6AC7F23C5FC7396C40ADEFD7ED3B1B428
S3211018BCC81CC06F670AA26CC294E35BBA3FCC8D51E1B73DC3821605A566D3F871B5
S3211018BCE4D7F64338C3E63566082061EAC8DFCA24173377914E40783FBE6943F58C
S3211018BD00922269CD3CC1E7244E05F226AA2173898F2953C70AF3F10383171C61FB
S3211018BD1CE4928560F5FFD9BFD7039104EAA973A1CD3C82A19A18B468A623AB1161
S3211018BD386FD87C388419D6A34A8C6B66A88D29AFD244FBF55D58E26CF35B87AB73
S3211018BD54590A9229F9A5E114D33FAC099B9CA34CBE6BF644CF6598422A546A3B73
S3211018BD707CB5716F8FD1B43EEC723639F92B4DC8E47F0D1C5137E1E5C333513DC2
S3211018BD8CDEEDE9C88384145CDED36030424C006ED3F3200FDC98E2EE3D5AE65C2B
S3211018BDA8B21104E0EFC94A1C96193FB3192244A6B78E3FFA3F7FDD96CA824F017B
S3211018BDC40E6B2314DAA2C24628DBBEDC831921B5E9C3BDEEBDD4D26607ABBB6DF8
S3211018BDE09F1FFF220A6EF288BF57BD0BD9C9F3F3C7E03F612987BA04C9FF6065A0
S3211018BDFC6EBD7EEC47C5249F36BE78F0C3EC4B1F0F86CFA68E52C91366A51193AF
S3211018BE182796DBDF1D469C6EE53E9821C922CF0DA4A3708D0735E9A3BA53765476
S3211018BE34FDD715CA0544D829818C36E62AD7F5CA46C10B7468882732CD1895DABB
S3211018BE50C9237612AC1E58448FC9F58BEA8740EBC9926B6699A5BA6EC449600556
S3211018BE6C736EAB880B2F973A0B3733AF3159C2672D6DC16CBC03C338B0A9578BDA
S3211018BE88893A6FBF820B3F7FB847993C17AD588D3616845B067411F53B89AA0599
S3211018BEA47A9A7B65416A96BFAB7B4962B5ACF83BFC3C9525FB28CAE98D9BA697CE
S3211018BEC0B1AED37B008DA284CF5FF8C0326755DE06BBE1773DCB6D9CF4F0232EC7
S3211018BEDCA94B50CE444F459A89004E76210EDDEAF31CE24330FF51CB9F20C6222F
S3211018BEF8536F6998A7C7B9F8EB85B69A8D90D884C2E957F800FD493B69A1053526
S3211018BF14323EAC05F2BD27D65093DC576A2B830CCE34C51FEAC79CBBB8FA2948CB
S3211018BF301A533048BC16422E6C7FBFFE2E1F890A35B49A7B622216CAAF9BC2D1D9
S3211018BF4CD39311C4F5167ED62B2AA7F3510210ACCA6F9F6D760D839BF19997DD2F
S3211018BF686365406FA7D5281A41F6FDE55DE5B1A08C317B59AFAE3FA4AD7198E641
S3211018BF841CF77392EBB83E47FA3730EF520F96C32DFBE19EFE351067C9FB4927A4
S3211018BFA012A1E5F31B46C5848D4CFF4DC2ED1BC233775E31D67B4EC79F2B33369F
S3211018BFBC2EB4CE3B5C2B1471F1C6E5C0A4504118A563BA88A80BF17807858E8398
S3211018BFD8EAF45BBB83F18F63DF95EBF4F897F8EE7CF592C1F1E5168B0FB60225D6
S3211018BFF477330C04B317F88E4AC0D9FFD0562ED4C0D990C34C4C1FE687D6C83A07
S3211018C010504C030BA1DF6AFBD2C59874BE39722447CBF88F539C2AA2941CAB9EDA
S3211018C02C67A762D89C9172C8668D22D14F11BD66ED7CAAE38313612531E08DA260
S3211018C048C4200B88690429B8ABCD70896E141E55628892760EFD6D3A737BCC6DB8
S3211018C0645EED9C3FC8BD9F04804D2818DFA0EDC18409FEEAEA83A035296F9FC854
S3211018C080BBB9E05C050252682D0DAAEC34D9E7BA840ED9B703D712523354F6CCDE
S3211018C09C5A2EC06DBCD1627889FD2F8043597D6FEE0E01EDDF9327A6261B554979
S3211018C0B8B483DC60F413E42348B12D6D055CE1CDA9B27DA88DDEBB79A55B672E67
S3211018C0D4BE0F8E8CC9B5AC2F9FA6A84D7BBC178F896E354E933DE3226D1DF119E8
S3211018C0F039560B954C786C67D507F6FB9BE0AF29F62557947C41B9E59D8816176D
S3211018C10C8873E316200689529662102B875461E0AB09BBA2971F60FCD1E5527703
S3211018C1282945DDFB2AC48E9B014E73F39B56BBC52370BD33F18F1683298356D9D3
S3211018C144830ECB08D25E008529C554E50A61C89A34F3520103B212ED8D385A094E
S3211018C16067B80156F3583FA040E22945516B315D090580664BC031BBE7E0F1D99F
S3211018C17C2D12482B8E3BF57FD5DF9EDEBE8F2A83C045FB142C68153B8DB566922E
S3211018C198B41C8A6A4867E8549DFE8D546BA33CD8CEC7A512EEE3499D0CA47AFDE6
S3211018C1B48020B856FB45C31EA604B81618B7BC578C31B36D688F3C9D917178ED04
S3211018C1D0C6B7AF30A631E8344FE66901ECDD111F8A78B05D26B173BA7B7FA2810E
S3211018C1EC38D76A991C1068319756D7E68B50860193167A312D9C128443BEAC7E48
S3211018C20890341E679B7DA4092D2D904409E327C63AED327000A684E34FFC67222D
S3211018C22434C27B339518DC602DB10ABA9C5D002B208949B1CC6DA38D7B6AFCA6EA
S3211018C240AF3E477B775493033C70CA912F1B8AF7CE8E9E1E9E5997A4E5CD47B5DA
S3211018C25CC15267D124871844E224F7A01ABD2ECDD131624E93C3F8769292397E86
S3211018C278A69BC1F4408F347C1776359E5AA707C8FC9BF89E00C0C3F3AD3F18062A
S3211018C294025E6258E9B60CB20596491934EB71AF19F8E77B664771C476A33EF110
S3211018C2B046B3CC15AC198FCB6C4CF383337080EA2F9DE933C24C145FF6BA864A27
S3211018C2CCD95A5954C0B16EE565271B23618ACAE8B0D0550DF7113B3448DA7753D8
S3211018C2E8916AC98296F064DE22E3F1DDB831A2A74963CDCE35AB4AF5AE4538E781
S3211018C30414B688D6978C5FECF2A0EE0182160561EB8002FCFA453712805701DB36
S3211018C32063F72D3E64DC9DBCE3565D14203B7099507EA424CAF2FECBA45731958B
S3211018C33C9515836D4F37BF707006AD6ABF109F9CC94F78BD8A8D826062001FCF3B
S3211018C3589CDF8515EC12A039630AD678C5BB6DFBC190F8E6CA89E20172BE651FF3
S3211018C37427B01A000CC4BBE001719803BF575933DE3622B3B6E324847862C73178
S3211018C3909F099AE2A71F84D80AEA284998D45FFF1BC192869FEE7DB7972FF3A9D7
S3211018C3AC90A52207EEDE0418C3ACD55CAF4B2B559ACE1A902AF09AA92C5000A25A
S3211018C3C890864AD838638C17058CA84959D95766B89A9BF3E19143B1EDC8A81A87
S3211018C3E47B7B81309E37BAFA07B94494E614B294FB7370895A085B4109073A1048
S3211018C400EB875910C0C6552349287BA57500D62E5F8B1353026F59F17B516FCEFB
S3211018C41C47D4911A4A47726CB48E4770FE15318A1D9FB569D0BC0C582C34862901
S3211018C438935906F937B3C3F6028DA93AA3A1BE25A9E8CCB11C50C3BD8B8FFDD9A9
S3211018C4548E692FA896A719FDBABF21AC7704557758DEB7D6297C51497D3C6F784E
S3211018C470C3AEA0477A566CE198770BB479A02DDD6A65176687E1B06278DA5D4067
S3211018C48CE48A3538904E88CF929B768C19D308E35DFFB26F1A7D1B8CDC48AC1BAA
S3211018C4A8FE0A6FD616A77C7FE51E039F55E71C833E1FDB6EB52441B2C60ACDDBDB
S3211018C4C4883660766EC3EDEC372893DFAD44FE944A6B609A600AA43484427FBD49
S3211018C4E088D9E8C1B64519BCE9B1B5C1D8D5797700E6B4C7DBF3FF75340D22A6DF
S3211018C4FC0DEED214107773EEE9EBBD82CBD7DB712916C2C25D4EA15C907F9BCE49
S3211018C5183E1260E0445C309362186212B40B9D01ACB30EBF6929B9550CC252842B
S3211018C534C8E6E377F98C349FE22C6EE84334272098ABF4D35E9DFD00C0082383CB
S3211018C550B3A47543A6EBEAE1DECF07760E9CAF1C405AB71A5103270B168E6CD4C2
S3211018C56CC42A491F0F2CDA00AF36EF8F9A4BF289E2978F0DC2025747B3ECC65625
S3211018C5887D8A3F685687751FEC16EE835B17853760C58BDC3462C44DDBF6ED4078
S3211018C5A4C34E16702299F4A63B25D0CB362FA4456C0E367FA3F64FA6F14115E92B
S3211018C5C0225EDC0D506AC075DCFADBC7E65CE5810AA7535A469F8C163D7C6C8926
S3211018C5DC257A00AF88DD8BCF7D25D295E49FF7BBF051B7CCD38456D819334B31B9
S3211018C5F896E81D22B5CF570E4FEFBEB7362A10B7848AA088500F8B678EE0C52A95
S3211018C6146CABBE8488AFCBBF29560DA8CDB7EEF2B1C0D7F9D10BED65A493226DF5
S3211018C6306C7E1F3482A111E709D3BC35B7BBE5D53DBDFCE6A8DAA94DF9429CC381
S3211018C64C6E79DAF13A84D11D3D5FDFB308303929B21F8A37D46A8BB062A877836F
S3211018C6689E6F27DB9163400C22924C93C5E5086F0A9539E96EE9E73818AC84DF27
S3211018C684D688B2DCA7BB639D9988A82D98988546D6339ECFC339111E12F4AB05D6
S3211018C6A0C3BF5271657002BB58D642F4291A273B35A16E597BD52FA650A1D85E87
S3211018C6BCAD69AEE4E97AA7BB31E169B0B1A5874F8BF3CDA3C00F569BA3F242B338
S3211018C6D8E70993E7A34A75AA6C0A38A8A1FC809453315D50EF63248247BA0E3A29
S3211018C6F4190EB5CEF4F635F46A47D62ED88F7DA83F58E6A1DCAFE7AC2023705DB2
S3211018C7109E934FF4C665F408076BB3FB842B12F29B7E217B93F2DBCCCF00316729
S3211018C72C383E101C3D1417F04C93C364588D16E6DA157AE5B225FD7A25EB75B110
S3211018C748B12A2C5785F54983F82F2ECE4505C136F10137BA94CE678EC6C7437025
S3211018C76406EF3EF39EF9E304D99184DE7F61008C8679E3DCE90E350A4B87FF9A50
S3211018C780B1BB30400343FE2AF372735205DFA22CFCC27DADBB72D20CB62502F584
S3211018C79CE86BD385164BD4223FAFEB5539605BECDA04A8EEF4DD41619DA36E1896
S3211018C7B885B7C8E1D9613CF2CA5BC68A5CE8AA064B517749B92D1C6240E654E067
S3211018C7D4D47B089F0D654EBC0DB28C97A01A6B9CE9A0BE5A969A5030465EB9E177
S3211018C7F077A71CD21DCFF9B6A9BD1071C51F62F7B44000A51FBC1E6CFF3DDBD54A
S3211018C80C3B2FB43480B90885BD0E7C9AFB4CE41AAE82B542A01AEBD6BFD6669275
S3211018C8283D8FA72123B853646F3F05535C6C776FD689FB8FDA6551DEDE4CECD7A8
S3211018C844C572C1A712F4926A31192A1FDD70CF46C14B9B31589A6B5BB41AEA23A9
S3211018C8602A635928E768900FC5B6E1CB0938427CD7F2C470B2DC7357A9D37E9984
S3211018C87CC08EAE2F8E78F89AF55264EACA89A1931B97B86683060AC36561CC7A61
S3211018C898DEA5E75733ACA02F326B07AD94D944BF6DAA15E86C839EFE539E75EE33
S3211018C8B421CBDB4C1A81A73326398EE41E97BA1645666451433853DC292DD138F3
S3211018C8D0C99A4BD4FE6E32B539EC8C264647848695C974D8AAE4A226A2A3895DB0
S3211018C8ECB7DD9D2A672F48639D776B8B098D33EBFB0AF17C2E77B2142EA3689EF4
S3211018C90899A0C40DC8D69010161253A5B0C772C201A7B45DA448545FDFB30E1FBB
S3211018C9247192DC874612196E4D2AE1900DBC51B1D1AC18B1C73ED23688FD82CAAD
S3211018C9408D58C8D3E144A31DBDB83B2917E92D88FA14BEDA88D8834AFD2100AD1C
S3211018C95C726EA625E83E9E46CBAC3F710C9F2B42273021858F3A068C078720B5E2
S3211018C9785518BBD629CB8995ABF44477F90FFA2E9CDC070F955A06EBAF5E828D51
S3211018C9943B31756EAECAE0EA58F4040240A1261171CDC0AAF67B046B62303BA762
S3211018C9B068CF652D1990B6265006DC6D2112F4BFD982E42F7ACFFCFB13C1F8539D
S3211018C9CC82C4A3301BE0234D3A5F3680831A378031BFACF9860875E95B62EE22AC
S3211018C9E89C88B2616C5055FB1861802C9BE18D84E8FF1A8896CF8FEF250976FA06
S3211018CA04326825D902AED4B42F6BB9C3B4A95BC3EA5259D34F354A6A92CF76A56B
S3211018CA20AE071A99CD630D5A37EC68070910F65DA65B219625618C3C7C4179266D
S3211018CA3CE29FDD8F4A1B9D8FA1F30379DCB0D131B3F7121C2D2DB1FDC39FC7ADDE
S3211018CA58997036AAEC7CC62C4CEB8E455E842348480F6C72A28FF517446DD706FA
S3211018CA746E659DF7AAF022FE4C823151A527F68A1C743C0AC60B2AD1F56AFAFFC1
S3211018CA90D6AAF64235E410C8830EA4D258A35A1CBBC24E428B4E023574A8610D94
S3211018CAAC0F25DA421FD41DB0916DAD05820DE9D632A62C44FD85EBD39E312BEFC1
S3211018CAC8D95D552438D81348F35FB2EF70955188D489CAA3017B0786B11037323C
S3211018CAE4FED4C21630D873BA58D41595970E9AF99922D6E82F5B88008217D9AD71
S3211018CB0094EBA74D59199802BAA967D9B39870CA9AD344AD0FA5A7C828FC4961F5
S3211018CB1CFF359D07C71BD4974BD14D7C4F4A09B410911F42C7B6C240509F993036
S3211018CB3893ACCEFAA91931036546FFE99A103768AC13567EC7AE101CC4674966CC
S3211018CB5468EBBAA8DE336CD2CF982C1E258BF509DE06913E38DA5B3747771FF10F
S3211018CB70B1DF94CD5C835A8C14B4FE966AC06127C52439C34BCC3657D89E97978A
S3211018CB8C73C6136619E41917D1E3571A5F5A0FD73A8E575A0BE54B20B782A7E028
S3211018CBA8F508BEF903C8B125D807ECF0F55242F6B9277E1D87BB560BD6653B0719
S3211018CBC40AD03F0DA2A6D4704ABC062D595E7E33A31A87BA9A4678E9A7603068F6
S3211018CBE057A2D7C8FF52F689E4A7DE79875EEE83F0FF1A34D3F7F61F4616BF8FA5
S3211018CBFCDF2016F7210DC4A440034596CD3E9E42DDB596381400FD422962ECA971
S3211018CC1805E3B86BBA8CD80544C803C9AD030629C99B9A34AC62393B08B96B9677
S3211018CC3485AC6E6F36EE1295686C886FB1DFDD4F346F98271FA760F65058F91720
S3211018CC505452B52695B2790EA6B3DD2AF3B170755754143599710BB117B43A8C17
S3211018CC6C77983044C7563BDFEB5B5641B2F367650A120FA3869A114658B7E7CD6E
S3211018CC883C3375EE84D0FBA003D74A605243923AE8B10F13611B3D90C218EE41AF
S3211018CCA4B6987B1DB6AB09893241AB93ACDAC7D938BBFB50D6FC5140DC9F0C4727
S3211018CCC090B75251473BCD7F2FD1A98B387CD8AF82C71AE9B4D64928D47A46EA3E
S3211018CCDC57C2085B42EF9310E44952F9B57C887ECCD3BC2BCD1348EEC7DC30E0C0
S3211018CCF87C7A2185E57BE163B4845CE90D42272886A1F792C6FA02162681192D22
S3211018CD148010A6D0D2DD91FD6627F55BDA9FDBD8F03D382816C78933D0B44E92FF
S3211018CD30653D4593EE656FBA32781E8206351465C61FC67B69D25B02A4F41DCD85
S3211018CD4C204EA4F3B264C6C7093D41A305AD4A7B749DB0F0879BB39EFEACA6E6FA
S3211018CD68F5F1E8DD27B43548324F8662992074775F9CEC10C46AE4D18F7D576DC7
S3211018CD8462EBA57F2FD9EE8DF0746C950B50BE5E02C9BEA548D46C2153D7D85A62
S3211018CDA018FAC9532F736B6F0BE651DD4F1417830CC2160C766A8B2F3DA9126B96
S3211018CDBCEA40559755552EEAC3A9FC7E43399139709F1A46050A7989B5970D3A16
S3211018CDD836E8EEEB3CD459458EF466BE685A9791EECA01EA048CBF6603B8933AFC
S3211018CDF4DB36E11A6466965CB2CE86BC01C65F4D5443D74DD27CA096F7D820B911
S3211018CE100066D898BE4AD06553B121DCC5A91878753E4B84EDFE235D6DEB3381CD
S3211018CE2C5B1AF8510653499ABDA78584F8809EF64274914B5329FDED41FCB72538
S3211018CE4849EF8BD8D36D08030A04D07E96E0875ED9DE61B5DF2E96CD000931424A
S3211018CE64A93C41719FECDBA7F227F01AFCB9D3AAAB930CCCC61083EF1ADD00072F
S3211018CE80D5A3C15B6D468F8BEF964807E77D5B555B8448171F59F07A9CABF7BA07
S3211018CE9C77D02C37183C382C9E91644621AC5C25A23AD779205A7ACC7DBD4DC18F
S3211018CEB817BC5875CAAAC76A64BA397F03B93CD4A5F12C3382E7F662DF977BEDB5
S3211018CED46E34D0604926AA448D3F4832B6C71149C88F8E05867C101EF989A991F2
S3211018CEF0CE5FC89BFA7B5BDE25927E7EE7A5254EAA4DEFA1DA5C389EF63A020142
S3211018CF0C79B238FBA3E979D9C98A25BFBF0BC1859DD5C9A95CCF50DA5D67EEADC0
S3211018CF28DE5F94B989C12C7B286B8172B9B2FB781AB4F50599AD776B4DC95FF982
S3211018CF4452E09B6E442E1138BFF505FC7221B6CD2BE859EC7D0CBE250818C8F145
S3211018CF60B4FFE1785A0E02005DD3DABC6B58FA628BAB62FCEA724131C2173B872F
S3211018CF7C9E07AAB7480369E5D210907D19D52D9F58DB121B7747B5755E65FE3AE0
S3211018CF98E217AEDD7EB6476933BF2B3925D45E76272A6D995AF20240B8A78E17DB
S3211018CFB4525276D01F49DFE071553E2AE94C9C39E626AE6DCE7FE07D1B910F93CB
S3211018CFD03CF8F084F8CA916BBBA17A1DC58C9C29326B215795A0261DDEF4101E1B
S3211018CFEC14E700ACDEEB09AFE9D02DB9C7DCE06B6C11B9494A3E92EE74CE851CDC
S3211018D008FC2115058A2B9A67E1CC0A7900BD78002E42917DA41E4C6993F8ADA3BC
S3211018D0246E7C46A6B8F424975C9A8B8021FE3DA7FC478B5F0F22022A9D4D0AD42F
S3211018D04017DDCE3D2297AA8307089E36CAC461CC06BC2F73A5453667B0F287917E
S3211018D05C4E0EE525488E00FB0B3616FF69C9ECD5D71127B6FE150341E135E8D31D
S3211018D078C5926F1D519D0BABBC44658B71224FDA2294290198221C1920919281A8
S3211018D094C6A08AC336EA855DC845D3A5367DB6EF885B7029698ADFABBD56DD14C3
S3211018D0B05E15B3F1EF74698A1CB0A0E09D5B77E2EEE7208F7CF49585671E7B6CB2
S3211018D0CC5C84A3462222BAD0B4BBEFDCC81724B3BC484E84126EED137413500C5A
S3211018D0E896F5A03ED319846BA9601AB22D110E62085706BA9C6D53869A3547F42C
S3211018D10426D50114E6455D39E3F23461651CCE94092F669F51C9C4BD8F40884252
S3211018D120949D0184FC70BF69E87AD3ED24BE1A8C4B8AA30EC645E99E622EA68EF5
S3211018D13CF0BE6933CFE8F33337288295C2B4C6F3263D1A622E5077FF295EB81FAC
S3211018D1580D2E369DA2E76D400050C0B396DB126B7B5A1B1FB561F403C7DA281F94
S3211018D17486E1CEF73FC51EFB6105F87223D14E2F4716E8A6CE835B8F6392BE9579
S3211018D190F699D40059F1510ECB391C5D719208392EC42091828F4FFA67FE532FA4
S3211018D1AC61536C010A354A68FA82A7D5A885FDE068B935BF6500E4F6920A943968
S3211018D1C8FB96A536D3A1024A4B3661C4D7569AD9C927C9B7294650DB6A12848C15
S3211018D1E447C4531B05B39DF9A81FA64A18334F45F5ECB12D548F24A543381EDEC2
S3211018D2006C15027327A1EBB5A857962409453B2DF2DA1317C3145AE4D160F9637F
S3211018D21C497EDDE1322F22545952B182FC54143D3B0C54397B5D6C26BD6D74BD54
S3211018D238E953834D0FD18416FA5816638D466E09F83A85DD0D2C0D741113056E2C
S3211018D2540FBDEB4EB19259099003F67CB1B155A921DC6FD9910935D5C02D24F98E
S3211018D2701C5928403D3AE7C8F4676F90FA113ACB18DF039496B90781EE3B8A648B
S3211018D28CDA981882F385725D7974546DAE550DB2F1E3EA4EE8867A39376F7F62E1
S3211018D2A8A5BCC26DF85B63A37D5398F1E77A95AD46DA5F30A1D132FB38E2286661
S3211018D2C4C9DE86616D6A8B9F44D058784232040C559E91759D2E85BC24283E9406
S3211018D2E00CFCA60E64749269ACA9CDBBD402FAD3DFE18E996436EAF1F46CE57ED6
S3211018D2FCBCD80887475CFF263EE1B0784A4FD8D7A40ECA8973B93A2FBA7C26C8B0
S3211018D318032E8FB2B0F19966ADDFA74045072FE5AD9275A6C410F8F34197762F50
S3211018D3347B9C51B608FC57624956977CD88828D0B3C7C6F3415D7BF07911D752DB
S3211018D350F188461F251D84CFB592F0C6D01AE410866B846758EA3D36DDC78D384B
S3211018D36C4123DF39260683B65BBC8B56BD681053A04C79A13D1C9246014C7E0113
S3211018D3884B6F67DC106023DCDAFDBB4821C1298998A38FD7A80D9BB4C4A1329DA8
S3211018D3A4FC88FD84073E7DF4605B0FDF29893280A4772266D269E4881B72AD995A
S3211018D3C09B0074A5AC5FD9B1DCDCCC30E9965EACC023A4BE49903291033A1080EF
S3211018D3DC8AE10C6D17765E8294DAC08F9093403DB96535F98705C29687FAEFC2F7
S3211018D3F82183B7079BC94B80CBC4FB9A40692C788DB6CEA8673AD43ED164211F08
S3211018D414A60C55F87FE0C2CD1DCAC2194D9736D8C5E15111B21A0375739F4C2A59
S3211018D430E7A6EC9F085569CA7F66FDB742575D95992211EB46DFCEDE3A4263136C
S3211018D44C8EA0D0CB42F734E2054254F605B635D6768E2B12781DF6269D8764AD00
S3211018D4681952C3285B148973D540CD42171D92AA9000204F9A6401062423D533D2
S3211018D4847D69B49A2FE0CDFC676F84355D7E65658836508DD5DB4AB984DF4B988A
S3211018D4A0E98F9FC274D3BB2A016916DF79D8624FD38424052A0EDC75F64C22D39C
S3211018D4BCB2C3AE5237822CCD3E8A1C0DC60A340363D52DFE6BB24C1829DAFFAF72
S3211018D4D8140A88394CD034BE132B7AA8C4FE797D289344988D53C5F29CA9BB18BF
S3211018D4F4AB6E9251A07CF8B4FB0E854DEE6C639E1E6C7831169837B77635CBCEE1
S3211018D51086B5DB5087C90365459E3391A592019F0A923BF41585F918B730E7B33E
S3211018D52C2E353EFABBBBE99DAC7C908CC8E943DE2512C8E75A7DB3635A23F7378A
S3211018D54884FF52DA4D6B1A6A943D5BB77ED6D80FB52E911DF3CC4B5D747F03ADF5
S3211018D5643E7D1BF3AD31677FCCEFD346A9AFB607390D2F1DF954C2EB3D5C010DD4
S3211018D5807E1E826A7D2E22CBB373B2CB68801770206DBC0C4A88F4F4170FA8D979
S3211018D59CE94854435033B24169BC189A36841BD577894D48001964913B63FABC8F
S3211018D5B8D98C09B6B3BD8F0DEF6FB079D1EFC200091A3CE9C63546924A318C7757
S3211018D5D41E25DF938C0890E6F4A61A08C2457B0EF3E91B3841C96C1A08195C5373
S3211018D5F0E6B6D3994EBE9E0D26C345AB3DA67222106A0CFF46219AA7C1FC5E1684
S3211018D60C4231D25497DAE2665A7DA7E56C2F4F0D713445AAFA584B11ACB3530F25
S3211018D6280E6A4F83ACD0CD29118186F335539847CB8A0F75802F93CEE61EC6FED9
S3211018D644628D01437CB9620C87CFDD6691AA74FB6775A45FBE4366C993704C6FB6
S3211018D6604CA9A3E1FD32B528106D473485EB3EAF0A92FD6CA4351847DF9BC573B7
S3211018D67CF6D83BCF654163D3C86E451EC37A153DBFEE7D49FC8408B4BB52573441
S3211018D6988297B564E082878690B6E0CFA68750CD9A4136191DD0CED109D681B39F
S3211018D6B41839CE56F789B7F3B73289B799F64BC99851BC5303EDECEA2700725614
S3211018D6D06773DD0FEF3CC8667F37F1D82899A7031C1D7E109A25A3F63C93B7E37F
S3211018D6EC96A5510ECEBA59F2C47E9DDBCE8F4CA9653ECEF111487928209B095506
S3211018D70849651ED08556B8F811A3CBE67BE865FFF56EFECD23D74DA784154195F9
S3211018D72492E41F1344E83040B34B789E02EEFE52EB9366ACDDAC9DC6881343D0F9
S3211018D740C7B7D367A3E02C2D0BE68CFDE0664B99CA3ECE94F79EB2B3E346F1F8F1
S3211018D75C158A026FF56E7F83021C0C0B0F465CCEA58DDACA9AF4873D57339D9477
S3211018D7788D42142198BDE93C0BB8FE3A02CECD2E13443EEE309A5500D4F1255740
S3211018D79446E0ACD3BFC1E356D7B9B42ED6AB382C1816E29FF4EFBDAF9EE8945727
S3211018D7B08DE0C82B4B93ECB65E3821768BABDE310408F5ECAB6B00BE91ADB254D8
S3211018D7CC3B53093C36AA82C37D0681AFC9250D4129F044E4ACEDFFCD5C840DD5C4
S3211018D7E82F6DF25123378DCA2D644648087D551BD8CA2BAB3610728873DB775C7A
S3211018D804D313DA2FBD5C7AD6BC1408431560ED6103E338EA5060A3CB516ADCEDFA
S3211018D82025B52AA286DAF5F9A52322E5767B137C2724E33AAA78F3E1598EF0DD69
S3211018D83C3BCCD6003740F3CB86F76207CB20929E8A85A063BD239B9E16D292C624
S3211018D8580B000AFBDFD3992A5C9630ED1E2377A1D1AE8E1B63761F72F532486632
S3211018D87429D7C4E2C1BE8B46875D65BDADFE71BF5005FCAA50EFDA4B7500A576A4
S3211018D890E0B777CFF8EFAD16CF21FEF08EC1BB18392314BAB572DBE0E3FFB7FB27
S3211018D8AC68B56613A323048083CAE91460A8626768EF2B36EFD6C40F99E7B4C1F2
S3211018D8C82E14EEE9766E85D9BA40294EA5F9A561E2C3A4C88229103186A57D10F1
S3211018D8E474579C493EC9444B1F6A2AA47403A8ABFEFE20D786B40ED1CADB9059F9
S3211018D90017EF2E1143A428F305C3C6CEFD1DDA37BED6EBE8FEF2E634384AB76CF9
S3211018D91C7C4E4B96B34027C5FAC9464941CFBD579682EE7725FFC14C95A367254F
S3211018D9386E5177379F0C847870DC24BEF40DB7028932B6E8CBC975B72DCC10ACDB
S3211018D954A035D53CF5A7582332EA9DE65AB910484FDF8C4A9F4EAB6D02F032D481
S3211018D970154230708FF5078083D0AF29531EF63F55BD554F7C17333342B8238C42
S3211018D98CB00AF5301C4F2EE8512582688145E931A5D376D33C74C05DCC528A0972
S3211018D9A8C2ABD129DEF8AC04F509BA1A249326A076D4B4F0BAECCD98D2DFE270FD
S3211018D9C460A175F6F6F2BF51E37DA70C16E635F5E102D25614AA72620C46145B1E
S3211018D9E070FEB123031B457B7CFB1D7E634613EE2856E26BD94E2053DCC1E7A98F
S3211018D9FCE55610B8961299018AA1C38DAA209955B07501AE5D187D93972FEFFC5F
S3211018DA1865A2C789C01612D432F528A96253958187F052F76EF5E9EC7100EADBC0
S3211018DA342E10583B2A2042A59892D637FBCDA1EEFF1A3CBC05869AB6EB17F72B08
S3211018DA50CD3EB5C31CAF12777506075CF957437274AFCF2D713D6B5EF02FEA80B3
S3211018DA6C1592D33E5F6CDEC61E279BF438AE657923A5D9A11D38FBEE4A10D5B34F
S3211018DA8852C510FE8DDE57BBB60480732751FAA0F4C22284D5CB3ADD53DE47FC6C
S3211018DAA4019FEAEC279B66D733A0F7146A7635499D3D64F20FBA0A9576D02A1B64
S3211018DAC088611ECA30ED6C0EF2CD83F5C15EE5FF4BD2B45BCA75A42965BA4421BE
S3211018DADCEE08CA90D90AC4203846865EC9B7D48FF344911C176F80782186C727AD
S3211018DAF8CE3CD249539728D4788515C16B8242E14682645984ECDBA9160EA0AF0A
S3211018DB145C0EB1D30F5F0E12B6A4E0BDF991BA7AE18E9206C26256A3EE5955F6E0
S3211018DB303A1DAD92138C7C7FEF1FAC56E205E7520C2792FB9083E6F96DE5BADAB3
S3211018DB4CFB4491220AEA8ED737E6A656F36E56F0E7FD4A2C0868209835ACE492AB
S3211018DB68874F5CBE77ACE3F843977703E19557D9218E229E2ED9B359707441F7ED
S3211018DB84C75C3DA464B14B5257265A3D02A09F9BD91600E34BD9C35210FEB023C5
S3211018DBA07276B4962C9A27F0D74FCAA154AAAE800D159A5225D068D8C6990918AC
S3211018DBBC62A54CEC8A5F6880CF270AED5139E45C8C2BD76C9273C60303ABEE4DA7
S3211018DBD808EE7482E033722416BFD2587A10F1E5CE090657DFD2DEB723FC4084B2
S3211018DBF4375773623D9A0965144155CC35F6BBE1831BFD800F7079803040FCDE25
S3211018DC1045C0C9E59441C41657778B54F2FC19A224E842C45CFF3A9A8E6F3D9CFB
S3211018DC2C3EA6C9DDFAC1B3C8023CAEF73E7577345B632B891E2E8D57F722F90EEB
S3211018DC48DB1E99BD0732BF6DCFBF92CB149BB2539397AE8B2A10EB3872F61DA05A
S3211018DC64D3E6487376AF114C7B2C93D19AD901CFD2E223733F789AE1EF15D68A52
S3211018DC80198581A904E05A1806B6985F5F12C6DB2380C35EACA827A69C4CC5DF06
S3211018DC9CDA761989AA1768E8B1A454EA47D178627495302B6648CA4E9E95CB5836
S3211018DCB81D7D8C973BDABE72247A172CA3218FF0E35ABF6F8C43990C3008B83DF0
S3211018DCD4AEC9D9E619CA978CF150C2128D9ECCE105FE6D8C003D1E11F3F2F72079
S3211018DCF0629B8F7DE70ADA9EA77BD22A16678F6746B095A24A8F23374C2A50873A
S3211018DD0C4834A81A352FA8A70738007C82477B64067B3F5B687F96BC843F9F21A2
S3211018DD2895D77FCF02C5C67894F709E4E7029759E162AFC86C43EB0371B85D8B39
S3211018DD44916D01D7810C6478224FBF3219F1074454D3033222234CAD5DABF6C740
S3211018DD60E8B166F14A2F3DF0B8D1FC1C0A1C03804D45EC978C7F21D2FD52CB8BE1
S3211018DD7CF3BA33CFEB477CE5524E9B93F4DA6816AB21DF0DBE61E46E18217AC164
S3211018DD987727BCB82460DDFC1F7DDBFB4337452143583D1BFF1A65A16A4F2BE5A5
S3211018DDB4F1D299A207D7355E76797E33A4237C913BFC8A6F47C3D68A664281FD82
S3211018DDD0EE4A235B72D1D1E1BBEB001DB54FE5FE08DD8D15E2A46C65E915B6CE54
S3211018DDECF033A5F183E53E8747B1273869FEA49D96FFD239E56B1FD9876E0A2DF4
S3211018DE088F17A76FB8E78D718D527FAA5FB3BB371EDC583032EFE393942B04147B
S3211018DE2429B0E084087BB5ED3034BA5543D1D2680DE292786BB4324B18E850EEBE
S3211018DE402F475D149B753CA1E1BBE4914E4454BB45D942C485BE93AF179FF2754C
S3211018DE5C412536043A5F97B379D7E96179103AF1E629DE6F2A7FB2041292618269
S3211018DE78B188E989BE315FEC5D3BF8473D96E3FD3DEFB9C969CBB8466D4E447C96
S3211018DE9411F685BE86B1D6B787D3DE0FE0712B42835E6BA12CD2A1CBAFFF0451D7
S3211018DEB0BF80BF6DAB2787409B4FF841806370FC82445B6DAC66F5C359F2F0F827
S3211018DECC4E41104D5EB5E2657F875C4C191B6A8FEF34D59A9625A4F4C85C36426A
S3211018DEE82545E2D517CC6B2FD825B4964D0D93CF1EDF819F264D05841A3938FFAC
S3211018DF04FA91233A2C15E9638F4D4641D5003D035A186386545336FA109DD935F9
S3211018DF204491B838A969E7F1379CF17D8FE5FE0B59C2EAF0F83F4FC7D1E846BD4C
S3211018DF3CC6848D5CB5AF622D72D0A08D17FA1FE2F941895C6099ACBE7560CD9D33
S3211018DF584EC8235DF73098C55DDC775F656E49B71CE852853B430BDDB88B3DC002
S3211018DF74F83BC7F11607B0A6DEF95A00F7E23F817AF0B519E28E9D9F10CD1F2E2D
S3211018DF9064ACCF955EB4CA6954577AC7360C60C87A1BE353639F18FEBB72002008
S3211018DFAC39A7FD5F3B62A52F8C656179D573C0CBB293A4DBF7973496D9EA083DBC
S3211018DFC8F0C971298AD7B8362B4DDF60B3BB70390668D176BEEDD1244CB8BFE4A3
S3211018DFE4B97DF68A372DACA9171A2787A307D83A9D3DFC81E2475115CBCD556EA8
S3211018E0004DF0A09A05BD57C2200375052BF7BF8F76FEDC9B065801C167F5537944
S3211018E01CD891C6993644CB94521B34E21F7DF7C69402262DACAAF19585D63DD709
S3211018E038909164B149454AFB40F77C951A394D9893C71F74848F6F527DE52411BD
S3211018E054ED26588BA215510D85011312434D90B5776F412909410A32B80BA6D9DF
S3211018E070D4598033E15A8A6DD2A1D4F8079D8BE8343A57028F6C43AE701EC59E5A
S3211018E08C866700A62C0C5FF7A8FEABC98A0C93077A52FBF2791426C75DD726381A
S3211018E0A8EC6757F5EC566B5A210B1CAD7E702220B9E387B852539B758CD1B55D64
S3211018E0C4C48C69AE775E761B05A728CE46EECFE8B5492896E09A79FE32C988F197
S3211018E0E0310C7B6CD4340508811DB4CD62A7DF8E726B25337572185196BCCD85FF
S3211018E0FCBD94B9940EC7728E4C8B964384A89977BE043EF1B00A3E45F6167DEDD7
S3211018E1185AAE777C006EE18B1FBD19B876E5ECA1CACFEEF3770A6D2D1657844786
S3211018E134400EE66CB3BF72E080D4967C3CE836079CEF21EA1403EC47C516D18268
S3211018E15002FCB995B01672C927EC65B77142B16D8F6298DBEFDEBD0CAB449FBEF2
S3211018E16CF9BCF5C07092D2EB51809327FD05D01E8BAE1515864B6A827A7377172A
S3211018E188961B760FF1F68246364FD2EC08A474D35167572B61E9B6807428CF0409
S3211018E1A47983E01FF04AD63730C9D55AFC0D8B8EC0B9DBE71E986B1519A49A825B
S3211018E1C060C031BDD40795B861756AFD7CDCD3EE17D10F0B4D30D64402299D9395
S3211018E1DCACEF89F158277480ABF2536809CC4529A9D37842B4F4681923606C0D7B
S3211018E1F8389EE0BBF5FFDA490B250DAED79EE1F65F895597693F8DCC46587A240D
S3211018E21474236E759AEB015D184E861CBF56C51A80596B280E6A2B550548E48E44
S3211018E2300628CBFA51BB95E37D54670A4006966782B86442DFAD4E3E1ECECBAA4F
S3211018E24C0C1D5E3A38648E61EE5578DB15DDF186EB772679B9EFD5601A4C0C6588
S3211018E2688C0C2E606ECE8D03B3E05103333528DD4F59127DF09121E46F9E905C70
S3211018E28438C7965D738CCDFC07514F68C5C9C5F0D14274E125F2A1FEE88A76340A
S3211018E2A01E4D4124E6E497DC6BEC22F281CF08F610362ED198CF870C6386D5A3CE
S3211018E2BC30F578044D9F91B5173194195337E7159B43A79C49383CB9E3DD44CA65
S3211018E2D822F0D2E6B29854CAEAE713A7DD3B17A36233C1EA3C69329DE7B4BB78EB
S3211018E2F4CBE6AD6DF6C2F96770A13A73A46E6A61C36613780249118CC85EDAC204
S3211018E3108EF8994261C0C19BA3532BBE39DFA57042A009B53CF8F1E714C510261E
S3211018E32CAB22C8F71C29F617E05F3717C708562250AD65A4B5E897E400D0519C1A
S3211018E34887C714D3AD90BCCF63F2D0E4181C6C51064CBD8A608EBE08E344719A15
S3211018E3649FC0AC7684FF9F5C8044215E9A2BD1B40CCEAA5C425A9CCBE1EBEE9EA8
S3211018E3809F19E0466D493FDF449EE4076F346D7D4DBED0E183129995C317E7F017
S3211018E39C53DA46B521477E78B263DEBADC2AF3AE91110C1313CACE4CC82AD16B77
S3211018E3B8330023F94176F3399929A635A8BA70CA21A226CD766EDD06D90CEEB7A9
S3211018E3D4B6B1F2F44450B8B35ECB8364D470EB73769B42D74F4BCA2FCE8B6DA0DE
S3211018E3F05D7BC2E3FC43CA541199CE10AC3238B4058E735448CCEEB316D1A141DF
S3211018E40C3788F6DACBC257CDBB37C5EBDA485BBD613C776F158F9B7FC9150F3943
S3211018E4287862D83757F2C51BEB5AB2FA23A2A7077D36899AA85AEAEAE6CD00478E
S3211018E4446A953B1988F6F399862B65792973DFE531F8C85D90BF22B62C6F64E6E8
S3211018E460E3A235FCB0CB5A557515B243D64C2841B31877B7DFBA756218ABED6C03
S3211018E47CC25FD6E8D66DDF42BC290DD266906D410CE63646C2BB527ADB69D6BC1E
S3211018E498D48CE9BFC0B12712985E8237719A90F231CEB6CDD103AB505CFE8A9C7B
S3211018E4B499A9D24D01DB14380539F6F45CDB835F6236F1F72C8D3DF2E716D25DC0
S3211018E4D0A523BF0435C07101B1293F91D5B598CAC8653EB6F8F8FFDFC9C2D3D756
S3211018E4ECF279D7B87614AD7DBD347F8AFD354DC9883F170F2F384E12F52AD34F01
S3211018E508EB127C087FCA00E25262DB59E49C4691BFC045DEDF36C14B09418A0344
S3211018E524B75916FA637289C334948F9A3945CB4AFAE5E3AA3C95FE5D11FF027FBF
S3211018E540948E9970C536582DF0BA0FD42B0E0E903C7404E965699674515255AD68
S3211018E55C02A19E844C9923BE444DB319D02EFC678C8784EF0545F8AD3D865E9006
S3211018E5782A783DE1E2A5EE8592ED29FD5BB87874FFE3495A8878D66EE95E2BDAE6
S3211018E594328E6798432D7FEFA6874112CEE69B55F616FF09174D3CDB6CFF5458D6
S3211018E5B002D8252CCED13ACA11E51F5A8BB81AF6BB07A166468CBD7652EE13AFC1
S3211018E5CCACA0B34FC6017015CAF3158051E2708EAD7EC8A9D096202AD4622E8BAD
S3211018E5E8D598DE48D7E5ABBFCB27F76D5AB95936FE67750F3997AD7AD8A5924EFB
S3211018E604AA99C5386A85F67B473D97A4C7369B4B77A15E14E2F29DF0EE916DE4CF
S3211018E620A9DE73DA309D3275ABD3AD3FF2879A8BC96939C11D421C45867601D1A6
S3211018E63C2C1910C080C9E962E95619A283F05A7DE2E4E5452F1E1E39550FC6BF2A
S3211018E658BF251217433667034EF4D0EF90DF255490D85E9712C0DD51B5CE9B2103
S3211018E67440919DDB19FB587B21AEADC47D2A64AB049CE1699F8171D73D120DE4A4
S3211018E6901E65FAAE457316C22E6F9C235360A23DBE07CE07404BCFB71AA6BE4925
S3211018E6AC18A77349B4CDD8B5D9959FD68AF2A99EEE8FBA3E93EC203757662429A0
S3211018E6C851CA8ACDB3A797AC502F5E8F21CA7F191832D8030C95F98E634FAD005E
S3211018E6E45A3F4186A5254539BE230EBBD890662107336F532B8D099FAF01E010AF
S3211018E700919C8CCC75359857C2511B7EBE0FF4563BF43E3B8200BD3E1C81B47800
S3211018E71C4001B0D56C80B07C7AE1AE35CC52EBF507770A606AB8101ED9A532258C
S3211018E7381CCD4439BFDC0FCFF3F8B5ACF19BF32E682959453FD9AFEBD5F914C933
S3211018E7546B02B1449589268062DE3F2E1A8E199778EF7893F51DACFC63993CE10B
S3211018E770AF7963EB28A56768AD0F654E1D187C6C44B0B9E5E9B244873D1E7C9D55
S3211018E78CD48BF6B0EE847B051A6F314DD2237F32F077231029E9B113271C6F314C
S3211018E7A8AA46E1E53A35511B5400E2B5B514DB33733A7FB4D1668AF1DBAC19168C
S3211018E7C4DF5FC20A3EFC01213ED075CF18370BFA3FB97B144D743412277C2A6044
S3211018E7E087A289D9760EBA6BF785103ABFD013841F7550BA0B1A1E2FAC44B1C05E
S3211018E7FCEE493FCE35B1012B84011CED4792F566DFE8787D47F0419026412DA7BC
S3211018E81814EB08935C7F5270F39FED29B0FF88B564434DA5159E352A445D62F14C
S3211018E834067707868D5B0AFE602CD5D6CADF60EC9BCA8A9CE6DF0528D5E41F7BA4
S3211018E8509B16DC9DEB83B8DC1C92DBF06D5BED4717241A88514DF5E630ABF07E3E
S3211018E86C75A0B8F2242D482DB6BCB8C57054B088489038533369BF6BAA00AECDA4
S3211018E888169B0EA7F8DB4D9154ADE953002C5DEEE421B5C287454ABAEB30D78AB3
S3211018E8A44802E41B35C465C3324BA81AABC9EEEABAB0C989E5AF32AE0E14513F53
S3211018E8C003A85BDA9FD8A2110F2377F2FE0E1C411C5BBBF145BB2E27BEBDC39CAE
S3211018E8DC85C63D2260C870FBC7EACADCDE82A4F4DB0B0C131FFCFBD601DF98D12C
S3211018E8F827CF3BA14EDADAEF0971D2CA2642611BCB6364199263797EFD1B442501
S3211018E9146B520EA478DADAE63E653FE36B102EFBA2079FD0A1E361CF6E0814A3D6
S3211018E9308FA86872FDA8B9B3E0838CF3458899763514FDC71A42A0F396FEECE958
S3211018E94CA1B6A3ADBF75B73402D7B2F0D7A196299EF7372C6C35230299919BCFB7
S3211018E968217FA0DF25394BA8C97A547F4FB7A98DEAC3AAC66B4B79425CF71F0B98
S3211018E984B2EFA5852BAC05DB41B6A89F414364B2DA3475FDFAE007E91CBFF58253
S3211018E9A0B6D29864564B3CFFF76F26E1810F3D53E3F80492CFB9923012A67A4211
S3211018E9BC9EBADB02ADBF0363FB6D916442A9CE73797FD468CC73502E211DAD5E47
S3211018E9D8A93A855E159D6858373A51FD9D9CA82376A7035644482027851F71B1EB
S3211018E9F4D5681BAF5FF857071376F43CEFC9A60764DD9B439F9938DA75EDEF84C1
S3211018EA10D4A26E0C8A3CD94B9481A3D69B693F03AAFE98272222D452491FFB7466
S3211018EA2CE9C2AEB02F7543C181AF642421BD5053525C5E45CE105AF2D6D6B515C5
S3211018EA48DB763869CA66FB35A346535B79DCC11463ED7094DFDB2F79F98D73B70B
S3211018EA64B8FF09BF2CCA28C05EBE45A90C4F9CE80A644FB14DCB413876DD93E35A
S3211018EA80743F964D7419512BE03EA631823244D76DDA63418F5CF7DC3BD9A73C49
S3211018EA9CFAA0622F66F1E519E39B3E730BE449CCACC7E68C3F2014A6851CC57E9B
S3211018EAB824EAB52AD0A30E05E8F7CD32A9CFD00ED02DF7A7E41FC797D7A0BDC677
S3211018EAD4232460959AC19A1D160A15C03A802A2C484311500F0453A25A0E64E203
S3211018EAF087F0F7DAA8D7257B17285FFAEAC657B020F6C9390F20240E8CEA091C12
S3211018EB0CD03C16BF9A4A447A881CC2B6984B9782D13710E810F5E36257D54F7EE1
S3211018EB283C41DA128354006FBB8AF15B8BD47C3E6079424D140D8DEAD289461E8B
S3211018EB44C1ECD3C7E4C3EF110BB38CE44AE33AEE8DBA1EF3F0884C99AA1B29BDB6
S3211018EB60B1523EDAD9D1DCC10D0C3CD888AA3D39F1144ABEED153CC78326410236
S3211018EB7C9FE8E246677E1E7E4424F19E4770A38B078BDF1305355A8E4709F61D3A
S3211018EB98046105784B7C739BD444B74E62EB1958EDD0537E0974DF2E02BA2FE4BA
S3211018EBB4FC6BDE88C33D41A6B286B71285A67F6E099210511B9F75E07DABA0BFB8
S3211018EBD0A2E5C3E6211A015CBC3E1AF48949C1E81F18A970D7981C492E82F49850
S3211018EBEC2344A3FB8DAE3DC5B3CCE8EACE8B1C87308FF11D849B7E9A5DBD713091
S3211018EC08C1DFC52BF04331270CAD1821099A2006EDA6A5FCEC0901A15EE076F578
S3211018EC240A4E7127F64BC2D842ED19BD9FDDB537E485966F9FA1D2119E9653D482
S3211018EC404A836B74A27879C02A77B925D978A5FF72D11A934DFD3FE040E47DD548
S3211018EC5C06085F1573C3FA8DF758E20AA5CC7162B9CABCDD84002942ED00AFCE3B
S3211018EC78A005D81614796411D20CCBD66AC9E0763FD6D674EF0B5BA26B7050290B
S3211018EC94FD77816BD456E27A2A8427213B8F85B92C0ADB092C75DFBE9F2C17E137
S3211018ECB0DEB895008908DF1A05CFF1BD0ED3E2AB40703D6A2196A4E2918A68DB83
S3211018ECCCC75DDEBA28DDCE3B114DD411DC2B3753E41AB8B982E658FE9A8B6B178C
S3211018ECE8F910E3441DA02B530870F2D7B8B0E2473B18DC7AABB3D4C1DA7064E972
S3211018ED041059B2E7E006579F08A4A860761C7033472926C861472CB54658F54C38
S3211018ED20449E547EE40A94C044E0F989FBA2219847F40B88D82BEF6D725B1BB2F0
S3211018ED3C8FACFFFE307546741F9DBD1A70925BC4837BBA6547C2E3E4CACFF0FBD1
S3211018ED582CA71C161274DFDCBACD32A63D21A0C7F659499C289A73C80092ED0057
S3211018ED749F8CCD059FCDFC3BC38A9BB3D0BE191DF5500F5CC8DD1698E98E714F1C
S3211018ED90CD85744231E1F559E3800CF5E109CCCED84A8DE03AA9A3A106EC59D810
S3211018EDAC891D319B72E2BCACF6607750F9F014DF49236E710DCCCC086313CED9E1
S3211018EDC84C8371879ABB844BA69CC34BD3B482E89C79D1DF27E762080519A9F8D9
S3211018EDE42FC0EEDD050C4B533B3C65E284522FBBECA3E1B344E22ABA42B9837ED5
S3211018EE0015B4A25B58133C96A1EFED1B0C657AE4A3E0BEAC549A59C9E7466C5B6D
S3211018EE1CD2D0A27554DFFF67D8AD5C03F2F0816AE7160F1F82ACF6F07A55128CFD
S3211018EE38FA2C38628C1F278DD6CB1EDC357C2A8332E2D4B13CD9D082C2546E599B
S3211018EE54674E68EA0049EC046BBB94D86055D9BA0A287E82CC9FC9F7FE2BE99259
S3211018EE703C953B446FC2F8FD1ADB917B8D034D5942DDCF721C9EC81C4F5614AA4A
S3211018EE8CE6BCCD29F43CBCF794867945372FFCAE104CD04BF73E6AFD2986BDEB6F
S3211018EEA8B6C5D12525DFDAFB3D603A2AC2CE16EF02ADA81F02EA651B28EFD6B7BA
S3211018EEC4230B6E2458ABAF4A5C51BCF46B0228FCF1D800E3BE560AA7058785D602
S3211018EEE093D14C304C9AED885FCDC77F1E303EE378128F56521A3DAB3A78901CAB
S3211018EEFC5539EA8D16085EF6BBF7F1EA6FABD0F63593202ED5D8FEF14283EE0083
S3211018EF185C0DF5D2721FFC7182B765FD4DF9C90CA7E7B975D5862282C1E34C9F81
S3211018EF34C35F32D06694E91E489D15680884411AD6B173D7D96220602BB1F608BF
S3211018EF504BE4474047E9CD95A9C5C5BD3F0DFE1E737E3B31717A1F20FEF260BA46
S3211018EF6C2566E2F30D7E7A795AA83DCBC96098346BAB69893F10D94ED85814ECD0
S3211018EF88F93450AE837578BC88C548453E5495A3B54B64E24DFB00D0F876FD7DFE
S3211018EFA422D233FA5BA886546E59B57FF706E9DD8BAA81E9F426EAFC29DCA8D348
S3211018EFC0491BAC89A20082EEF6A2C7C15B338F457CDCCC36D54DEE2EB2AEE3E619
S3211018EFDC6DC8DD5E289B82D7B6E21BB57583F34F2CEBCF4235F88EC4B4A5AC5FB2
S3211018EFF87F1F620AA616AB6143F407F70F817797B37A36D7B6335DF21A2B13DD83
S3211018F01421F3367B5B332EBA8711F6D663CE22D518A1701744A27E8635EF1D463A
S3211018F030FE17DA956B1B7AA3655653A99E6ACEB38A637708040FFDACC3FB86C102
S3211018F04C582EC7C4ACBF40280BFBA0A2EF0EE372FE2B5F5A5A9F53949AFA1CBBCF
S3211018F068693AD29811077E5371F653E00472DAC333CF89AE0E2079AED298746BE4
S3211018F084C015A9CEB9B07AD9CACF93F097352A995210BEF238C0DDE680E41D3A07
S3211018F0A0761CB35E362CF140412F65A5DA1979C29F4D77E9B632183B962DD4E941
S3211018F0BC913432C317691EBCA7A3F49C497DA0F228958D268DEA29C7D3879714E8
S3211018F0D85B35FF3B16D25102B2D4C7863D189260DC736F336753E7615ED077E255
S3211018F0F45CDC861D825FD937B6F98D037752E5ED1A5407BD47FE6C09232C67C5C5
S3211018F1104BCA38B0D122EBEACE2616F052349345C62B808E4B2222CE59EAC3D85E
S3211018F12C19569967627216CF4EC8B75A853D0B255B22DD09472C9397896ED14C44
S3211018F148BEA233BB590B9846C6982C17C7742DE0A79CD3EED793E757B7450BDF72
S3211018F1649C8BA1AD2FF3DA6E60D298934E6F1AA97148F2795BF6AF774FC16CCBC3
S3211018F180EB20C7BBFC8F99C142501DA6AA3B5977CDB56722C89428697606B16341
S3211018F19C07F7471ACE4908FA8AEAFB9BB93BD7217FB90BB7C72EF079E90585A848
S3211018F1B8402BD04CDDF6188ED423742BB341561E6BD2CA049CFB1BCBC1906FDAED
S3211018F1D49E66EB137FC2445C9A6DDD5B8497D060B5812E7877FC94C5C3C9967941
S3211018F1F0425A0ABD7979EA26C2A5C9F7565FAA9124CDF258E26E2A0F9BD9675F5B
S3211018F20C990EA4FEA04C207D6C44F78638DDF43C4EB4065752137F5FC7AD58FA0C
S3211018F2281D73F1B3D8A6620FE742923DBA1429FDC0C7C4DCC109F2B8C3789E7A9F
S3211018F244D1B781EC64909C07D6B60F35EE26FA934D7B8F36CBCBEE9772792ED2F0
S3211018F26097D3FAA75345B7FC58B4FD88F088315018326F05E9B81D6347C9E53878
S3211018F27CDE7E55EC3F0A290C859BF7CDC7540DC676EFA033BD403FBC43FA1FA42B
S3211018F298953F8A61F714B8E74048ADC4B572594916D6EBE5A9BC5338FFCACE9F1F
S3211018F2B469534890B886F2F8A4A42C30F4941857A0C62109FF3BBAE86FE9C96EBE
S3211018F2D04BD96BE1206BED6AC22EBED71E0A45785E8C1564A6C4738495A6FFEE4C
S3211018F2EC6FF60B5A51B74E2473A639283A9DBAA3EA06AF4C9846409B071D001E00
S3211018F30892773D1C2CFC847C33157B476516656CDF1D012F84A8427B70508892EC
S3211018F324E447BF789F6108EE3D8813983B7A8B1FA011DE77A72A2AADAF2872D3AE
S3211018F3402D27CED6C6AD252B6CBCD580DF5551863A4A89FD11ADD93705A12BE2B5
S3211018F35CA6C18499B7DDE50E47C22DEEEF1F41994EC6129EAE294BA32FCCE544A3
S3211018F378D33D6C0C728B93898195B29D31D8C503E829304DC84F7922E7A9FCD5D3
S3211018F3942B75367979AF9273F552B7A55C6AB9876AE23AB64A623CFA88616E187D
S3211018F3B02F1387696F63A0443A8AF95B1D2655DC27A240BA2B1161122BA48C666C
S3211018F3CC3639E95E51EF3A3791DEB91F72CFADA13BF224AE15808E2C5D7719E29D
S3211018F3E8F8E3283D81562F8AC829EFF0094DA5FA90A768A5CB39CF862EB704E2DE
S3211018F404DA9516220739B03821D8F64F2062F8F5ECBA597809B9642224E0D2C7E6
S3211018F420E517FEC0CD50F118AFC8D37693782E2395314EECEFC54716EACDB4D555
S3211018F43C042C2B20B6993B42DC88A02509240ED5F105FEABD932BFA50AA05123DA
S3211018F45823CC649E5ACA93F32208A85B8D1CAE13E8D4B8043514ECE71CCFFAF6C9
S3211018F474F85150C3E429894DE2A443ADC3D662D532F2FE5E687AC891B065F49F66
S3211018F4908F4DC48F43E7E764D35AD4C92886FFD4E6AF6D8068B9B7FCA2F5B7CBD4
S3211018F4AC06DCE26BF98D3A0FA51A82E99603A16D419B495655E268744A3A7619A6
S3211018F4C807659CD8ACD0FDAEB160BD47F61B878332DC12963CA98587FAA2C0A51B
S3211018F4E40A7F3933A122BBE48B686B10DAC7CEB970AF32706F9CFEBAA6889801A6
S3211018F50068368CE57267F28D3AD508FF393D4B3D88C90FBA44EBCC5080AEF97347
S3211018F51C495DFC76DEB62687B89C8E8D708D2685A81165BE525A3C765BF555F75F
S3211018F538A563E38AC57DD1E14AB4C14C59E11C6F08895E16355B5A800DEDE9BC42
S3211018F554AF1F72A8BDE8FC8A0D0BF7A88A214B98A65C9B1905DE06123AF397C2DE
S3211018F570D38A8BA16C08A4DFA1E71D9DE7929FF04D7B99286BB654FC44946D291F
S3211018F58CE0256998EB05304DC1941853354A19536530486EF889721AE83176D25E
S3211018F5A8A178ED16C1EE1FDD56C24846D7BFE224DFAF56AE1F6EC7AEB939D1E4D5
S3211018F5C4BE00BC26EB7887F0FF602E0D34B5F7219B13F6BA253A95093D242A5DA5
S3211018F5E0CB17A7B26770F9B3A61046857FED1F6A15C22EA5A05C8D02EB2C98B316
S3211018F5FCF42E07E9D89A18AFF0FB4CA11110A1C2D07D568A7F582B55A3B97E259B
S3211018F618403B3704A103B64998A8E4257B6C859EBF2DBD987705139560A15D1128
S3211018F634392398EC698C2AA0BD7213EBFF36F3C291EBB0BEED45C9C8FF6630D1C3
S3211018F6502ADCD433595B2222911241542895EB01DC809D2B320279F8796D78154E
S3211018F66CD63A061B96DDA2F7D15E47B6023013043F950DFA0644410A3AE7C70743
S3211018F688497C0BA6CC1D20701C7712B7ECFEB7802C8A9235A6C8BF58153B8349AE
S3211018F6A4F7C401511C1F53D5A59961792FDC90A4150AB047E571114393B11C82B3
S3211018F6C02CFD1923EB44441AB5205FD0C165458442BC7949C84C19D7FB13E32244
S3211018F6DCC393BFE71B503C647995E8115AF5BA9F00591816C14BD9B226FAE99077
S3211018F6F8F360F1DA4F1C6B610DDEA460DA09E742550D40B1D737C21DD2F5A817B2
S3211018F71431630DC33E4FCFB10FEEAC9CC25992B302E23E3B7A41735E472B8F9417
S3211018F730CF886894BC41E44D73E3018076AC05BAD93DAC7CDBD79DDF0F4D8749BE
S3211018F74CEA62C6049DD7FFF98EC01BD5785F750B237F40265C2FD03415E8DC7478
S3211018F768D943268B7315448E617364EA5C60D5600FD22FC3C095BF4938DE82E471
S3211018F7849B29C9E304A2F46F313FD04725F62F77CBC22284735CDB87340BCA739A
S3211018F7A0B2882EFBE3B570E9E3B913F056FEB8E172460F3D86ED97ACDC25DBC8E1
S3211018F7BC8F89CD4EA774E4CB4CFB938EB49D39ED304924EEE2118E5ECBB80B1817
S3211018F7D877D9A4C1414A567F79B97B33FE5F91AC53573F61F069A8DC661DC107E6
S3211018F7F421191C3093D62122F9576CF8D8D8B823A083DA8BB7F98A9795BAE97059
S3211018F8106375BF095B49443144DB5D9790DCD286E6488A14AE14F4C6B9AB8217D9
S3211018F82CD1DE0BAFB1F219C68592D38571276835E13E1123C52F9D08E55C018C49
S3211018F848FEF52FCC8F04C923A5AD5FB84EA22062C470D35032CD15F9926DCEC13C
S3211018F864E3C2E73E88B2371268EC2A703CD3512F487A034056D320AD96781874FB
S3211018F88038FE7B5E8F388F3328FC54433872C86795BD6F8C5B83672A140E489A52
S3211018F89C3CB28AECDFD4922696B3C3BB15FD06F6A317378412441AE7BB7C1B87D9
S3211018F8B8F6488BC2AAB80EA2C8A3E770BDF8B0AA7F3133C58DFFA7A5072DF5B23D
S3211018F8D491DC766E1C6A062ACC60C0CE43149268929DD60EFCC5ACE6DB1DAD8944
S3211018F8F0F9C2593CA60BD47AF12BB64E9F4EBE59CC2583A57CEE5D5028FE7DBDCB
S3211018F90C463CDB19CB9DDA81FC6F60681349497C6D47331346CC45500E0EFFFE6A
S3211018F92807F40A308BB1E293B172D00DE944D95D2AC39C255084007B2D743BFD76
S3211018F944E8DB538B903F7825BE62363850BC135E5B2FCC5B46091DCDF1F504D6B7
S3211018F96097FC48EA7EF648B932BB5B70621DBCB2611EC76A60BB0604CC5E7FE51B
S3211018F97C9B671E8D32E9B0AE8D53AF9500FEE011324918CD5033347E706F6DE740
S3211018F9985DB48DFD174615017C104EE74F1E1AAA4B0AB235ED60193037286590FF
S3211018F9B47354A595AD00DADC64FE3659452A4D73182837E80A223432BC448F27DE
S3211018F9D00E6257F8B250A431272269D357B391187DD1EE568C543D0090E2D239F3
S3211018F9ECF2E1834D903FA55BEC15897D52C56153B5E25CB2A1B5FAB2166095F2E9
S3211018FA0883E94912BD60A16D2F24871090F8E78B9D7CDEBE9236CB4C0B7E53EB83
S3211018FA2497854558B61C222AC1926F057D2E9B0C960DE04B2218EC0E8C62213562
S3211018FA40F96F990DA474D5016D0B726D338F580880BD923F2013415EA083C8B983
S3211018FA5C27FC4141EFC1FA2D93A9B2DC2EF83F84F17E22D2F11A7B72B1A21FD193
S3211018FA78832B26BA857A0AC03CC1033C50C02A29421748D5763443F1AB2D676B50
S3211018FA94AD58247B477EFD4010C948113BCD519A474510388314DFD06A9FE34215
S3211018FAB0381FCEE69288ADE1EE9C8B28A34989849F6A86CF23FF82AF64CC07B388
S3211018FACC4A4E003BEBB1672A4AC2222FE4332FC4CF36F01168CD4F9CAB52C52F72
S3211018FAE85566D0CB196AB318BA89EBC15E2239F386ED7E65FBAA080AA324488DEC
S3211018FB040B3DE49DB4DEF2F98210EE268360E369FDEA92DD887C2DF63A40931DF5
S3211018FB20785866B7705CA675925F8B8A49EA013C50AFAEA569F226CD7AAD76878D
S3211018FB3CEA258AA0B08B56646217B269DAD44EB6E49CA404126200EBA5AB96FAA4
S3211018FB583EAB4C5F789F8A811560EE2BB7F705275C57BDECC4EAA5DA55F704A0CC
S3211018FB7427ACF3C79B2229945A1120A36135375F382498972AB8F27127F300C03C
S3211018FB905E2F63E566DA2AEB6A024D90379478B1610D797DF84C14D4D2D023B9B6
S3211018FBACB2CA201E45C13C1458F4C67144BFC8B9B1CBFE746122224CAD7A3C1D99
S3211018FBC8CA7AFF615C341C9F75723C3EA5F23FEC9235D5EA75125450AC6A5D734A
S3211018FBE4028A5F0D460E6AA53A59C76142EFC02E7B14E04C71C548D5E41F7F0A08
S3211018FC0078BA610F91DFCAEDA39C81BB51593C9C72DD9250C762947B8BAA161D23
S3211018FC1C775173F9667D62FFB7258DCF2BCB985B4625DB6499B3383DC723F9A611
S3211018FC38C9023AFE56E9B885DE318B10C7458B9E5C1ACA7301A70AC2F07F0E641C
S3211018FC54F3263C12265929DD3540EDE64C8D2951E620B3CF2FAB08EE4E2934CD0F
S3211018FC701C65B92ED2FC2999076BFFEA2A7EE6D0CFF69914EAC7BDA36A16CF13B4
S3211018FC8C5AEF9B4B2D91164EDB3FB00E99396BA2288EFF68BC7FEAB0512831FE8C
S3211018FCA8FA884C74EB57975626C3ADFC147718EC6EA377BCF408E6CFF429F9373E
S3211018FCC47D0AF20766C97B93911EC0ADDA9CEE809341DA954B0A1743024B745531
S3211018FCE0155C7CF7C2C7E52186A5A1F41A45AE0CC84DF417701D71C955559AF46F
S3211018FCFC24535C7B5A69CE5C1D98F752FC5D07D4E67ACE174EF3B66CFAC98595CC
S3211018FD1875B9ED836A80ACA200A82DB6ED43609A55F0371BDA3FC8F13E9D374754
S3211018FD34F235E7C57392C99D39A6EE1477F8FB7462C25C4BCC1660938AC5FCA1FC
S3211018FD502100BADAA4848F96014E017BDFDC4B444194D40C437562DB2132EBEE7C
S3211018FD6C60D9C900D94AFF945A07D5A30BE626F978D11852CC54ED08B1FD9ECECA
S3211018FD883EECB48A933257CC71A74472DE656E1EAF8CC2E0B97A80DCB27476EA52
S3211018FDA43864E02E0D4830A159604190EB776CE4B156E89784AC688A515A5D1A3F
S3211018FDC0AB9EFFE31F23E3F5F752467ED55BE3789C1637646FCDD45EA5D1BC919E
S3211018FDDCEBF0510BD2B14E39B0C1AD43524EBB257DF767E9F586E5C1F6DDA84813
S3211018FDF8AEBF272E7F27A7DEC06EB9098C0C3C137CAC2C05804598EEE245B1027F
S3211018FE14342D48AEBD0CDC748CB6A6AA0C5A0609A0F18B5083370D4ECF995D489F
S3211018FE305A6C2DFAEC0DA3ED726B7A14019D8999D3A2063B3AC1F70F9258858E33
S3211018FE4C99C2035D0D4C9D03FFF523AD66223040779F6C9258FD81D0EFBD5657E9
S3211018FE68910E2295B2F1B80D34051DE6DC3C10AD756D20EFF129B809B5091713CD
S3211018FE8425833E7232B295F82F488EFA6567413A7769BFD55AF1294AB89A8C49CC
S3211018FEA074ABD803C5916E433F2D8CDA45262FF2DB896C1483CCCDEC1C64582BCA
S3211018FEBCE3160F49686EA06941144561793C2CC527D0520F6F9563779D94074F6E
S3211018FED8D53DA6DA5E8663B827093241E480ADC477355F0A28413A718DB68D0FCF
S3211018FEF4FC5E1AC142A974CE6E09AB124BD9CC1B969DB45FA304CE01F8D1039B00
S3211018FF1097A2F6915538643203304706299E956941D74632415A1A2D3AFDAA0428
S3211018FF2C132AA1959A71C5FE529A234A77446096A2A332710E8782FBCCADA035F8
S3211018FF48874A5ED3781FB8BF3EE06009817157F4939CC7582A76A91F1E622FA294
S3211018FF64343F0118F62425D2611800CE7014FE4301597CF8A35957F5EDF3188D0F
S3211018FF80EF96B0A575BD5C033262748F4401A66BA924516640D24AF5693660E12A
S3211018FF9CA4AAB6F5DAC131863CE099B25591B7472AED0ABBCC9B291C2D176B6AE4
S3211018FFB83312C12409DCF99D860132D9BE8F932D05E510D428298F56A138BF0817
S3211018FFD4FD45BBFD6719B585641D99585090F4A76F7DB3C64B2630FD1EAE52D54C
S3211018FFF0F9CC61AFF75CAEF175A80306D41A91D08FDD4A1BDAD82A8925C05A52C4
S3211019000C841DF372025ECF0870D4502BE525C29F5B1F80C98DD3B7E0744EC67B85
S32110190028A633477F15F1600A9E47A7D6D304C270A7B178602CDB0FAA24042E6A63
S32110190044EAEC812EC202C5B6595993994888229ADF1F7735609EFEF814F06D0430
S3211019006041C6919E13C695094825EB2C034C517D6EBA05ED15CC623B3CF3998B1C
S3211019007CCA6D32FF29A1DBDAE97C973FB0B0246CEFDF671A9298200735469F1B52
S321101900982183B2A3D3832F48CDF1E6790C99254B52F0BF53B0604A1286F508479B
S321101900B43F0392CE37EE69F8577DDF8A73E86A41B15D6FD85213D769A0F7965D12
S321101900D03BCBD531D5AA098E3B8EBB6C5338020D1BCC9E92D6D8C3583D25C447EC
S321101900EC33DB2758566B540A2631A9BDDDACCB4DA56AE22C986FA4E49921DAF788
S3211019010855006D10D640EDD4474295F58EA56F908A13FA5F44AAF0836DB186BA09
S32110190124D78B92F90C6CDA69C51CD71FE693F4859EBC4EAEBFBEB55FDA239EEDB0
S32110190140C342AFB8AE1CE0A2F6F0ACCA24EB2A75213447546475460E01288B726F
S3211019015C5A84544B059A32843136FA375432497B356BEDF04DDD01E31D4C9957C0
S32110190178F8EAE476572141D7C29FCFC700F3AF07F2AFBB10702A5CFA2591E9D9FC
S32110190194A2FC177B270B1093C65315E623A43D8395924EE658E05A78522E400556
S321101901B001E7BA7DEF4665A5169522682AEA62FB8A6B9CED0D0E6A17E87A471726
S321101901CC6FF13C001DD526200C604A08782C51466F6301E224F5B72596CAD9ED4B
S321101901E81BA631402BDBB2C171F9419E4F457341E897E8EFF9A9A10EF79F5DD026
S321101902046DE890ED7C81519ED5031054BA18732476302D35CBCE9ACC69D1977FF5
S32110190220AF8264B9417D7D92FF9636CB6DC077BE8D35A68B6534D0D2EE74B0B090
S3211019023C92097D354EF43C6EDBA0309868E207C9CE1DDCD1EAFFCBA636396A8294
S3211019025896978359B1A0196D8D21A126F6C1351526AA37E6DF9E8CD53A18B7C170
S32110190274039F9968F5651BEB3124C593447FA2DAD1479E684BCDAD2E73ADD64207
S32110190290AB1EBF0B459B545864380E95A383AA55F00DADB67A09C25C3E9FD3B03F
S321101902AC01AE0161A546918790A43BD94B767B52EF4D9AF54080A1706E118BF087
S321101902C8D8972396DDC59723C2B472ED2377199DFDE55C89E52CF8E57F224FF1AC
S321101902E44465C3B0CFFE9EF333D8444D003D538808221EFE8834F6B7F6060F7176
S32110190300E69A4E42D841932752B07587EB2E73A02C8FDBD4B9378CBEB497327C08
S3211019031C3EF73390126509708749DD84347E7C96029EBC11002F3DB4E479FCC60D
S321101903385A686DB11155B099DE2DFDE8E9D10DDE342789F0D02859CC7EAEB5ED97
S321101903548F9E595D2942E6FD3C8557393267412D4776DF4A66FB194EEC9DB7994E
S32110190370DA24A074809E58BCF3940615B0D016961DFCFAF7E10955A9567E004723
S3211019038C57EB3008FD1F5D87A57741AC374FC950A2085C236271B9D83FC875AC4F
S321101903A84C706AD36A0353B25F4677FCFE2BF0098F8C8810F0E3EED57060CC760A
S321101903C418158DBE69CEA64DBEB46556F1C910B0CE9A76C5FB56F29CD5F8BBD0CB
S321101903E0756BE99241528E0F4255F021B0B12210D81692551F20D97720085764C5
S321101903FC0E389AD4F23AF85BBF3448EE6602B754ADF9FD53158E952FBAEC77432A
S321101904180B76F0577934C9A788EBDF1A517B5842FB8676719FDCC48190A7AF30A4
S321101904345A4F1B29F977E18E57764A3CE866E641F998DC11AB5166E5C946F0A382
S32110190450CBDBC5F73F0E4873F63F195577EE42833FA9E919CA6CBD073458D4EEF8
S3211019046CED770CF516FAC487CD573837F825632EEF66E766F56B91622E36725C1D
S32110190488AD266D89EE777F695493DC78728EEA7139D49C13993CD8F9AAC9799996
S321101904A4383D8F90B4DEE0C42D49E316D6E26C171609C30C6A9ECBF187BC90AF65
S321101904C0D2A5EC4F504088293BFA4C32BE59D32D6472D3852507DB7DB15BB2DEE6
S321101904DC297372045104ED2A814AAC7DDFF780EDBD49971F7C77A8A4AD62E8FB33
S321101904F8ECA2310A8FCA0ED984B6B308295D908B2C3BB76AE386FC090108123ACF
S32110190514E49C869177BA4B1D04E72A3FD260F108706B54039BD1B2663E24D9C339
S321101905304FDBAD92F494CCE2A917E2E573F00880EA4673006DA6B611687D6F7628
S3211019054CA5CDAABA12DAA24DFC11B1DE13B48CCE8F0187ACCCF5FAC07347AA55FF
S32110190568053ECFA52EA7261C8991862C4A0B65BB57D823069EAD89505B4F75524C
S32110190584EBCFE2AC116D4B3E9906E6E6334FBF96B57FA7239F055786BA28685F73
S321101905A0CB39020AF73E2419F06939909DD500CF490C75E5A04B453C5D0CA12ADC
S321101905BC6FEED8484C54C7F274402C763F71181C5F75872FC4CE50873D2E7D7990
S321101905D89961E9159C9C2235321F7A3F8768A79D4CF38225331F84F46B43DCDA00
S321101905F48CBCE20C850E7E4A4A89E6EE0D432E993532D80B84ECA5BD5FD3AD0270
S321101906108E1C23F6F4ABA1F3BF02A79EC8A81C23BE597107522A0676B6D2613A4A
S3211019062CE20D7A4B0C4C2F03495B0F769DB9751F56E54796855709E262C5412EBD
S32110190648FA9C528049075326F30B42DD12F32E7E84374F4B317FC256BBC7F9C60A
S321101906645CA150F41600139A6448B1B27EDBEBEE4BE2E91A01EC9DD0D29E53F6C3
S321101906801B06376D526E9857EEF04FE14F29AC79FF60A3CB55F9C25974143B71A6
S3211019069C87DB21CA2868C0A92514EAD93B949C495D9E429C82D42EBD9D6070B8DE
S321101906B8DAB0D2FA0120078BAEBA0B5FED5BD51C5D627A19B926117442A6F094C1
S321101906D44C352F9527D0CD996A3D1E90CEC9BAD1E81EE4C02E355B262ABE688F55
S321101906F0A023B1C32126402E5B3AF2CF24C6A3385D092F4E91265F945BEE333D72
S3211019070C4FF382BABB3EBE7A3D021C4874738ABF786114CC1E7ABD7D26B66E1F2C
S321101907287F427B7A77317F9ACA2A920A648116A6A6134D486922321CE3E8CACB57
S32110190744FE866FE31B5A79C66224634AED536A3443C3E680543B33A3C11BAD6F06
S321101907605D721CC5F562B38FCB2177B1D33C20960114294052D7CEB06E5CBDE49C
S3211019077CFD9ADC6C42594CC1B781F8C9AABB2CF2422F5882DC5DDA6CBBC61FF9CC
S32110190798B7E47C3972CD09E9763FC2A540C9997F25846EE57992C9CB5806F0EB84
S321101907B497CD6245910BD9D2CFCB10186A40DB833FACAA0C22188C8951B9675E1F
S321101907D0A0A0991FEAF38D1B7091D41721D8524F91750B6E9878028DC872856B93
S321101907EC70448667C8FA1387CC58DEBC04E6A562326CC75A42B33E218F6F1B34B6
S321101908081DC6D637C8C8792C83D050F6B52CA7B96CB2D024856C54E5EEBB0E991A
S321101908247AA2009A1E2D87F72BB93E0E47D4397FAD274FAA63FF5A86201E914DDC
S32110190840E361CAA7B2272578F58E88E5A3241F4A8458D06E3BF0B446E325B9E939
S3211019085C22B48A41E95C9399244DD75EF39901466DA319B1449F1A9A8D34CFE8DD
S32110190878E877ED348EBF3987C9F0D0CA36992C46CAB5D0BF0F8B832DA90E2C5F7A
S321101908940B22CC02D353C68DE747EE9444EB8B3B2EA5C3A49A14487E2519B81A42
S321101908B05146D4A151E32365B92719D47FF215DC0487806AEEC85FE4282EE7510A
S321101908CCC8492479445BC5B8BEE76530361F48D6EAC45C987E9F2A7C738FD5D45A
S321101908E88162FF9D1B0C3171FA4A6E2D3BA00211FADB8CECD79D91ED51AFE3E9A5
S32110190904BE81A63952C44C2FC64AD142C286116AFB1307BA3066C95474FA27B646
S3211019092002D323ED73D689D543E008DF924A00FC20C5533EC5822DECCD9FA85BD9
S3211019093CC30C8EB846FD01E183398A787632D49242FC56D0BF4D410A948A58E752
S321101909589915BE7054F7EC501136FF32E736C1D177AA16464DBCCBD6E0F830D5C6
S32110190974AA784EDD6BC10721401EBBE494222F2D65396C60807B6EE623B8D755C8
S3211019099093AA8913F24FFCB37456E29F534A30803DF5F554873289986F1B607EFE
S321101909ACCA5DDAED8177130E69A676A56950A553475D4487C5619753386E9AD788
S321101909C8BD23C49C570A790EA71199C733E6A49DDD347C25A08A6AF8EC8321B7C5
S321101909E45CC2899C7C59A566A5161247577B0F9F2201149E6878057F8F7AA444E7
S32110190A008A16E3A0A8F35E08261836E0F0B7A79099F1205A1A52D9745E75D26192
S32110190A1C8447D686BEA51DF0427C332128620C715322CFB26A9B0F43F02C593BE2
S32110190A38BA602F4F463150C0E8AC48F70DCB19C0CAFB5532C023D5C46AB6139C39
S32110190A5422A159A30EB427664047D664B0A0589D7E77329EED47325A1CD0E76C7F
S32110190A70C9CB91BA8B0246B53D9CBB6FE56A8041429724AE875CAC039B8AFC86DD
S32110190A8C10E1B4D9D8BA2C7699AE1E8D43B3DDCDEFD38DEA6D15413D0B13DE3373
S32110190AA8365F1914699768E9F20DDBC63B9E41422A7CE525048E6B6DC9CFB4CAC4
S32110190AC464C223E6B189ACC6B4D4DAFB14BE3A3BEA0530BA0B8E43418E816D04F2
S32110190AE03E68B501F8F6B59BF4488EDB415490E4C60FAC85486F77DD437F97CE4B
S32110190AFC7672353B2A1EBCA6825F609443E1B8C1C697D36EF53D4034D8B8764EA3
S32110190B1875A0787F1AA7ACF731800E159B49983CA85182C737EA7ACF8AFB9A16B5
S32110190B34B2B5797FF046AD0C536E4C38AD4FE2DE5175012D490736B0A6CFC02D9B
S32110190B50298F9B20DF59FCC60FFFB52053DFA041322BA5D823444947FFADF4D9AD
S32110190B6C5F2A5AD6EAFC82E2AA54E0B6C21654AD7A6CC7683F5AE18D6537D779C6
S32110190B882BCD3EDA0B383A14F606FA198A419E145D09F296C67315843A27DAE812
S32110190BA4EC21C77D8C1DBF6E950AA311A757DCC6E270E87F78D1E33E4B0621C493
S32110190BC06688A3111C804DE2E8E481E4106C88BDAF4B1681A93A5C6C3B46224B61
S32110190BDCD6B368FDF87C583A0385E7DC4BB728A117EE9CF8071BFD067774212DCD
S32110190BF82EE816F4C8DD1D3063D908F145375DCF615DE9ED0C98C4BEE2FC208388
S32110190C14F38577245EE33962D7FC8D943D5F5BCBCD5F40424A18BAEC23DB50AE3E
S32110190C30F3CB742DEAE2D62D82BD445641979621815D027D4476D3E7D26CEEFFE7
S32110190C4C2573FC6E2F4F17638419F6E7C272FD2A6E985C5A2B326DBF27EC1959C4
S32110190C687EAD145C7B674D6F0D59BE9DEAC7FF841B8D75180131BCBD813AAA5777
S32110190C845665BBF6A7AD60A1AF25FD79EA361405BC564B70BB3841ACD82AAD93F2
S32110190CA060C511937EDBBB0182294139A99701D1760919CF87876EAD3E6AC723D2
S32110190CBCD0CBF99429E386E2787AA21A2FA69679C747EF689A2B1F099C05F726AF
S32110190CD85D591D60BFE31B8292924047F3E8FD95E938E55C8BF367ACF06A23EEE9
S32110190CF47C91C549D9245B8902E741A0A66D0AC0DD96A77F0F1408A4DDC02A5192
S32110190D100B57BB27B991A27B8D8811C654898DFBC120C309DE006C682A4B603C2C
S32110190D2CC0C060E865724F8972A2CEEFAD6A2BF6207A59511A55DE314271C802BD
S32110190D48D04C634FFAB7C2429AD389E5CABD3DA64CB7B9ADCC5E783F0B74CDCC36
S32110190D64F4B3A364E6066B0B71ECF317B8099EF0B38F81BA54BC9B8646D7137A26
S32110190D80A0FBA3FD2BA029C14189B60867F521077239DBFE0EB8B59DBD4BA17176
S32110190D9C1BE67D6F5D6BEAE46E3143689636E5E3802EBF0604AF333C43195E421A
S32110190DB8A2DCC79643D8345A0E89CF8A337EB847A97E05AEF0D3F40364AD5415BE
S32110190DD40E41D2864805A8C04DB0ED1A6208998C01D8E1A91A427F23283B86F3A8
S32110190DF0D17C929139DE20F2EA3BEA178CD206D2D955FFAA197310A918893BE5E6
S32110190E0C81DA994146F9FE3784775D93603541469FFCF92F94DF3E3574A45CDCF2
S32110190E28F6177219A3E99A28A52EAA5220DD8C731DAF68BAEB07A4D47048C042BC
S32110190E445D4AD79DE32F3620FC7007084FBF0887C73DD02391B1375817AD6EAD21
S32110190E60AAF4BC73C5702268E39F910D3BEA82DE525F73DA49552B119AFCD716BB
S32110190E7CD7396288346641CDD318CC123D3BAC5A139E8A018B20D33A8FC0E672A7
S32110190E9871DB8F7A23236227242649C250AFE535D0FD35644A98B71E2CB3674ECC
S32110190EB448410DC2F8A93B5D55485A164967DC340776FAC62A43C19B0403D2D8DE
S32110190ED064E8AEA21C569AB24A1B001B5DFDA272BC555DC5FAECE5D38A5BB5A67E
S32110190EECA80BDE43E2C9960840B149471AEE8D5ACDB27CD51FAC2C89FC1EC08A7A
S32110190F0823983138A96A2225D594C8BF0DEC1B091E94EB6854CDD73F9C2AF88693
S32110190F246D296FF452C33F25159987C6E449C8DAFF6C9018955FF5335F0DC6E9FC
S32110190F407A57E65829C77EFB8E286AA01FD43EFE51C1B3C33BA5AB5727893CA405
S32110190F5C0D5AAD905467E32B68BDE61B2BD81FF0420EB28ED513B7578497CEFF37
S32110190F780E5427A4F30812A0A1AB378375CC5EF3B72A7716224012FF8A8D6E59FD
S32110190F941C096BD64EAE712E89EA47E099685395D02A1BC00EFA1543095F660289
S32110190FB004CB46F0E9C63EB020F5D703BA73F978BDD2E913FC09A671C97948D8BE
S32110190FCCE6546D2E80783D21A31A1C9EFE0FB5F901F7395DFB06F6F3CCF2171020
S32110190FE811F766B955994E6F47A689568926CB386575D5C7E26EED670BF95806F2
S321101910041866BBCB8C464DDB3ED4EEE0B9BF86BC1DD232CCE1FE11083D841D81C5
S3211019102037EDEDAF3D201D61EF50016EAA226FBC1E17710ADD32DBD5737DC7BA65
S3211019103C9191C33691C62CF0F39A45063547206D78551A7522F27408B754C3241C
S32110191058A33D18D95DA86A0C0119A777AC13706F78E14AF6697D28151ABFBDC415
S321101910748F976E1A4339FBECA17ADC2024A1FA78D5CE887E0BEAE45B0725323C5B
S32110191090EF939A5D6E7DE881301D3FE674A40D96A14592B74B1DD4E611874349A6
S321101910AC286F3AB46F5C073F750929C589C40A22B37CA9E1090ABE68704E93C378
S321101910C8D88C321F1487DA7B00D4FE9D4F56B19669AA98C367DEA428AAC94E0F8E
S321101910E44FECA144069704D72E370FB78E2B7B50706E14B70746A11CB371A12AD8
S32110191100E9B7FEA11CAE4A02248E1DB30C844C191824A7DF23A921BC17976BADA7
S3211019111C714FB35DE67792FDC67D8A773C97CE8F7210F24AAA8EC39B095EB71DC9
S32110191138C7568161C199CA6ED9E364AFFDE0D26DC88B62A03F7E2ACF1795D7F072
S321101911546674634CDF39D647777AF50206B9566A0CC7F699BC9F9A5568668352DC
S3211019117014BAF721B01149C8DB08F533D09CD8B74E24D99D26BAAD3D7AD27408FC
S3211019118C2151595904672ECBA09D3466A4F84632A6846D2ED0D2D6E00AE25647FF
S321101911A850611CD7D4689C3B59D6EACCBF45CF59A364EDDF37C41F19E3DFF5CBAC
S321101911C4756338C58C626BD6B566DC40A097D2B103B37CA978EE02183A3A5B18A9
S321101911E004D34F7D8C9AEB855EE2FA4A8934E8CCF631B9912B895125F3B2DE0375
S321101911FC29C37A31ABA8E1771F081FDF81BAC92E55C50406CF8219C4119C3031AF
S3211019121811FFB5576B4C197541357F791CE34B661A38C26BE2E20E94C0840E7C59
S32110191234EE7F2005E9E8F4F27A3F783AC8593E321F5AA44B8FFBFBB98890976273
S321101912506F2866A7822E4BCDA82BBA1D01C64898F3D99D904E24DBC862DA1953E0
S3211019126C381036B644F338177F6AAF858B966F90292A5F9D6F5DDEF5F7323B6985
S321101912889AEA88E7A1C981B2E995201EB38FCFC53F997A8EFEE509642B2A470D20
S321101912A400BD162F3BE91B681D5E1AF8939730D7960B6959D0B7B0E229663584D4
S321101912C07E043B178A79915EAFDC4454E5C66B0A360A7C56E3BBE4813CFFDED9D3
S321101912DC6A90EF7D01C8707EF8C44C5B8050E69EB760CF9455107F3E92DF796A03
S321101912F8F84832D5B2A130019C58E2BC6F6D8E6A39B3578FDDFF7A127333AD04E9
S321101913142668DE20772A4436821A979DDC7435E5A6B33359EC9264BFF836707415
S321101913307036D7FED5B9DD27DE62F62262C8B7423C9955F7EC02AB0657D2FAD433
S3211019134CA251639BEB10140DAD6C842B50337F754918261AFE35A2DE0635B021AA
S32110191368FB32BDF9E8693E82C3F6B0CE96F614022203646E510A9FA8D76603C2D2
S32110191384396F8ED99B3C5F56CA7F43983A55BEBD2202CFC8B99B9D2DAAE1653D4F
S321101913A0B59030291FF6459D30B58991DC4AEAEA6C30733D02100A8D1C4608F91C
S321101913BC556AA55B53D0B02CE57D9A0A279AABD257CBE108000B93A62F2C835364
S321101913D8F23710ABC0DF568E78075297DA9AE998C9E8CF833131FE0ECB8F1EA578
S321101913F43A95AB230B2C88D05ED1B91DA1A1F31D6E3B67070319785EA210F384F9
S321101914105EC7DD5B446ADCD795F5D40CD55564C91B86A15D9312C639DA34D812D7
S3211019142C38FBBEF4DC6A3A8648CA7996E8D46A734C002D37E38909DFCEBB1BED3B
S32110191448656861F3C744EF5CE9888BE6B828B9716DEF7731EA6AFFE13D51A55734
S32110191464F05EDAADC4F4FBC1606FB26FF92A234E61091FCC820157D246AA3A2A1B
S32110191480163756C25F162EE3C2586199211C60937586A88D8A36316A3C82AB59A5
S3211019149C6BCECF68607AA9AD7AAF32BF566402B94F8627B9E4370AC35C96D0F97E
S321101914B8EB5C7DE5A764B008DF5B3021DDEE294A1C2952C5FC86F89EFC42DC33F3
S321101914D4B6C3538BAF3D99D3EC2824524D9AD558EE87F3F628C383AECB89CE7371
S321101914F0EA94BB7E069EAF906D096A128EDBFE9FDACF9275688936FD9EE13B9EF3
S3211019150C8E797850F9E8CCC0F6B951A179586398981E0B85EB97E178F7630370FD
S321101915285315C5BB579F14193186E24EC6577CD45D2B81FA02A8B58E0E2950F4AE
S32110191544212D32BD49290160962FE19A2E7B4BAA69EE7764648DD213FEC91E1170
S3211019156027C6C17802B9EEB8F0380564D3DF2915084F5227BB4584CE4E391F88E8
S3211019157CF122910065D99A5AF673A721B338D24071A27B29A5EB463D03FC1E0138
S32110191598A49E5DFFAC176A92B25C6866929939FB1BE2EDD69F9F30A7468B487012
S321101915B4AF41E50E424D19D463FC69A009B066BE0DCA9327E23018F96A47A57FBF
S321101915D0BC1F0ABD00CABC0DCC2202F56D9621E17CBA87B4157FBCCCA512E50B7D
S321101915EC134A9E2F75EAD69CF228044B2F5EC1AB4208DE5DE268D960E4EA10BCB5
S321101916083C2E947D4D1F006F47BA9CD11489272A6B738205A9120491332D46B4D6
S3211019162403D66EAFFCB047D22311081A97B8AC7D73B638B8BC16F4FCA81A026FE4
S3211019164044B2E0B46CFAC15E9ED9EFDA9CE8659E1CCB32477935DAAF3B9AC4E178
S3211019165C2EFFFD01228521FEE87D46338107181C6ABC56C5C54DFE241EDACE4637
S32110191678FE1F6878B0569FFCE8F221AE9211D974A986FB3CFD2FB37A7A64A16151
S321101916946D90BB35D3DDD0E5B4365467BDF5C772A2497C726BF3565C0D495DE7A6
S321101916B0CCED3EB204C29B4CFF0EA4BCCFF8E8EB63D2C0680B45E3292BF93A314A
S321101916CCCCFA4E5E9121046E0B866D60373C7FF7D255B1C6543A5C6EFFFC9393DF
S321101916E8B86AEC563025E85EA3859283BC7A17E33459625BE19698E7EC27F059AF
S3211019170462FEA888C2230126AB705C9ABC5C1A713B8250AED0213669C2CC2E3A09
S321101917207F13CE88055735C452779295BE4B51BCEF6FFEBA01595B2A2A596AF762
S3211019173C36259E63D14F6F90429A6B00F4DB9693806FE7D0A3DA9CEC6348D8D0AA
S32110191758E20B39AB08192E4D485C0A56B5CA7E772AFFEA0D5C3E233ADC3EA497F5
S32110191774D0F3DA14A26FE060A2C8120CE9661445D8C47B1E7466D13527036087D2
S3211019179052F128B226F5E2B198358C60F4EF65FC0DC62F7787E7CB5F742B81EA2B
S321101917AC8F0D5B5A9639A3E2C022B52EC260F7A5F7F7A43684E489170057BEA73E
S321101917C89EF553B0F8D7055F4002D5A4AE606289B633A891E6D65A67F1FDD802F2
S321101917E408CBEF52A6514721C7E3DF8247073422DBB0DCFF5FC79AEB98BC9DF0A6
S32110191800FB40D877E41C20138AB19668659F2E5606E614F30CF5421BAFBAD90686
S3211019181C51F7B205B4E622F05FF3978747924E3442BBFBD9AD50FA3D34169E9D81
S32110191838858A278886F0C5E6AA68A3763DB6CB09052E1623DA23F9443B2CC5338F
S321101918549A26D80C6F71007F465DF16E3BE434F9B0BFF93A72DD33E645487DAA3A
S3211019187009245AFD81F6F5B00F7FDDC5B9A713E32C067E08E214D51B03D3EFDDC7
S3211019188CC7F04DD0BE4278ED8601DB65201064486A003DD31A46514EA79E200453
S321101918A89E47DAC444EECBD758DE8B5ADAF5C0CB8C7D54BCE187EF80A5FCF3D0D5
S321101918C483F13AD3BAF88BBF96DCFDC27D14AD53782725AD7B174BB4785527851F
S321101918E004DBC0C4FF8F3861F4042A4EB6D394291C1F42A6FCBB83CBED39C72246
S321101918FCF7996D07FEC6B1AC000F9B12CCE47B98B38E22B2D9BE6259C3E125DCF1
S32110191918DD4838F39F606D13B0CD146A3DDD9FE9033DC80E45D2FAB17896A30F80
S32110191934347287ED4EFB3C5F88CFC1D68F60682356CDF5189B410E5D1899FDA934
S3211019195003820DC08F9195AF9BDE9054E79BF18088109314C5920F02C35C074237
S3211019196C1F282DA7282F238562C404A119985B56EA281AB27A0FA19AD49D3F5A3D
S32110191988BE4EF9E5A4EDD0DF8A2FD630A37B54FFBAF5FD4A3D1C621958701FD732
S321101919A448794F809ABD61C7A8248DAA1526794CE1537EFF39E2894137B76A05F3
S321101919C0F24D0E2E6B04DBBAB62BEC6670902266C8FB3FCFDACFCF9558A1E17E6C
S321101919DC4867185D318990CFAAFCCEF93D6AE46FF2A4FDF0108561960F830B88E8
S321101919F82109063B546E1021DFA9B6D5AED8CF09E2D8FEB0BBA0667E6DB7806A20
S32110191A140D3C532A4E322DB6656D5DFED1FB2375A9483C538C7A7F9910908963A3
S32110191A30382CA21ED0A439B71E5DAFB308ADF7C20E39854B95F0D0CDF82C767550
S32110191A4C44053391D9DE7647B542A252ABE2C3CDB0CD4A407E5871A14F3D6148A2
S32110191A681313E68AA300618BFF4B9270700E86CDE4258D81DF4025EEEB7123FA2F
S32110191A84D17B5253D464FD103FF2A8EE8FF9BB67B26A055362122DCF1B32BE89F8
S32110191AA09E368CE143C340695D0A720DD40761D75A13F4300B4086ED6825BDE396
S32110191ABC7CE7C3D25C506DD3F3DB794C00C977515E5E35C111EFC7C02B067E737C
S32110191AD839483672A9A5E8205C745E6B9CA622C21AC1BCDA9D4B98A495F00C005F
S32110191AF4B36E3BAB85B51DD39F532342E667CDE0EB413A3E7EF48A0512EB5385AB
S32110191B104CCA0D3F298F5470BC262ADFD5E5CDF9A87FA0AC48C21DE1A5554B3051
S32110191B2C067048847C0025894D2623F4A13E9E3B3CE89367AB3AC2529B250D4795
S32110191B4829E03DD29CC4BEAEA0525313EE15242A0938A0F25D8FCEBDFE1F5639CF
S32110191B6424D52941E8DE8B51F9FAF3ABE7D74ECC397E752CEDFDE905CAF955C1BF
S32110191B80FD2CF6E60B137C2D4A8EDE3F00BF532C5EB10AF6ACA4E55E12721B6278
S32110191B9C5BDF274D8EE989435D4739A886E4EC4F7C53D8B263F2A09D149B7FE7E3
S32110191BB8F87F8C2303B2D28A70F7AF4051A28AC172308EADAE4B5CE751C49EE764
S32110191BD44EBCCC6BF22E5E14EA5059BE47A5CDDCB13600F5F12E84C8AF047B1A7E
S32110191BF07D70C0D6349799D2749D9C767D6C51670D269606EADE211F48BBDF1F55
S32110191C0C75A79ACC45A274AB8A7E4B6108B78D5D69B2633C51694A48A862822DE9
S32110191C28A2D3665105A1E17543B4466C799AFC7DA4CE346B3FE9A2DB384FD68A77
S32110191C4463FCAFA09231F6E38D24AECF515DC02AE03B107B77D9586C3DAA1298FA
S32110191C6098EA69A97DF4288D69974016737846A4E5FF3758669723C61D96DF3732
S32110191C7C39FD31F0987A03452AF456D2FA551BB4854ADE668D2979C73B08B6A75F
S32110191C98211389F59B2BE435CF4782B66C58C5CB3A2FF1511A55B3A4584329EBAE
S32110191CB4975DE69BE763204C0FC0909DECA36146BF7B5204834ECF617AD856E26D
S32110191CD0AAD804140E5DFE3721EC4A9FA5B8D9198F07C63974C6E725E26ACEB1A4
S32110191CECE987A95323CF6687E5D6BDC2FB7795BF69C2F15DD6534A5630911DD270
S32110191D080AEE9941B9D1C0301A235470A08989671D02F60BC4590C548C2740F6A4
S32110191D2416BB40DEDF5590E0A0CFC8AFE3F7AA79BAD5086A9F3A6E628CA0786848
S32110191D40D018B797B709828750F6D264A74F1D83E77E25B592253ECF77A145796E
S32110191D5C50AF2E1266377EF2E4F651ADC308B64A7FF3FF06FCC62E01B445413F6C
S32110191D783D5DE6ADEA247480038DE933E37A6237DCA0BA4AA0BD0264052317FDD0
S32110191D94D820269A799A872B108D74DEED52AD22027204A8534D2E909CF71AD58A
S32110191DB030B5D4837169E6F13478D84E4214B1D8F1C48D8F26B013669AE7DDA22A
S32110191DCC1834C6B0792537EA4CB1D5E2F1EDEB253AD5610D6430B73656F541B867
S32110191DE8D9791464EDAFDE4BEAB5FBC97D72A81023CDF33EA25F29C0C13826509D
S32110191E04F5FFD2781795238FCDF788AE8B462E08AFED154CE2B01E2E3A9545B94E
S32110191E20225EE4D3A502E3090BA1B116665CC2D1A72DFB89D2ED2AC219361C5126
S32110191E3CE2E14C08E78089531978F8AC6DDEBAAE1E945B3B8763E36F4FB229A5C6
S32110191E5841348AF8DE128EDDECB4FB47C92D053054A774FE2E86FF53A9305CD761
S32110191E74E337EA6B81DBA0D414532782FF804F8819A4381F4AA9E8B5C5DE4FCA1E
S32110191E900E9EDBCF15F22ACDCFCF4700BD3E09CC5AA5AE841DB4694D99CA0DFADC
S32110191EAC8249DB090CA1BA743567DB8777A706A9D4E2D03E91EA121CA277FF9081
S32110191EC8AE6384A7860F7BF6D18C2CC7D16967F5AE9AE9C55E4664B3C408D9E56C
S32110191EE4BEF9F85A0CA4E7C12C94AAA2B8A97A0CBD61148D14DF205C038DF6AA01
S32110191F00517F1BC0910EB2CD1F7135E65842AC06310A9B37FD9B93B75098D2A786
S32110191F1CA6BA9528B33F6D2CEAA0A4D5567054161ED636DA37ECA252BF9BB6B5BF
S32110191F3847E4B176F8C4D475C5A82CEF3A3BE0FBBDCDE7FC1E86F8A0893CBDC242
S32110191F5489F798FB23B93BC95DBBCC2D3C3C98BAD7C5F3A5988EC13F917A52308D
S32110191F70B332CA74FFE8AD890305F229B30277B4E3F2537978C752C7994892B8BF
S32110191F8C97C2FC6E003D1407C25EDB67007BAAD7336AD804D56C277FBF6EC2B58D
S32110191FA86A1F0344C5CC79CC518BCB9787F663168AA0211B6BF7213F190D999D90
S32110191FC46AB0D6103A0B74BA918403986F7BAB6E19B5A77D680F371E7AD409BADD
S32110191FE0380B110D40546EF238C2D918B9127BE580AB421A8D10122D0BD6CDF644
S32110191FFC6A264E99874ECCF1CAF852947345DEC0890942F6F521336B1DD0469A48
S3211019201817852F8D5541176BE11F03FEFA72A88E3DED3D50F1D2FA38A4DC496491
S32110192034CEEA317E84BE011340E049CA615C67CE66C2922F0C41DC5D5E52C1D4CB
S321101920500A5D8ECE6CC34CF493CD42ECC18B7183D6CAE1C2B8C710B33BE735F178
S3211019206CE139172A68EA10931E370CDDBBD28A1127C207DE86D9B9EB1686F7E52A
S321101920880E05F69961C89EFB2FCCB8A3F6DDCB34B5FA0809750C5F74C69BEFD647
S321101920A428F7914554431A48E5A89B12D6B66CC57398B1E8BDA90A29B4C9825779
S321101920C0FECC5D11625B4FBD67F62EE403A152667ECEED18F6809161176A843C0F
S321101920DC8CAC5B87478878A76BBCF1E7FCBDF35F6AD22D8372CC6A570F32DF8B11
S321101920F823E2335EC677816522B86DF4DA50B9FB149F77BCE4D377358BF4FBF513
S32110192114B4D086172BE22B29FC87E9E489596B9DCB713B92070F0935040AC1B3E5
S3211019213011D129A6125143E00972DC7C4233BC6FFB0E21913D815B6991C21945CC
S3211019214C6636241075768E00B5FB42AE651D5387A7DBBAA15401DC4B4A758CFE61
S3211019216821E094CAABD8CF0960155A2F9170D4AAE4262260B5A003EF07734F3425
S321101921842FA4283A52CEFE92377E4D08996B26303710F14F750403C6FC24BF9689
S321101921A0111902A4CD643DD069EBE742B79F6E90289B9511E48A9B587B8978408F
S321101921BCFF9959B996F96FE9B463CDBE8305AA2DE9BF95A15C8D1033C7F82C1D34
S321101921D8B2712BB330EF0F409F6A68DE9AA3BC70C11C4853BBC633A4385D3353AA
S321101921F451DE7711785940A3D2329D30970E0D5FD813EC9E20439BDD5D5E305CBC
S32110192210FDED1DF614D04743891BD2C7DDCAAB7140AAEFD738F3795791AF67AD19
S3211019222C6D4B0516977D55442B29C538818C79512F0275B51CF504DE379E302547
S321101922484B6733E8F798ACD04F558AC41969D8FDCBA2BAF80A9112AF4DF43F85AA
S321101922648FCEDC7B227FA32AD21C92BE7032672ECBF39C30547112053F1FD16E95
S321101922802F541FA7018BC76CDE60C1849A28079BE5CBA51ECC8BC3C146F1196323
S3211019229CF40AD3D079A8BA032F9FAAEF8662BA0C0DF87D603005EC8B6183BE082B
S321101922B80813C3F50DD5071B40BB8519FD407EE1F6F1A86C51D43B3091612B61C6
S321101922D41CAA07EDE66FD93E888B0043AD32CDC49AEEB707B51D08C0500391D43B
S321101922F012836A92E60345F8ECB6E0960AE96E8F2B593237E57AF39C856968FEB5
S3211019230CF67176C974F4F0E74C52D55C1CC4C6B34246CFCF6779207D46ABF19361
S321101923280E76DFDB529A01EF94454903A533ED7FFB42215D166500014959A396D5
S321101923442AA483C7C2371B4899733276A46C2B82CAEC794F1AEB07F4D786AE6E72
S32110192360A5396F94B3708B941902DF5C04EC82EF80CF4F2786E06D545E771A8AF3
S3211019237C4A17B46444A5C8BC426924C93B2CBBACD2092C145F5937F72536B5E6D3
S32110192398F513BECC4A39B15183B431A14EEE7EAF6587ABF0A99F9C1C002B825EDF
S321101923B496F8D76E0089DBDF7A05C13F447490CF9660397D491EA047BAFAB0A331
S321101923D019438D642DB47980369FAF5C2386794CF18AD3E8DBA694BC79FBA9A881
S321101923EC888E2CD37D733FF76D8676D76FF55E9FC266328AD291FE940AE035EBE7
S321101924083973F9FB646194B36C1EAC83B03AE31EC88B0A905800CA295759974179
S321101924247045F65B89174CBC66F2D951C58822C1AEC8CD3BF99F508AA072EFA973
S32110192440E87E8AA2A86763AFA57B7F108CF261D94FBBD6FC5BDD02B3D94A9AB5FC
S3211019245C3EB18426BE0D04962DF6EB8BCA238561379BB94CC30AC111429A1195D3
S321101924785395591E2CAB9946EF110F7AC3E8E8188DB9A2F1DD6E583498280A1B3B
S3211019249418316B1E10050AA1E930164596E1DC3BE3A833C5B01D74B17708889954
S321101924B05E88198B76BE567401971BD9D4DB309EC2F6C0C2E5D432584B1D860FD6
S321101924CC14BD461BF7F1A1357EEC30A9176F310618EE5C2770B286A85ACD2C1792
S321101924E89F2DB98C4DC55A88C41C4A3BDC886B1F3EE3B56049EBC19D419922F796
S32110192504E7F1A01766B90F139CA58DCE549AF7ADBCD70C3155EFEF7230DCBA67EC
S32110192520C3A6AB540E649438CD191CCEF445DE1BFC7E6E0D9CB50E5E37826A4FA4
S3211019253C73C6AEA4942AC4C14B953786D88499EEB0EA4682EDC7C6C60C83286746
S32110192558CEDD2BD85C6155631F3F68605705F3ED64A3066A96E33C70665C081934
S32110192574F334DDFA1D86243CABACEE38AE58D405A0940BD2F3B79246D6C4F4C6D8
S321101925909609DF1A77F1C89FB57D822CDD092A63124734793F45EA221AB9FCEDF4
S321101925AC85B260AC10C5D2EC378862CA4FD36CB22D8A57125A57953EA0306832D5
S321101925C8034E34212EAB8EE565363671D32E94A0BA57368FBD6C9765B49FFE16FD
S321101925E41EE71A7F01D372FF51BE9CA8CA0FFA5373DCA40D6687243A39EA258D30
S32110192600E152932F0134FF3608365729D264BAECA80576A8545A444828CCBF29B5
S3211019261C6C7E554EE099DA26AD837B53251F4D11E1D4AB3CCD26D4FDD265B30F74
S32110192638C82E8B8B6775136986ABD6F4F8B3E5A29B4A5ED1453095EE7154D721FD
S32110192654EC7ADECACA98FB64733EACD337C01EE2D66C9C880F2316C53D2CD44055
S32110192670C7A2F9CE32494C90F6AB61594ACE87843090E6DA906EE2993D49A75F95
S3211019268CD7452A9B740C2FF1FBFEF14E64AFACA5C9A01B390C136CB0025B825BB4
S321101926A85A4F192F265EB60DA887184F162CC55D6F0514C9823350C1668B1B632F
S321101926C486BB81E28B26C72F553F94930812329547D4A5187BFEA906F2980E0D3F
S321101926E050C07B2C4DC14CB9CE5B930020DE9B7B3DD8D47BC82D7E308C795B0F9F
S321101926FC53188A80DE7759E32AB28BF7A78CB2AC70C7E526B75F989A83110F9AD7
S321101927188389263FFAAE9D845DEE2D5D756968802D4D0F7FFCF704CB93EF2039FC
S3211019273402CC831C07FD8FDFAB8E34854034C8DC50682BD83841F8B74A12CA3533
S32110192750519C2A8B07ECB36F263EFF6F4C914CABDDB8173E4B6472593A65751E4B
S3211019276C9A4FFA7A75D3901942D13FF51371BEE2B01BF793DB8244F14F50E06C97
S321101927882ECF1287A8FE4C5F3EA36FC33BB1B3489DC88018675751F342466E39F7
S321101927A4ED4470D9EA56F86A2169DC051C81872FE649C282A71A019AD4F37427DF
S321101927C0D285D3C0B1D5CDB38F4CCC5D739B21E8FBD8B3219DDF3C3C0CFE743F6B
S321101927DCD4A55AB064D84F14D2E019BB1302BDAD46375FC4BE0A9D457A4FDCC4D8
S321101927F89E571303E543AE3F5309A61838AE8626EC2ACE13E82A83EB5B98AC288C
S32110192814AF245C726D45163FB58980C76E18B8D18C039048B6413D829956B7DE9C
S32110192830BAEF260814B26EC0C866279ADB87CE86D07B250B253F42889A8B20D52A
S3211019284C0D8A4A6F59C7212B6FD8C5F6FF342E4F13146DB3FAC4D627A7B73D2E08
S321101928681ECB11D40491926C301DB6D3FFBFA7E479CE254D4CD173611266587BB0
S321101928846AA9AF213F2B605BDB46322B3AB3B202963A5947D9EE38F0BAE9F89C4C
S321101928A0EE0E67933EEB588E04A1DD25B1EFDD95602EF8918BCB98F15C22DE35A8
S321101928BC468CE795B175220571CF84E67CD9A77E162B3FA4983403873A15532ACC
S321101928D8E1F03AC35FDEF5A16466C44548A605F070E736B19B7BF816DA5CBA0408
S321101928F4AC26F363A399363C7EFC5D4619D8A59DE74E2F8BE80183AF4EDC036DCF
S3211019291007DCB6CFDC4374F9E468EEA9063643C587DC2F3D44E6ABA7D534A81451
S3211019292C3C3803B0E72BD6E5B6D348A64DA3AD32CA3043315B1680417D14B73A04
S321101929481B0560DDD3D67024F03CA78A03C64BB7ADFC810F7E61484005FD32A707
S3211019296487EBFF4185974680614E297949B52A56EB6AAA55223DDDEA48FD8DF287
S3211019298008B3F801F119F85CFA30A5E90790ED4254116A637467D3C832FC112A6B
S3211019299CC585BD5B28EB81504FA4388781AD4B43116270AFAAAB921E303DCEDB8F
S321101929B88A6D2688EDAE4C8FAF052ED61014BC6810C231D3267259CA625D88B031
S321101929D46B0AAB57DADD04131BE89814611F86339D70F33AFD6FDA527EB4996C82
S321101929F0C9922E7B65BD6E04A01D5B8E0C0D1EED7B9E3531181893E1644A806C7D
S32110192A0CA3B183A98131F826449D58C208BF89F62B6898D8083F0CA54B7531FC06
S32110192A28127638F7D40AFB7FA45F2C069CA7CC1EAB272FA39185457D725552B4A9
S32110192A44B394FFFF3DE3540BCADFD6C07F5EA49449D08C76CD57A637A51F8F3E82
S32110192A6093BDEF5B6DC745CE28EEAF6D06941754C3C88B3407EBEE4E58FFA55E41
S32110192A7C9268DEF0F0ECF53055EBCF58F42DCB838C537F04451D4AB9545FAB0645
S32110192A98575B97F749B262187F33146E5580487D1EC8D0B7CC8301F05C0285528E
S32110192AB4BDA6ABF57BB1BCA03C0134258F3A11B2E5CD013D365EE383CAB019C3EA
S32110192AD0E50F804A89A66DA0D1894CFADD0D8F98FFF8B50C7A025296F81C92C18D
S32110192AEC503BD8C28C5F03F207D67EA7718D1007CEC99FC8CDAD4B9696BC290BA4
S32110192B08D655566C7B02530609B9077BC12A81639CB40B1261BE687DB659EDF44B
S32110192B243F0A18898622D306743BE57058D7A0028ACA7D3FBA58BD1D863071B350
S32110192B4066613D99BA6C23EDAE601198E87E5AB93672CDB12A41968FB034C0D617
S32110192B5C582727370878C483093CAB4D53E1D9202D97EC21EA60034C72C23F8BB8
S32110192B7875266D40EDFCD9F4DAED6EFCE0D78C3FC2493FF237CA69C94282D04D11
S32110192B94A8328C188325A0D751B2E360C8A509721ECD0E55810DEA0348BF326CBD
S32110192BB0B5CF34F5BF305E4C91C7A06422E2FFF69280C7A799C8881ED6728DA142
S32110192BCC8FBE5446C104D6E7BAF8874C1943620B4C030504C37346773AF652F248
S32110192BE8D9185609445052C2D716AD766A3A36FEA784FCFDABB4AE4584BFE37DA9
S32110192C044C4BAA3B524EF81B5B00458ADDC3AF1D0222BD71A77AC6126D1369A9E3
S32110192C209EF1E968E4E16349B4D4A7D013E0CD6AE0327B33765169EA106FBC14C6
S32110192C3C8B3FE70242B15EA89FD578FBD604725BBF0B14136A15F87EAEF6E6D9CA
S32110192C589E9E2133AD734651B0001234F6D84DF208A690D4B0DAF6AEBC8B33EB42
S32110192C74B09F5233156937A56093A229AA311A903D342FD59DFAA6490B968BA6D7
S32110192C90D9FE416611B481C1F9AE67F82D39763B2A7DE0D3B321EC5823722B8E97
S32110192CAC2C181F02E34E11CCE60B80AE2AA92B0A885CAE4F5F9F02ECAD3C22016A
S32110192CC8D8310552DACE9F326FF9FEAF0E3A68AF43E509CD5A8FA0BDB92B301EFE
S32110192CE4776CD838C652BB2C539C22CA481A920C8D49D8C6F9A84D6E174F3FC89B
S32110192D008C786D84585CBF13446C357D6756619E63840EAD232D63643328958EB8
S32110192D1C15B1C445FC76B15701DFF44518CF2CC1119C1866C8D784DD888DBDF049
S32110192D3868710C40CEC5C1D9A7CBD2F1B446B4487C7EC38385DDE96DF056C5AA26
S32110192D544CEBC33565A91E7990E3E50F631D5FCE5A52769623DD155BB1A4994CEA
S32110192D701CCC6BB64654D6D215237A0A057315FD7B7F876A24DAD71DC927212376
S32110192D8CBCD70195CBF70BCAA90DACE1B60E9B2E6BF03BBFDE2F0FEA73CC812A27
S32110192DA8697165F5239A95196D0B4F293A03965CE846D7658950EBCF43BF16C944
S32110192DC43E7F4869ACABC24C95FA986F9CCAA3A21A26A604E91684D6E484695745
S32110192DE06FB5EEECB72866AB5C5131E8BEBD913D2D7EA0F0D397FE340B60A09F2A
S32110192DFC9E819B8CFC662A797D76E21E7CB75AA082C945EDA71A59D7855DD1758B
S32110192E183109EE1C4B90E7FA95A0A5855A7EE4F9469F429B2E2EC3771D933F0E06
S32110192E348F875E36F4B8D78C4F6E40C235C856034885C288AA0208B545D1A11737
S32110192E50C5EF4D0B389A3F8A4337B42C41BAC28228AB37141BFE18A90D988CD4FA
S32110192E6C0DA8EA7B580F31F76D528BEA8D09B11CAE95884CC2DB07555870661786
S32110192E880ED0B05DEC4FE69FFBCD07CC73214200FF790D95E980FC5CFCB35B39C5
S32110192EA42D5ACD5AF227CD72B2419303902522FBF280A0689268BABBDB6D17F545
S32110192EC02CA75DC2E57EE19952A7943258A8FE0DB24C42276635C2FECD93811378
S32110192EDC1F7096980D459606D456C8B0021B13607464781663F427D4D48B761031
S32110192EF811AA5F34BDFCFFF51F9BDBCD8E8AA01B9025A2693966AFE5581AE474A2
S32110192F14112B6202337AA3A0411E4252741F3E0F10F4A7A37988CEA9E44E6EC8E1
S32110192F304B862606715EF9A4077FDDDE6A77AE95A99BFA05EE76516515A26567A8
S32110192F4C07603D204165A71CEF8623CE7FAE3FC7FC7B007FF099A2FC645307AFEA
S32110192F68FD23C3D87CD4D1071DE97015A4B0D7530C1B1CE52792E8B854F368C042
S32110192F84445DE405885EDE87F4D5FB18E75C645CC3056D5FF9ACD81ED3056BDA02
S32110192FA0E395694DBB2A219D9C2A6FC783AD2C844B29B839963DCDCC404422AD15
S32110192FBC01C30032D650A2FB57919ACAD5D9B02738899AD931655F4674E3ABF7D8
S32110192FD893E154BC80C1A0443F0A24A5FF315DC1B7C96BFD83A489F2661E42C095
S32110192FF41BFA62ACF225D2F3A2E122BBE4D6B7BB72C7462F131394AD7BCCADB648
S3211019301092C609DA9EB84A6F7EBD40424152BDE8B38CB544D4E14C26CA6DADB93A
S3211019302C1A65AF97C25C29970F0A782C665B9B1995265B3C0E5654DE2D3405989E
S32110193048375A510D2DE4A8C927977BEC3B96D869EB5F2F6068BAAD05E3929CD205
S321101930647E445E4DF81C5398D9330AEDDE6F60E48B0CB8944E04F9D9EBE1ED4819
S3211019308045290C71051141B428EE14C0E004F19CB684B0673DAE205E85D8EBC1F1
S3211019309CAB2C71F87BE45042FE4634F4749456B073DE20865D52C8A13E8A88AA35
S321101930B8B1EDA61327C9AFC8C45D06078F89C0405EA80CD3559179F5CA5062A074
S321101930D4CC52095F977E5BEED332ED30F00480555B60A929DFA7322536856C8AC7
S321101930F0B636BC2E36AC6A4A592DF3616286C9F29542779D7344A7BE1C3E3BD33D
S3211019310C176C879D9FB4786ECE5AB16E6A9E7247437C4F7F43047E9873B42C7CD7
S32110193128512EF26385146FDF7319BFAB3D7D0603E791F82CC2A7C6D33A425C3141
S32110193144F4DAC489FAD6552496A510A12BD4C9FD993AE295E7B53D567927905131
S321101931607508B885CFD335777F3646E979F1868E2AAC1422E1CB65CC971809FF1A
S3211019317C76FE2DB57923F6674967025979BF25D61570FC98AC74DE01D3C8041BA9
S3211019319835E05AEBE3B0779CA80F3B2A21A8632EC18F07228D2349A10EEE42B372
S321101931B472536AC258FE9AD5023D9AFBA15509959A1909A19A6EA085F6170B7A96
S321101931D073F43557B91B70836F63C92E2C26F18F4AE5B75CC07BF6C9D816132200
S321101931EC0CF33B0E60ADB107D2FFF35BD343FDB3D32C3247F3FCA1144EF44AD826
S32110193208FC32AD42A0B2ADD48373AF6C924A625ADFA3CBF3788D50E7F022A6EAC4
S3211019322454BE91193102E325F212F09E451DD62B5DDAF60D42AD8881C1EE10D7AB
S321101932405CD7F926014B65514E793566303E196849D862FC651C30803CC1FAF502
S3211019325C95864B2B2FBCBDB81868EA575040C12FBB26E8F12D4D83A7741E3BCBFF
S3211019327827ABE094A9345BD6C13B056768B01ADB083FC507ABF67A2DC4FEFD1D0B
S321101932942306FEF4C2D67381ACE6C33321248895DD733FCA857A53F94946BEC6A7
S321101932B043DE7430D7C8EC291567A0439BDFAB375CBEDE8E930FA3FAF2B1E42132
S321101932CCE1849FBC89CEFE643813D850663BAF664BF4260FCCB3E610EC83CC777A
S321101932E82D02B1FCB072B0D4C62DEE84219DC0FEE3EB5F2065C8922939872E4ACB
S321101933048EAE691473156FC037513D41D84645ECA4EBBD9BD4E3B030F877752433
S3211019332038BF12E0FE1C08E4E8D14C7C59747F851C21D52354E52BC877B18E37D3
S3211019333C22665A8749BCB578F81B482B56BB12B460876A510F77F9EECB9314B21B
S32110193358D3E99A9C2A735F6082E8F9FA6EB28FECD3BB42401E74F913625E492B02
S32110193374C7356A3B0D273789931ABAA727ABDDAC1EE0E48E7FC6B9BA358A1227F0
S32110193390433F808DAA442CB0FE6E922EE3C2E2C66AF4E8162EBC9B1074A1BBDB84
S321101933AC06D9F15A501C2A293549803705C59717F9EF581A6B576C3E2C1B46EEFF
S321101933C867656E0C202A798D4E58C440AD4B16BDFC46C91BCB6FD61BE2D4274839
S321101933E4B68465C64FF252F4BAA72C2BDDDB78D89F845BB15F9846D0CAD525C929
S32110193400E0DC8B7DEDEE0D870257DF039531632944D4C362461596ACAC938D71AA
S3211019341CFAAA3A5D88118826C8804E9F634B2AB21C77023C6FE0941C0A4773CBC5
S321101934383FBDDF855690CAF71F8EFBAA4B871338C83B34A2E1D5066C4F7D82C9BB
S32110193454C0FBF2BCFF1A9049CC5B59920D3E9F7F5F17F42C872199871BDC3E665E
S321101934704690B2008ABEEB51783751B274FBA7AA0DF839183430E7C7F03B5D782B
S3211019348C9AA5790FEC7D36992165E8069C2E9EF1C1A3D8614AF89E81D85EEBA565
S321101934A8EDA48D46A1C1B04A42CE4AADA865747CDBC4B192A3DC8F07374D46C58F
S321101934C4CA1E0400016849C3FA2B40B796765DB5DC4BB3EFE47B224C8696DD1083
S321101934E016C3563875749A405C2F51FFC57597FDF9B829330FB1F21CB7E03EAE70
S321101934FCDFE1C69289E4AB8723C701CB02E7C486EFB9A9E0D35188AA5E547AF73B
S32110193518199343BFF8F924DEC8FCF15D4E9C746F73EE79A50E390FBFE7F93CC96F
S32110193534A9B7AA2C18F539532E868DBB7133FFD75E082F60D8DEBD0BEB057DBF68
S32110193550A8249A12C6BA35F351D36F7DE0E6A6DA5F34D8D9558CD1BF5B5A9B0FA6
S3211019356C65EC6B7658D59FCBC6012536C558534907D52B47F14E300F2614637691
S3211019358872CB62065FE8BF31286AD46211A3296AF8E15A8ED04E4D75EB133881B5
S321101935A4404C1EED8198A0A551C4CE29A13AF60764CCEE870ECEDC78C280CEA47A
S321101935C08BBBC025020B0159AB6A7C4A3492426C7F0645F62664C7E26B436DFED3
S321101935DC815286CB5946D56C7F3AAF26EE6DAA52AE52A0E08D6BF56029D08E3433
S321101935F8AF7DBB36B8FFFD27F5C5D112102E5BB71933D5296C94BB69488D3E1B07
S32110193614EBD84FEEF63056F860C477C62C53F04B83A21B50E6E5FA28B041B1EFCE
S3211019363090900898526B43A07C41E657CB9B9D6F636ED246C81F4EED4FA544B58B
S3211019364C92EB380B0B6F59A4DAC209250B6D0845101BB9CF505E98C4C12727BFE2
S32110193668031128CEAC45205DA6053521FD046B90BB60805397537AFCB0ED2FE8A0
S321101936842150712532CEEA4379E661CA69F001ED1107CBF4E27F0A5C623B70DF6C
S321101936A0662FA0F29B7872E998D685AF229621BE27DB51AA006C5280DF74585ECD
S321101936BC18188E2C9DDAC31FC9D813148A2D1DBE678E105E426C6850FA2058B239
S321101936D8BB54800996F256E16F2A65ED0872FE7358B1C7BF45463DC24CB02A7EBD
S321101936F4433E862237BF2BD53633316E5645B9EE3DD3C815FF830443F2325B28C5
S321101937105EFE86EA8ADF9F1BED5795E1362A127875EF4740DC8B28AF23108C52A1
S3211019372CD483A6602644F80F00FA5020959221265ED4933BDF1CC3C4D170B855DC
S321101937488493EB540B0685D89AABC17D1CF5D8C4D2751B9C2FFD3ED32C04FD8456
S321101937640FC4977C2F86E353E66FA00AFBC03B403B21535301BEBF0B55D4A43D7F
S3211019378013AAD03D4F92E63249B1DA10BECD554C71F940B586534430B29CFF131F
S3211019379C40E1771E5263B8155D9AD5C0B18DC6510F6D99C525FEA44D2A93B21F4D
S321101937B85ECCEBB1C8CFB963EC44B7F78B69374EA77A9550388DBC10247186B68E
S321101937D47320BA128CA32865ABAAD5E286C3FDCABDF9B33CEA90D41EACA039BF1E
S321101937F007997523606CDC85B3254E7EDF2BB28505F89E9B9ACAF55396965B4D8E
S3211019380CF7E3496DA9E99AEB2FF8BE614C838F45B821A72546B239E2EECB815D92
S321101938289C75108D1807F9A887E35773B4081B29839D4921F1336BACD386FB8119
S321101938444093A4E0A343506416FF5A359BB3ECA9A410690F21F75911354B8E788D
S3211019386094C6A800717A8800EF4CB542365B7C64CCC0CA5698B340ACC03182E7C8
S3211019387C78B589A29596A0EBCFA64766B10B2CB82C3C33AE6C0D757DEDDD2BD0B8
S3211019389822E354BDB1523EBCD503AAAC465279340BCD0D278FD37AC440B5CFFEF1
S321101938B4453CBB242795E81784E1C5F7F7772A5F64E761F6E3A0F5275B17C60716
S321101938D0ECC5EDB2806B40E5412FE5B834E850488C7A5D096CDCC25CC19C6539BF
S321101938EC8EB00611F011AA5B6A55758336AC711A154E265038842C0EF723B7FE74
S32110193908E031492F484640B7F85845174F21DDFF26B72A2FB557496D8A1F2DDBC5
S32110193924EEBF9B2D909177705FBCBD7F951C7D6C53ECC37C078ECF16F9667860BB
S32110193940C7E9576A0AAE1230A146456283BC7FE18418CD176FB7108B18D1C07F3B
S3211019395C9F19208006636DB0B7FE5B9D903CDF5430E3507F85F38EC14ABDD911FC
S32110193978F882B79A7CEC3F4CF7DC03701F4D3570635650CA01CFCF92A6B94FA09D
S3211019399492172BCFBE968C8AB114A3027D9FA223884FF766B647AD8A9ECC662D2B
S321101939B00D8C3FB09E10F00E4A1C7E80A048832ECCDE2912E7A0E2872C7B5124AA
S321101939CC0E2143F9E5B82A0D4B947A7B388C24DF7D65A3662FCC07A2550FE6AC51
S321101939E8828EED9B8A9D591FBD739CCC3BEA155DF8CD14E366F61F02E7AA8DF2E5
S32110193A04BE660901F1B590F40F6F168A3AC18A972FC2FB791B1DF37BAD10721497
S32110193A20BEC09F4FC592A82FCF64005385363B31B3672495B653B062F1895D7ED1
S32110193A3C83AE18F930FF8C966980B818192722ADF8F1CCE009340BC284B3AEB5AB
S32110193A582C40420FBE0693B97A1AEE1A4609A4A868382885CC277DCE014759A94A
S32110193A747F15C1F3DA173464F1838A69B36FE417AA0C47DED7E48194FB28BEA77F
S32110193A90E610D921ABAF0BDA3B179EEF17AE1D910146682E5E0871DB04A1B0077F
S32110193AACDB1523E965A92E99CB4FEEEBE59FB835F566EA163F164BA8C71E358B52
S32110193AC8B7C6CA00A92A365CE1D09895510DCC3878E6AE7539D3A0418397386E99
S32110193AE480A920B3BBB36D43C7450441249FD4F4F6949034D8E5CDF54E6B4C3A95
S32110193B009E24756FAA47689EFDCD2D630D48456F501B7B7A1A3315106FC7087EEC
S32110193B1C2B82B984D0B31897F5F38703ADBF637083E5F8E38CBD9090ACBA345CEF
S32110193B38340DB666306DA0300D88156E2DB6EE78CB165BE1CAB554C478E4DC74B7
S32110193B54B22ECFC8BB101636E27F6486651DBE5B561F90E33951F2AAC0449FD62B
S32110193B70A401C59773A8017FF807B15C79C3895A28B74F897D4371049718DFAA1F
S32110193B8C4F6A338E21DC145F59AA2D0DA55B4E7C90A1CA699308CE361B399F897E
S32110193BA8D5426A609D8D7845D4E4D315301FCD66942D52F511E9687D68429DBBFF
S32110193BC46DF55A6520AE892F9188E7B780E914315FEA15032A9AABC239DBF3BC55
S32110193BE0D94F95DD3C4CC60E394F242D3934E7A5836018DE4ABF2FB34A79E55412
S32110193BFC0A9821D2A97BEFE662BA36180EA62D023F0D429966F427F2FAFEF79981
S32110193C183170F2284600600EB299EBB5A6692B33BC9C8236FED6E55DD0C0BF4CD9
S32110193C347F6ECB088C11757471F37852CEC29C7D97C408F7EE2EDDB177F95B0D4C
S32110193C5027152828CF7CA6A8CCDC350B892E23CECEF0569A8CC2DA93348C958234
S32110193C6CA8821B2ED93EF8D8D7B88AD0BDD362019FCC78B9E381E0D66E817C8333
S32110193C88C74F9CF51457F5DFE6B7E241C7F5A8166AA5940BB95D0984FA07D3A10B
S32110193CA4375B369B5EFF4A04B349AC6A992C833A5D532FC35A0659F2FFFF8E500A
S32110193CC0C7F6832EAD0DC43979ECC4C4D659BAAAFCA81781757938A240C2C12B22
S32110193CDC00AD8180AC0F3CE5E28F977F24A4FB76A79F8A674BE9F8703F825BDF85
S32110193CF8A4B8B2CB2CA72B99833266DDFDF3D06B2F99B58448BD264378CC7F2894
S32110193D14027B69230EA0131CED68D754EDF6CC68C4E861999E86028F0A56FCC56B
S32110193D30B2877D941D28B32D45A93E03E8571CE94E8E5AEE8484683F0A3A4C38CB
S32110193D4C0CA20298C5D5CB73ECF384211C5DEE5AB2575B8BA04527786920DB00F0
S32110193D6815EB25DE8AA8143F42B1F49BD37B31C4DFA21D194BDE5E2EC218A708CE
S32110193D84E5E58A931547321CACB62C702429A3EA84071442F11BB419CFE2ED999A
S32110193DA0147A492BBE3C2C73D7045698EEE53B36E130B1870B015F1AE2841C9A46
S32110193DBCBA9A7BCD8F8F366AD4E9E1DA6F646BBC78B812EBC4C3C9850083CE4855
S32110193DD80C9C4D2DDE7A7B5F3B82D1FE58F3D93D7A49F530017830198CF93E846E
S32110193DF4ECEE8A5C25C0203DDFCA828B29F13A7D67C541B113D20757506793123E
S32110193E1048AC509584F5BE5FCFC28843AF696E0037198FF71CD25514749482ACB3
S32110193E2CDEA3FD35EF6F6AC874AE77CBAB56D9BE13495C2E7DE9E4966D27530857
S32110193E483BBBC7B5CDB1B97DD849B1CBD39EB0BDEFD30DFFA14029A18BFA1FDB96
S32110193E64CE85D892B7A7F48F6A5BAFF3BC203A13F915DCF4616B01307564A7F793
S32110193E80E5704929009C0BBDD0937E35F2B8A4E7D7C96B921B91D59B33930F945F
S32110193E9C9571AFBE50D34389E62996A3EFD14AAD92F6B04692383AEBBE5ED76CAE
S32110193EB86F0F3329DA073B106D4E89CA6C35F5E1EBD5239C553F1D0CFE338D77C3
S32110193ED4060ECAC59DF544DDB0A929BC413ACD0CC653B0F6586311E5F88064B6B9
S32110193EF0E88F3106D95E2F4DA430324D8287C32E2851DC5351BFF48DF7D882F758
S32110193F0C03AFB423FE419DE097B8294334DB44FA540C9F32F168A804C337D575A3
S32110193F28B0F68796F1A3D63950E1AE13444DFD52FD01EF3B5408B4CAF25BC92ED0
S32110193F44B2B0FAFC3633470CDCCD616843E6B19D3C2696C5D11FF9077807646342
S32110193F60897E6C8F3EDF791571DE42755519343A2E842B8D8EBF33723A9EAEC4E1
S32110193F7C619E0D0DDBF6A1493695572AB6EA4A3597351B6A8D7425623A1827D792
S32110193F9875C17F54D7129C6593DE023796F65B970152EEBA8EC3C419B0A0F42135
S32110193FB4727F5E53A6BB68270FEDB92A08F6D61110202E5A79DC46D95928280196
S32110193FD05FFA85DC66E41F8099F7C566E169653749BC70435BAD1A6F20B3D45B17
S32110193FECF59CE8C3612C2EE1BBEB516A1367124C55161F3EA2E6651263EA406EB7
S32110194008DF65F7BD906C260BB2FDA900C72D1AB8538B2F346C32C06F2E5708BED1
S321101940240DA6C4A3152D5D5B45EFA944E357D5C58105E638FADFBCB8656B8D37C3
S321101940400FCD6C070CADE59E6211D6E41135FF8708E2244D8CF2B27F9E5D7A65CD
S3211019405C79C9B1BF5CFAFD942E3D326CC6AEB2D800AA1019706BA24820D590B1AB
S3211019407896CA7D884BA2709BB78C5F27FECB032E56925452CECFBDA2579F1BA69C
S32110194094E68DF5035F10A2C7B8ECC4E045E936D7F9C3863045A8CBEB8E0D9C7A55
S321101940B0AC88D996DBB9AB17B893972F4E95F439B804C59A21893004F95246849D
S321101940CCB2B27FA4074653A74E51177571418E65ED36E9721039F625DE7881D082
S321101940E8DCDA7A175C52428896F218D10A479C07A56D3B0304FD301B80E0FACBA8
S3211019410467F551892345BE9A271479218185AB4DBEB4382528A5F51B35B8577344
S321101941205F34566B8E0D72701C23093523B34CAAFD2A878CF5B2C8320BA015405F
S3211019413CE66186B7E5A7D192C2375A80B7E0D45E4AE03F04CD28D860B6E5EC6D9B
S32110194158E7FD8479BEB7DC24E5A35FE6F8346E63C96862D66D5DC3FF7041DBA7D4
S321101941743989F8AFB3219C618B94F6172124A3678F852FE1AB8FDCEDB22BDF8DDB
S321101941903FB468286FA14C983980A11BD515BEE7BC02E55DB49A91D0937908E1C5
S321101941ACA74753EB93F6E48F4A146AB1653B03EB060090A6247D86DA194873E8A0
S321101941C86496D9F6D59FD8DB855E25113B984B72DAABA0E02EFCC998084D3C3CB6
S321101941E4EBBC6C6BE36BAE5D255A1BE6B8F4377B4997ADD86B32BA46DD0D38EDCA
S32110194200CDD50118E4128ED45A16AF45D3516422475CBF89356B8FC2CEA5704251
S3211019421C8E0FE43AC113FA499C6DB8BE0C943DAE45FAD6C85BAAA7837447B98378
S321101942387584F8D5F9B08A8CE300CD3695D761622859A0F76A94FF05E1889CFC86
S32110194254F50974309FF649622F12C7B9A2A8F04EA95349D2439C98502CABDD451D
S32110194270C6A93FC8D6D746977E7F91ACEF0D4DDB38785A87714FD85921A114331A
S3211019428C5312FF6DAA30D0A8A15FE553F8788D5D716E5E5C47F00D3237EDE976A0
S321101942A8320235A40BF7857025202C911C549C2A7B948472C104281070AEA17658
S321101942C4E075E767145DFD5DAAB8B2DAA4847D69740689D3D2B9EE950CF525102B
S321101942E07CCFE83484F1F51D011F1FE940DA1D35F7E40BA56532CF3FA9F62B9C7B
S321101942FCB9D714F155E6D31F1380A9DFE2AB903DC5F5C1F596651443BBF6714B11
S32110194318AFCDAFA2F95C46A6CB7FDF229CE93607402824FBD8F5A19CD0EE9F7CD5
S32110194334C2EDC38BC810B4045264798E6AC86634D3C749E9473AC944D5337EE266
S32110194350A30E7B7CAFB73CD7237F6C188F1D41760DFE10A50101D6B5CC20E9C294
S3211019436C082BF1D28A7D43BFD1C2A1A3A623E4C48206050D582B4AFEB5CD030FC6
S321101943880A1503290847C6978D669725E119C87FA27681043C919602BFD1ECB7CE
S321101943A46A18D2FEA23E378CF174C308D04D52520664DB9C36373A3C3879D1A4FE
S321101943C0BA2D6402357D2E715A0912D0ED17A36CFBF522241E21FC1D5CB76AE7CA
S321101943DCC1BD523625DCE982561731ADABD50E9938FFF51F8C1690D2F6E702097B
S321101943F83280B0363840B1F4D15E856B9F24CF7F74E026A794EE131455DACCEEE2
S3211019441461B36C442A77A440D3360941685F5285CBCBBAA0343EA869F8B81625C5
S3211019443012333D26E3F5CE9F3F693B574D97A11291EE646E48E4052BFF31A531D0
S3211019444C75B4CFB10C275E35D030CDC686C1C62CB479F1741845F91205E2CDD06C
S32110194468C8C8301C3BAC5823B3BAC2FCD3C7667692E63F58610AFA9C424C8C966A
S321101944848D02A6F221E97E72A455554F41D85234782016E5CE9B658B2548F42023
S321101944A07D6A841BE091DF8C56A2458BD6AD901483D01941A577A5BD3EAE0A9BC4
S321101944BC492EA7BB5C219656DB0C2EAF1E898D7D8581810B43CE2DA57210D79D93
S321101944D8C0FDC7BA790311FC10448DAF2499565B6729BE6EF11EF11338B53524BF
S321101944F45BFF052FAD79E3E41D0521A118B3D163FF8D829A0A1FC0D5713ED07CBE
S32110194510CF98EC8EC602DC18B2E8A95D5E5B15AF017D7160EC368EDFC85C9A7F8B
S3211019452C2CD2C33E1665671C868DEED5DC214D841C9CF21BC2F3A2959F520EEA09
S32110194548D60DF5948574DE48602388FCB5794482630C1EACD5387AE79D540605FF
S321101945646EB1C5B46AB7CAADD9E2C1F2D3492B670DB849FC6756939276C2B4C127
S32110194580863095C2C008778B7C3D77F34B41C649636A9AE3312622CB85BE6D5FBE
S3211019459C4EF604C292F761729C90CC8E9A7E4AAE76D9463AD0CEABB2003C36F3A9
S321101945B87393C0091E343CE9D6495B120D7E3CEEEB430C1BBE7079AC15432E778C
S321101945D4E22CB07B0B43CC708D10ED4C1FFEA6F1A1176C46A1964800569FF86415
S321101945F0F03AA8CF26D7ECACE9B3CEA8C25CA1CB105C9EF7E9F7131971661709AA
S3211019460CF7A7598CF31F8557FFBF093336C68F10D7F87F8F358091FCA9523D66A0
S321101946286779607549755032F77DC91FD84C90F90A9065BCFA4AD8BA1E5707B28A
S321101946443413EBB4ACEA815EEB39FDBCAA29A2439FFCCE6D682506371D736FF2AA
S3211019466057148274DD2749C435B4C8CF21639571CB81488C95C98742E6D4D1843D
S3211019467CC0FF2AB5F4555C2A5433CA06772B947FD21F90C7FD3FE8A904C999F00F
S321101946984BBEB7880FE5BE87CD31AC1EEF5362629CFDE81DE5D2F49D042231A1AA
S321101946B4BF2D864F5221D06153A2A3843B700CDA5D5D661B841588F3534007843C
S321101946D0F67D23058F1AAD964388D03B1895DCC71B93A08C9B80E84FD6AFBC3D48
S321101946ECB67D6800D37282D5E4A7AA464C5549A1BBF0DA6D2F06EF661A1DA30CE4
S32110194708C24B7BE923ACE826A53A1CBE74F8837EC64FDB3E07DF5A523E1EB03BEB
S321101947248DAE2DA7BC9A492D76CD9D6A6C9DAFD8283D80C2B097A6FE12DDAB4128
S321101947404F3288788200925B49556ABAA21F0B3F6B485A8A986979BF2A4344717F
S3211019475CAFAE31CAFE2221635A34394B6D5C796D1429F68F90008FAB3B097D8781
S32110194778A0538799466A6C9EF9B2481B4CD9E1BCCADD91E70AD223669E46BCE94C
S3211019479425165EC6157D04C644B7B34A7200228CADF0BA780658AB9C58108E3F5E
S321101947B079786FDE1610D3233DF66CAA2AD988B0ECE726F30A97E5244B7B0A8BEF
S321101947CCFC8232952FDB906B9FACC46E7F413C0B491BD88531C12DA1D53BD6DB92
S321101947E8A97158FE3B6C9ECE9EA37B6CB1C2C889C59850C603A70CC7A78667F89B
S32110194804C91FC63FFAC9D3D9B0E4B2EB5EE5F4A8820749B31B4489DE84FC4520CD
S32110194820B39B620E14E24579DF6815B6C8E576F8161B529D56ACF96FA8FB4289B6
S3211019483C72ECA14D14419620B32E8FE5007804924BAEFECF647441D1FCF3A93BF4
S321101948587074EAD419E1CE4BCCD5325616899F4C97FA011A44A7E3D769DEF38D95
S32110194874398816D58027DD9BE434F416B41A4755F1D8B243217FBE3F721A8463D4
S32110194890D9179F48DDD58F33BBDA0BE501BAA890A3E082A798325487C2BB49E51E
S321101948ACFAA0152256FCE02418FF954145C3B7FE140942AB061BD46AB996990E91
S321101948C8E9B908346BFDEF81225311A744A1C8DF26F2CD5891DDB362D011D64C73
S321101948E4EDF8033C55C6F58A95B7D985048AED3D97B4A54D8613E4892798A9209E
S32110194900D53E071A63A0BA3BAB06E43ACA0384AA0CED27672716AADB26FB98195B
S3211019491CA076C75A5852F6BFDB5529E10A66CE76AE68FBF28B6B35166B8115196E
S32110194938A60C78484CED10D4C07802D21C2B668402C3BC090335F8F8A243988AAF
S3211019495434E6B2A0C6B3C4D30F72BD3AB2C665846598EA41BD3D3F4EEBFE35F7FF
S321101949709D2C18295B46421029B9CC7602EB41623E1FF40F66FB75B546121B29C4
S3211019498CB77E71185634F12958416CF579822160C6F7BA64C0032E10AF61394C97
S321101949A8C246E4C3C23DF57E40DD6E39DF28DAFE70459C7F4D0FC8884C5A9350FB
S321101949C4D8DAEEF870E63662F98CC2FCAD07614593F7F0E609DE6EC20207A12F35
S321101949E0F2330F33B6841C370CD24D695B47609CC305C002A4A1998C9C0B1B1799
S321101949FC3F0BEE70186885BC7228C036A287318C3F7592B2BDC760CBF3F118B836
S32110194A18BE403A880C418AA00A8B6258F12A30DE9A2040DA0DB6308E25CCEC373B
S32110194A34E31017DE8558DDA26A70481BE1885A591750F4864159D037DD1525E31E
S32110194A50F30D0157CFB69E5819529158315C8465EC60CB97779C5ACB30A9E306D6
S32110194A6CB1CB8CE772BFA8B94416587ACFE99993FD8650A28114A5CD319C3325CD
S32110194A88BAAF56BD5FCE245BAD88FF0DB6902AE266C985A2BAD9595ACC3F34C885
S32110194AA43E5A2190D8D1491D5F3EAC09711BCE2C9CCF68791DBFC2054FD0EFA8F2
S32110194AC04BE04E32D725AF923BAB85B7EDD5EEF8D4D8F93CBFB7B40A1D10119313
S32110194ADC4DB52A82089CBD87C99EFAF4D608A433FB621794872258943820AAA3AD
S32110194AF84A2F6C7EB72BC8345E8D11643D95A488F3A80183A0AD81E919EC7D2854
S32110194B14E9FF6B41CE968C04676CFEB6D50F68FDEFDF277CF90A0FFE8E75CA5E52
S32110194B30E5EE0DCC330584D52DFB641183FBEABFFDE29BD04B92662D42F9E84418
S32110194B4CE123C0AC61B8CF6063C1B3791CBF5C8A2AFCCA415B2BCC46C3F478035A
S32110194B68A375DBF2328BA330E5CBA95DAE67D380C870DEE2081D67BEC70A1CE15F
S32110194B84AE173436D819FB89B7B62A2790B9A39B9FF18272EC0419BCF142F7E1A9
S32110194BA0E163C9895194225BFC58DA32204AB8976725BA3546104964D7B45EA9A9
S32110194BBC5E11E9950392DA05E1E279FD1F92273C5E7AB5221E8E1423A84FABA329
S32110194BD8F7F47DD65F68AA52DCE6EEE05446763635309B3DB444A33F49BF0C038D
S32110194BF46482EB6EE07855EFE55056CD796CCE72CB3DA5D88E75796FAF7F1A0660
S32110194C109F0E599B359DF416A21C4528AE7EA95607DA8CA5EFBF18E4A1BADE1879
S32110194C2CE8D1D318397B18A2479B1166BD96AB8467F100D6E0E1FA9FA76E3B9ADE
S32110194C485FB270C94B1C26B8518BCE13BDB1F24E9AD77D6D65068578BF629C9710
S32110194C646688BEE849891004AEBDF043E74FE640DA8824D8450708C13C4F8556B8
S32110194C806ACA6E7078243EB6389C03D95A71C073973FAD186F89F4D7394E7CC771
S32110194C9CE2B0DA8D978960CCA61C669FD45CB169AF2C25C9C0FD0E9F7A37ADC620
S32110194CB8C02167C835B694D384118FF11C2081E1EF0EAB97091FD6776DB85C3235
S32110194CD4FD06248F99D7DD8691ADB532A56F0BDD4EA8F609BBDFE168C7C3802BDE
S32110194CF09B8D157D9DC051A19E3E6082E00FF3EC575B567F79F7A5DA8964AAAF28
S32110194D0CF5CABEF3B6BCF1F17ADE711F21310627ABFF25F279E7DB8C02754B8B5C
S32110194D2883E4A43E1628A808DAB92A17FCEE09B39A6624294AEBCA4B99752BEAD5
S32110194D442ACAC626D5CE8A21524E305824D5E777FBEF2BD0636680BF1B22AE118E
S32110194D601D400EC778CDE267EDB08585BBF8DB509A1A5DCDF845D4934068D49431
S32110194D7C6C5DB4847823AEEB82CA1F90D0EEC1EA0A05F32E8DA983ACFA68CEB7D7
S32110194D98C3AD77FD80DDA55A3B1AF639F8A485D15D48CE8462C0C6227CC136FEA8
S32110194DB49ECECB7A8CB17796542EF632D00A4C0E6EFBF0AA410713CE355875E1CC
S32110194DD0B22956457E91371326B1F6F797F69C5D655C8496973CB4F81F0E74ABD9
S32110194DECB88EC1C7B003E9039C36F2E336D86F5AE9ADDE75576B47B98013391DFD
S32110194E0877DB2E01A1F787BAEA57D74238A632D1A7EB291B774BAB863E11892405
S32110194E24BBD1B2CA46CAFDC873BCE771DF3949AC2FCB2993C9BF5BD16728144481
S32110194E40A20916AC6257CA65F59727C67FA0FD47B948267E20154194E224E3AFAF
S32110194E5C4E8DF5543FAF89F43E708190C01698C527732B7751339415C330039695
S32110194E78ECF9CCD38C9C161BEFD15628B3D22D7E1C6FEE9B7F7C289E4B3F0FC86E
S32110194E948CA3F142D7436DF2E6E5DB6A2E604EB84DB25C2E1497E83EBEF5FD6EDC
S32110194EB0328856F936F9D484518B770E62B9F010B1AE9DCA86D56009EC495E1678
S32110194ECC8BDE72054BB1BDE384E23229C075D8B04AA547468FEF919AAE50E78215
S32110194EE86367C1690813368BCFD8EB190B6C428D9F9A26934197BC0E2973CB348F
S32110194F047EB24BE29B0C01CB3280BDD4F7DE52B2DFF2DB59A8C6A076AC650F08C5
S32110194F20A45F566E26FEC6252F47766D9135055511472400773C832BA10D02B7B3
S32110194F3CA2643F1F039CDE827C9F46A429C5F122AE842814476177B66EF9BFBB9D
S32110194F58D1B5252C5D36232157D029615489F1B47483B2461A359C7EEEA1C4E69C
S32110194F74854E476B5BDAE6821E89269B89C09C9D1F9E5E63B7B5AEB94EB6C2DEF1
S32110194F9061BC12F0A304E572691D16CE048F48C55759A25A266BF78ED491C9E3DC
S32110194FAC587554D94DB250143FD97942EED78449084EB17DCA6D976D0FED3E50AF
S32110194FC8C2635C6F25C63B8C15E112EB6FA6CFE33062466093EEC53BDF352AF457
S32110194FE41DCB34814758FE54EAD534B6B57445A30F4666606C590965A9EB2C44E8
S3211019500035EB352D85A9223CC895A7566676E33C8CEAD7D67EDC27DC8778937F71
S3211019501CA442D02CA370AEA2A0F64BA2186013DF3C857661F4B0FA34E89D2EA456
S32110195038AD36320FC4C9D4F776FCF6E5F65B51D9DCF13713DE807D851910728255
S32110195054D7EABDCAC06FBD9841746089BE893C9458CA5E36F8B4AF71312DD78158
S32110195070C2CAC121DE040290E632E33F6DD21214B00B80EA7623994004199EAB77
S3211019508C5DB1B6475BE17E70F25CA23D2CC69A40735BE116CB93DB06D1F37E6FF6
S321101950A8B49B4908D37EFEEDF664575312A969B5A0771509DA6EA5C93CB31FD536
S321101950C411569408CA83AB52C93226FF57109EF7CA1728E87B86F21FE7D8D5128F
S321101950E0D5043438B42105EE7CF0B623A8E7FFF4C5602E8FB4476E625EE2EC25B3
S321101950FCD745D6710128E09C0F76D61EBB2829C1E2BE56ACD2CE2874918E55C801
S32110195118D08791D32B0E7A41CE68F2061F6EDA1B8598CEB8B5B4D7DA112099273F
S3211019513413D32166BB5D73E51AC5666BA27C90CAD62768C531BFA66F6EEEA8EF09
S32110195150E6F38D6A32838D2A14522BA12EDC538ED077F2F3845BB0BE75619DB619
S3211019516C817CE3978453B43ADDE731F650A176C08E7DE43A861F495B67F42E3B74
S321101951880D313A09FEF12E4ADD50E13AEDD11E15D6E5BF480E62D7EE6F38792282
S321101951A4947674B667BCFE1082D010C6E5839577DD01CB06153F45F10BA9B0B072
S321101951C074C00F6F7014D5BAF9B3C220A2C078947842DA41AB549540499F1C56E0
S321101951DC3A2A1D9105E4F0E8B0D1E572C6A1E1F96E570A1362567D971BA02716F6
S321101951F80036B1AFC85D8316130B3BA8A3A3BAB3CDFB29423EC7A7A7863144E9FA
S321101952140F76DBFE85E646822C4D5ED4754C607EE96F7921D1ED403D7E7EC7295B
S32110195230DBE5CF1ADBC434B794EDCC075BA474CB46A205CFDA19FA5995FC125772
S3211019524CCD46A58C303B20948A5B75130DFD9B0EC13E41B328FEB73648CFC65F52
S321101952680AA5A3275C4BA3C5D17E2B6D19351A1FB35E160207B591FF051E6EC738
S3211019528476595DF86145879307F91337E5A834960F3167FBD4939C3F1DA84D580C
S321101952A08482B75188DC9D5B2D93CCFC990D92FB68E9BEA163926985B26A79ED89
S321101952BC6065B6679A7C1FBE149FEC7CD8DD289EFE96E03DD6FAD47DA904A85ABB
S321101952D8C0AC8479D3F57E0054FC01C2D0EDB64FD3C40AA8B8AD29A6423982FB92
S321101952F4EC6B13780AF6623EF0291828AFDAEDA127CA97057BA757B24149D80C57
S32110195310A40678879A7199F5D45E1FAF4DDECB0577024F7204091D15A22A3EDFB3
S3211019532C57A81A3EEDBC45B636BB46C585400750D678FEBC7B7E712BECC6594F2C
S321101953488141439E6513A62FE8ACFDC06837D70A5921DE4546F7448EBE15629EDA
S32110195364407D2CA6E0333760AB66EE130CAA2E81F56F89833723B3FCD40E1CA92E
S3211019538088950CCBBFBC0CD9C6A29DC0784C4D505590CBB8B5F6F816AB53F9AFA1
S3211019539CEA68A224E4CC53094FE398C013A9A38F860EFF801456C584C84E5FEE01
S321101953B800DD880CD5416BBDD97295FD67D9E1E71AD2AFDA382A810CE98D052017
S321101953D4EBE0E953004D6225A4A3B162D190D44DD7E630CE28DFCB9D91BB843CA1
S321101953F026BCD2126B625B10C1078586923493FCCD393ADA7AA75CF0DF6162F92A
S3211019540C42FBF0DD94D07534FE45568E94C9EDEC18B67880280A01FB4C9493AECC
S321101954289DB4CBFF734E21ED95AE3BF62267AA6458DA8ABCE7C18ED605B6E844D9
S321101954441DEA73E60157A9E26F4D5B8AA7E9C6841331510CBD227D2216CCD9B7CE
S32110195460C3E8D08EEA1B2770619991707E333ECDEC0AF1A819CC5C39A6EAE19C8F
S3211019547CD751A90AE8C0F6FD6D014F7657EE7FDC8C610FC030A3EF45A53FF8CB32
S321101954988DEE5E98D107D690AFAE870A15D167DB991D7135BE17C831693EB94C2E
S321101954B4BEA6CC16182FEFA2929DC10E02E31A189EB65D8D16FC63584BBB47948E
S321101954D0B04B3D55554F63CD212C4C23BA02DF7AA4C18EDE6DA608B1971B3011CF
S321101954EC2E38697ED57EED73C5B2AA6C80C3CF407EBBD6A8985C3F65F654AB85CD
S32110195508B1DA85C4F831F04EFBB9214E696A8664F8F376616E92487C22420286CB
S32110195524D290C3356664687C90F2340F09B9D8896E03CFE5DFF13D9EAFCADBCE5A
S3211019554097E33F3651883FB674204D7BDA0AFA5BB1C70E42FEED2ECD4099006ED9
S3211019555C22836959224AA4AA976EA39B95637326D281B982C146481A5A2E9A7482
S32110195578CEBC8AD9B3337F0AEB9872E50DDD2065F26EFBA2E03F92DA352900F568
S321101955948AA8257B90CDBED4CCC6729338491ECCDDDC00A042776F5CCF453C29B3
S321101955B005F93D6A18056762CFF12D27123DB731E3962770F03DE507B3B48EC9F3
S321101955CC1B9E653706F2181C60E94BBBAB75467EC11CD6343A9AE593B5E2BE89CF
S321101955E8C0EEF8EA8148267EB45DD848D8148A87972A4FCCFF804D9776F8EA00B6
S32110195604E466344303BA0A40A5ACBAA98EB6C9087E20DCF6BC6088F8E7BB38CD17
S321101956202F46DBA4145FA9C1331B1F986D423E685547B590E9128742D75196228F
S3211019563CC6BEB09B98532695AE4FD47D80069C2273A5FDC7F1213A5AD8D63D4669
S3211019565812C2D39F807B74FE741C29E1FDE7B42E4D4D23ACA4B7CEDDC91912FA97
S32110195674B124D94177F9AB83353BF24C52818032E207C38A4456AC213A57762D5A
S321101956901E576130505C6553ADBFDDDE170A17EF074F9B45DFB0669FC2ECB92ABC
S321101956ACB94ADB529393583B7FAE29F68AD7EB030135E235DABD21FED5FEDF9BDF
S321101956C81165C35213A66B2FC2558F79848824917E18286811E40C3823F82F161A
S321101956E4AE1483E9F175D1762BF4C58D737E19A2F4E41733450CF1E312E7E3035D
S321101957009D360FF8AD7B1638C0B2F556EA6784DDBDB92E84A70B96132B23019439
S3211019571C0411B17E9B695CC26440EFBA6E9F49DE81C9731F6AC87A84044D08AB4B
S32110195738F3296E727429C796479DDA88BF121BF5F42EC4B565C9616EA845B1686B
S32110195754D249273F7F3F38E02DBE670DFAF37AA2563CF6C9BF1B284ADB02692741
S32110195770F9F4C9525CD5BCC95069128F737B30FC1AF1005CDF9C057CAC964FD8F0
S3211019578C4349F83EC359DF1F3D4D78CDEFC976CF9074FD87B8CAEE5A2AA1860F78
S321101957A83F69B05CA7AC2E99FBE7F60A7CE9CFB047E54182C930E5A4F2B59BF17E
S321101957C48A3A3B72D8055CF51A2152A601404C629BA2DBE1AC16A0F5864CF4D0F3
S321101957E0FFB7245AB2722C4C7ECAF3C12D71CCC41AAFF4EF36932B98AB56957343
S321101957FCB9E4AB84F64E779E327D39A1672A2323142AC3DABE1CB0B494170E62A9
S321101958180FDC45E1F4BB1CBFF00760153384D74105AC2151B075C82C89686E963E
S321101958348553158466A302AB502C1A8C585DBA2C6ADE4068F54E0E145A429B5762
S321101958500587747FE912360EC7942AFC476D14CACEC52A004F13D430EE02D7A5AD
S3211019586C650406F425A1E545741A0277B2CF84FD686CF923526688D7E1F5D6766C
S32110195888B6C49C60691E8DFFEA43BF5095DF6F3FDD2AF385BF34434BF9B866C90E
S321101958A4AA7224668F0678744D6B8EE9384470B52F264EE6235865B95D358D156C
S321101958C08ADEB868DCB7DA1CE248CABC6FE8CAFEA80DA6AD432ACD34CDC1FABE01
S321101958DC016A45D5572E9568333E20A0C5FA2793D3A2E1C79666509610414285B9
S321101958F8D9A9529ADCDE2739756B3FF8B949DE362A0B42890F6E83521670F08C5C
S32110195914EBD6B6FE9D13283A9EB09B94E5C462D9CBC8753F040C4F84CEE086AE54
S3211019593024260C9A13379A844B57145DECB4C9AF56CBEB26D32EC86F5622EB4498
S3211019594C10166F4659F9A5E257CCA396C9D58AC26CF75EEA62A7C81C6C98856C89
S321101959684B3C19CACB5A70F47823DCE309A00D43CE05C5E378245022E96FE5F6F2
S3211019598442DEC81492B96FE60C7DCF914A2F2AD8B4D44F09D86DE42BCA0D1B664C
S321101959A071EB3E09B68AFA3119DF7412E149CE03F2CF0AA05D672BF7D1059D6F02
S321101959BC876431455E47F439FA11B8410BFE0F926849ED031C3545F3A0B5D3C0AD
S321101959D899F1D4929AF3B2145E5EEFD2C04B7F3CA07588380A86562B17A38C834F
S321101959F497079F3A06DC261082154F9AD80EFE11B5DC86296BD95BB83D363FF922
S32110195A10A4FE7BF120A7DBD50357E489A411B2C8BEB9FDA755F4CD5DFE2B832D69
S32110195A2C80D9E5826B8F5A710D2582BECC1A6A3271CA0E3AE73F35DE94C24F1A3B
S32110195A486E3DA0A0AB2D37B133298D9FBFEE61B569206CDFEE76C5BFEB530168BA
S32110195A6493B52029E473EC9136557DFB1D60C3275ABD53B29C193565955063E590
S32110195A80340C0CC473B33BEE234D9F78B74AEFDA3EDB652F01AAC861FD872C40BA
S32110195A9C5DD5F21D385E4F875A514523C79B35A0E49F3B285B1036177F7877922A
S32110195AB83996AAAE662AD9134C782176904D0EDA7579FA95353751E9D4C676DDD0
S32110195AD49FAD1F9EEC9F988B770981897DBB521F7D525B704442F66C3D2A47C7A6
S32110195AF03013B6EF6A5C81A2A628A9BCC86E526A25B22872F966B40349F95B5DF4
S32110195B0CB31444118FD63494FF2322DBDCEA787E4EBAA2943B017730950543EC40
S32110195B28EEC5F750D373849F461EF5C386C7849E5417E89C5C2DB27E0A14EECDC3
S32110195B442EB60A0BCE5606835513334091AA0F12504DBF076B6C077B63903A8DC3
S32110195B60ADFEFAD9B4DD4828FE882075BCEC73E39335CB3D61C0C8DE6F4381A2F6
S32110195B7CDF31ED8BC40D14FF9BFCE7DA4623AA1CA6AB8BB2BF92EEFF88D49C40E7
S32110195B98A40B37670B8062F202EE12EF8684B17B9156BAC6354630E022326C7647
S32110195BB4F90359E29BEE02B75B622EAA85F5C777B0C60F181A50A8F32F2F573E4B
S32110195BD0E1BA81CD227924751600843CD36A7D62E70DAD6B695782DF3D49B00216
S32110195BEC6C80DED3366B3A5AC893C4A4819D4212A05D30F90C46682E69D061F0CF
S32110195C083F159A51D760BE20ECC77E8FADF78339BB50CBCA827557A7A039D18A14
S32110195C240BE7AB84E08DFAF04F1F545E5C609D3C015643DFE6B190071FAA16B9C9
S32110195C407F0DDEC374B767764ECC982A45B146659639A7522408B9F07F1453D90B
S32110195C5CD64670DAE931846967778D9EF4A5EA7D1E32E6A6D86A2F735DF2290D42
S32110195C78733E2012355F4432121F025C608EF5E33B0CA617E014E657CEA08875FF
S32110195C94378320B2D2FED0A6A57007623DDBBB2F1D79B8624BDE4E8A4BFBF2F09A
S32110195CB04C192F7B6089180928762F2B00146B5F0CED182AD5C73165F31C5B27BC
S32110195CCCED1F499765774D7FB225D4C5D449D69E5C44960D704B028093A5C5C0BB
S32110195CE8E3B2A6A32E67ABDBDB8FA840E6E7A3576262A6ED201C385D17F6C22444
S32110195D042A95F1E54B791F86219A9B1E1D6B34CB878628305D9D6DDB46B865AAA7
S32110195D20A50B17916DA24F24680DCD2EFD4648078F355581A49B569D67AB4856E0
S32110195D3CCCB448161F333302A0C8CDC4920F214AAE0CD02D251F07DE3EDED1EBFA
S32110195D581ED9BF3FCED716E40C937054D6BE5EF0B114D7D7D11C96AF796C5D44FC
S32110195D74A70FC1486C83F24D029477DFBB694720ED7C77E00E5F7EDD2632B56784
S32110195D90007FB1ED40CCA5CD89A788CB455E673BA26715A8A278DA40FDF67BDA23
S32110195DAC4B91E0AFD699430A7D929F081976E92369CADADDEFBFFE182F8E1D9418
S32110195DC868EC99CF302B0088A0EE1DA09B2E7E8FB352CE78C76D02DDD3974AB509
S32110195DE40B720C6221F4AE2CE25DF02E55E48C5CC1B1B5555F0F218322B353EB7B
S32110195E0056548B2FC0143DAA9ADF7A07926F4991340BC115B337AECEFB22EDC618
S32110195E1C27BEEB7089FD0068C677771B445A0944DFBD9E72BC8F0CB5ED9E99B6C1
S32110195E38121B631F03A0F6E1258A1D07A2A1A1EC1135E4B948C4178A11C0F59F5E
S32110195E54A4CB292492DE8AEB9397408335B38C04745379D7D6EB8883C67D38BFE0
S32110195E70F1FEBFB0C27BD632D658557A427747811C748CFD971ED387C8726329D8
S32110195E8C8775F602D43831DA85C910F75E8648746502CA17F2C74894E37BC8BE0A
S32110195EA82F451699CD32B640B1A4316788A2FF943B5E33BB6267707F01702AF51E
S32110195EC4619E110FB9B7936F7ADD429E175D134882ACE462848E229E47396E01C7
S32110195EE06C73D5CA02B35ADBE5F0E58FC9EEB1397220C40CEC1E4E5360B01926C9
S32110195EFC23BC6EB188C925A0986500E8E49D7792FE426DD529B7C97400C4681BF2
S32110195F184B036035EEA7CA6022C63A4B4301B36F4D75379DEB097CCA195ECEB004
S32110195F34BD1E77C98E06A79627F42F9982A7CD6159D73F15727BA467F73B648B5F
S32110195F500772D6EA97D40ECB892CAEB5E3E545FF02378C43A6946BC150D628ECBD
S32110195F6CCA8472B184E7ECC34CCB6241531CE764C0DA7BD515C3188D84062904CD
S32110195F88F9117A66802ECE23E9E6B4D1D8F015E101FDEC41C1A9C1110B9AF91816
S32110195FA467311FCBAF96A687D03C24139C56E2351C93C62C8FE6C3E33567A3A3D4
S32110195FC0964BB08AA52108EF5E0336198E622CDC3EC597FBF72251BB3E561DECBF
S32110195FDC13A3F6174AD26FDC7661E0BAC4BD53B3C05EE958BC5D64F8CE65708B56
S32110195FF83F84FB8FA280269CB183DCE6B43CD10D6BC59E98704592C64DE48F38FE
S32110196014C38F17B6BA901691397A1339CFDADED2C54C57DE99E5947523F4A6301F
S3211019603035C79F26488FB20ED8EBC345ED2F95D0B858FB2607AB428893EA39EE30
S3211019604C1EF3725B6DE43313D6EFA7CE2FA6C3AB47FCB1E63E108EB70121B76071
S32110196068BCFBEE3E15A8AA74BE7FC373C524A0714DD21666229E316B7EF4D8AAD7
S32110196084DAF00045E2B4B4AB7FB5101BCF236FB758D7B581466797579517B07B7F
S321101960A01F3A2D0CC94CE26AC6112D659569A441BE63368CF8C6351FC7377410FF
S321101960BC47BF58515B915FAE13FF802EBBE65F99FBCD5EFF6109E7CBCE146227EC
S321101960D8C6E3E45EA890E6F39AD2EDF6383D56C6B854681BDA74C21AC185E28A36
S321101960F4CF8B179C190D2BDE8E03991AA4794A7FF8CE08909B89FF9A6687273A92
S321101961107A2C0F87149DA37CC83FF39231EF8D437273645C2B9BEF062346BBFE3A
S3211019612CAC9FAC88C324E8819294F41110F8F06ADB5843FEC0609E296E19E7C142
S32110196148525EED18CE7536021213484EF72E85DB627140E224F0062AF8AF053D7A
S32110196164A841CDE01A55E850822059C43D59C1517B3109624521C08A2073F48975
S32110196180BCA59954B49EC387533CEF9E92ACD698156317AC29F75BAE0F9C014FC3
S3211019619C068EE792B2F83825EC0ECE0F72269B777B117B687FCFE063218A3B0538
S321101961B80009DC7A2836B28F400A83EC93B7E3A727C1F4929727CB5B61244A46AA
S321101961D4181086E00FAD0112AFCAE94DF8B1F6DFC9328CB45A6FD4DC78D6F01FE5
S321101961F0D4C7A9A8DB468A3F560159798FE57B5CE4F9768A95401507B453D4A8C9
S3211019620C28B1AAEB657614A43C91315E24ED77A751435282C9133C70443F2AE03E
S321101962288D4EEDA8A824B44C5928150881BB7E7F7CA7292C168F6735369C1F0866
S321101962447145D6A566E41A6D45760406D7EF8E2CF2A8A5274789274348242F622B
S32110196260843261BA56DB49443CFE872ACF2EFB68F22C5796A38BCE386D2CA85940
S3211019627CBE21F9B771BAA10BC4ED56DA44CE868D80B12FA4C52B5C61A1CDB5A2F5
S32110196298EA64EF3DEC95ADB43174B350D9759AC22D17267DF361206BD4E46E64BD
S321101962B47A43CB64CF1FF7A0660F357B03457E1EFB75BEA06BAB402B4B510DCD60
S321101962D0EA81F3F9BE06141B05CBE10ADF07111F6AFB685E13F5E185885523D3FC
S321101962EC1BB3A4447CD14A936C1D1A0C3B968E7775D4D26A2131A69ECF35B2E64B
S32110196308E6B427804B45F87ECA2D0DB4C85019B050AA558DF25591712B5DCC45AC
S32110196324FB7585026EADEE6B467B301F82F0A66BA7A30A36AC52AEACB38730F1F3
S321101963401876987844D76DAD0850EB86BE64F0D9FC5CF45EC5373EF73BF5D72089
S3211019635CF21CCDEC5AB69E67F4BB4ECE59BECCE9D61F1D4EA07B9A1E4FB043A569
S3211019637860DAA8B755BCD299A3D374AD12D4AC7DAB6190BF5430B34F6A150BDFD5
S32110196394A786D11B0D033352CFC6CAE39C06438C7BB451343D4F65150B86E754D7
S321101963B055A23454E3D5EACB77D29357A1102090941698AB06BDA6614BB4D94C47
S321101963CC9A11F7FA88EF7C91F5427A4A71716FEDAF3FA924A37AE8999C6A33306B
S321101963E8C4B5A9883AD8299947F6C32B621CD607DB8390C479563C1E9D710E89E6
S32110196404C5224B6FB2F3824D2816002AFDEF7C75AA6EDFB4164028B92DD1C651FC
S3211019642041AF1D8B2B60CA9AE6106EDCCA0D7B597B3FDBB1B6C749559FF180F35B
S3211019643C9B394251BE2A643C42F5393F9F0F0EFC03F9AF32809D076CBDEBC6994B
S32110196458F264424D585003F2204483F4D18EC48EA0624F7FD23A15BE50949DBCFF
S3211019647480C504D76878975024E65B878B1FF2B078D581E2349037903746D044F2
S32110196490A4E03465A0BA5381B6029BE9B0DA425E3F341BBABEF91E5681CA084CFE
S321101964AC3277E83B7CE2E53DCF2E09E508E9CEA07FEA81DBD3EF62F31FAD28033C
S321101964C8CCC29A376CD552901DA3ED9DEAB20501A1078BDD46122669798542FBE9
S321101964E4E3939340F0A4D3926A19F6822209BE47058F2D7C5BAEC2B3993B7D17DD
S32110196500FAB5D3515D1742581C3030409F1D5DCF9B35D8C943C38097623624CFB2
S3211019651C9630627B0F2764D6ED7D08FE92C50C220B659D2DD1BA94805D562F660B
S321101965382AEEF47594D79334EFA4169D7555F17C6EABA47A03A22C0031C6A34204
S32110196554FFE8AEEA2F3089B67C76F375A79D2085E3A159D65C5EB41BEE0755F026
S321101965706B77B981CCBCB4595512C5A7ACA3D6DB83A6EDB65871B3F9F1D2CDC4C7
S3211019658C3B020496E720A46159CE17592147447F7B279941B825DBFDE9E53D6281
S321101965A8BC0B4AA305945CF13AF6F4982E2576850132BEAB3F39227617B748BA88
S321101965C4F23FD3EA7ABC6FEA7E3671360F6BD288A9E4C039B81A5FE11C3C668208
S321101965E0534BBB2CDB33766FFD23263B62E68E032FA9F02F2CD25B76DB2776CF91
S321101965FCF5437BD9028EAF5FB6DB23FD2BF54949A0D5DA6847930147253C9BF200
S3211019661856B6D904D02C912D6F1C2BF07211F0BCC180B2C4F1E36BBA71C55B6D11
S32110196634C7632B8F1FC44E6A691C0C72855E560E4446303A228E77D2999A5520BD
S3211019665096F6D167A42599A9C47475CB8DCCAE75D00EAC5C8B8C47540C5491B003
S3211019666CC209B35E44655BCEB723A36F777831DA2FAB860A85181A8249F51F2728
S32110196688FE23EEB9AF7650CED66C9D4086D54D852E7B875E05881A6D41B1E803F1
S321101966A481F9D146014F75A08CB8F1BF2A6FF052F659280B18C9330A7B1A34C2BB
S321101966C05A02420911D63A78E0D9E54B143B3C0B6F5C0F2A32C69BD4662DA845E5
S321101966DC56202215BE4A7E2CC1B6161AE569F60AD5EE0F08DD92DFE2C07D46E3AF
S321101966F82112D7DCDE20CEA77907034409D705F9A884AD0DB737A378C65F4F9165
S321101967141B8F09078F917925E430C3534820C4C3273167ADDDB67F70B9EBA76010
S321101967301C0D903FC308A5E7EFE25ACB86AF8CC5529BF53B311131793A37A1A098
S3211019674C36D6AFD1807189992A4AAA791A77261D7E4E1737AB8007CAA70A2DCE36
S32110196768B643B7A2CA78F3B408CE4BB7C3E02AEC73BE578868F004A2508EE52B1E
S321101967844735D7A918441449369A8F2CC829CDCADF5AAB3C2457D92CF73339C13E
S321101967A030DB07C00FD75B1F6B5FE3B7A7CC2800B90679B77D9E855480F4357D74
S321101967BC2F0224B409A48482AC908FFA6EC5DDDBC6113C0CCB9371B6C2948106A5
S321101967D89A4FE88C68CF83F31DFC5F0E6B1515EDA76E1F207D32A37BD473F248C2
S321101967F40C4BD3FD574EAB944245F8BAC6C2CC15CAA6DA9E115DF1C22778C51A26
S321101968102558BDE473A712E941BE09B94585E8834A38CF4824C2CE5BB8AA84D9AD
S3211019682CFBAC5ECA7FA5424C8076136E6511DEA31CD008C9879093F82737707293
S321101968481B51C56A7AA92ED5851E15E7C2A38660224541EEF9860D4D40111EA7D5
S32110196864557A9AF68BB0D1518EB2ABD04306A4A98741118C8E2623EF7C5D73F273
S32110196880C9188E6AC58ED87E3492DF0BFC13B632EA893F212941E2090004AEC505
S3211019689C2D9BD8A29802B037FAB7D5820F7927268B2B414725B375858860834452
S321101968B8FC946521063E03EB6B8D29D73EF8375414408F7D18936F2FB7A465A982
S321101968D42154EA0060922DFEE00FFEA2A9935AD11C29AE999B665554DCBA4D3BB3
S321101968F0DFB1CA3E96E49227109D2D22B646066D503BB7D9E2F3B62224FBC1ABD4
S3211019690C2C5FCA00C487879A5D0AE5230EE9D0139C415DA02D68CA24FAE49284E5
S321101969283DA1425B36E2035BB7FBB8C5831DB4A46DB5FC2CDED17588BEA965C882
S32110196944095CB5EC41375F71D2E77EA08F72816F5C3E233C4FBC7700B7ADC5C688
S32110196960CA3F9EE2B37D8B84D6DCD1630F6A6DB7D89D412BE915D66AF312A08558
S3211019697C42AA7F68F937C967FBE5BB54546E9C98CB34D245A2993AC2A3AEDDB08D
S32110196998552C2ED33FCB81F3A93532856673EF4904DBE3197318E2677D3D4DBD9B
S321101969B483E1DE5DD5406BE601A6DBB5B04DC76B2EB604A09EFE39EEA01F6E8332
S321101969D04A190C7DAA3FCDC5174257FFF368C9C9C5E29617EDD93B02B66E9DAAB7
S321101969EC2777BBFE044C256B4B8BA327E7D64564E690EE797BE7F9E46CB2CECE4D
S32110196A08D784D833BE702DF1C75348333839458F0CBBD241CDED27B92132064C9E
S32110196A246E890B9ECD49D7FF01AFBBC796B71F06A3D5237659C41CB2F188822CD4
S32110196A40837A7381688E23C5A7C54F1D88A31281579D17246BFE7B95FFFF96D199
S32110196A5C591CB65026776657972F070A83A378154860FB6077371982B6B2B10526
S32110196A78C3DFD5A2A63D5ED38ED87A3C15BB1067A56F62988FFF662898C4246039
S32110196A94EC27C8E41367C033A5A741C406E868FD045D84061EA0C44EECC55F0A12
S32110196AB09C1E8E8E73FFE309A38CD7F43C6804B77AF84A0160D5F192D9DCF640AE
S32110196ACC1D98B9753FD9B2F87183B11DEAFEC407FB1A41E63DF87399919DEC636B
S32110196AE8ADBBE9406F490226075BE632FB5C9811D1DE4CE080732B2E593A9074BA
S32110196B042B901C0E2138BFF6F28513E59201532F64F99E0F41CC5DB37C940A2569
S32110196B20964BB1C1FE5A5F552FB01BC622B3CECAACFF5CC859E728EADA105C1D1A
S32110196B3CC0D7951FA1875D4043D5C01F1BE8374E684E8FC3E1A182E5D313FA7E30
S32110196B58D98C79CD2A05F019D7B81F6EC18E3B479F12C1C0B6EB0791AA622785FF
S32110196B7455509DC597CC2DEA6DFC8F631B8A4C7310879402659EF2DA5886F203C7
S32110196B90903D2301A7F91DEDABEAA4094A56DC361335074CA98C7EA9CB52806235
S32110196BAC1033F71981A7D6306CB4BEE0079BE7D9B07B6013EFCB3A631B8DDE730F
S32110196BC86A6453810E147E8956F7C0A56102FA10A147F0E925AF35F33623E08B17
S32110196BE4AD468F795F8C2878887C35AB6BC7CB1CC14B8CBF676E0B83FADB0360F1
S32110196C006E1A126003C7E3F1B8A0BCFB4B842787D01C940347A0ED32C8FA661262
S32110196C1C81999A29C9C78FD10A1ECF0CF68E9E06423BD7DAC5435ECCD6ABA002B2
S32110196C3856B4BBA4FF69C6E96D84FFCB3F0CDE38268966DFEFA8970FAE075E979A
S32110196C546C06D930BE73484B12016D98E3DD6E6F0DFA65B1014DF9769616FB86FA
S32110196C70EDAA66BE06B6C6FBC7E3A17513A3BFDE1C7B93788819FBD06C57E1A13B
S32110196C8CA39575432FE88009E2398539AFD56FB4B1534F6232DE539E2305A7C563
S32110196CA82363137786FCE79F97E39E1F4491F8FC68DDDCE7BBE6631FBCB62915AE
S32110196CC478F14B7CA410D97F3F165DBC29F5A4F8E69B0360A8D82F63DBC9FCF992
S32110196CE0B13B6EC8BA0D51718BAFD279BC1EB81F5B9CBAA7DFC8209FA0415A137C
S32110196CFC3C937E6B9163718C7E9C8B7A03A356CCFC4983255B13E03C5C3372A1A4
S32110196D186B9A454546D15C104B2806BCAA0EF85BA5B59031A29543522D00A157D2
S32110196D34CB2A939AA5B13D2BF27C73620B3F8F35BC8F5AB497DC5367839009C27F
S32110196D5032DA64B4EC234796941DE0F9A8D9273B4B96987F462D79353250EA0CEA
S32110196D6C826B8D85ECD5E224EC853F060A43D3743DB3DD9D2700861B3BEBAA5575
S32110196D8886F491DE3400BCC253D3350A7703BD10F47AD955CE851F35E52CEC2613
S32110196DA44FA4A4BCA50E35C48CA6A149AE59D5554AAFFEB62BC533E74F146BB51E
S32110196DC0788CAD9495FF1F0A33F80DD4984848FC43263217BA49CF5E91F85ACBC6
S32110196DDCD22D85091A7C2B1820AD6E2AD732373A29032DA85CCE3D8857FA5F4D3A
S32110196DF839DC112E250B0F99D7379D5A2FE45FFE87B468184A332B9FE2739A05B9
S32110196E145A245EB51C4375F4966D96B67E064741631748CBB523A50DFA7732CDF8
S32110196E30124B536B9B24533DA6E4D051DD88FCC6FB75B161ED2B240610EF860191
S32110196E4C06ABADAD1388D8B6F74A95E5CD9D148EE43C57BD3ADF57653058B32894
S32110196E68348BC7E4E21C615C3FFCA6561F370714C92419BCD94959E6C763695903
S32110196E84D46374A58CFDB579707F8F52C2C17E554F242D9811240B00767E8CEFAF
S32110196EA0CB7A1882C521EF75DA0F822B1AF65CD91B03A94079E8501F1FE36D89D4
S32110196EBCA6D695AEA950ADA3D6D7046EB80CA85CFC3ACA564D912345BAC3A5BC22
S32110196ED8ECA5175E06AE180A30D2EA1FA7FB5A30AB29B4ABE185555A8C1AB7C2F5
S32110196EF4EEC054844E45AD9A39935B0DF90C121077A28371BCC73276AF718CEFC5
S32110196F10493A021910BC2F05FBC53FD43335DE29106A9F6505B8CD7432D7604D24
S32110196F2C65E3A380F6FAD3A81804A2B9937C28A6978EB9D06BCC0193744A51C7A1
S32110196F48A8CF0A31B184568EC6BF445ADB208E380F2E58B5DDC61301740EAEFD21
S32110196F645CF1EF2E39ACB77F9D6FA8D4AA10FD401FEE8DC3C5AAA32392DA4B0D88
S32110196F805D3E9ED60643A0EC0950EBBA7F546E0A4C16DA161279398F3463925972
S32110196F9CA3A0483CC733D3640B6A3B21CDAA072455B65056A2389502E43B9A2B39
S32110196FB8E6E54550D5726365B0BEB8FAC1EE3FF39D93C85B760B90E07D5F133BB0
S32110196FD4D66FC15D259B9FD8679A9A30EB7CDD14A953D89B1274EAB8139333E560
S32110196FF0C780A370ED3D1A4721BABA3B8ECD3B6541D0DC5598ACA96BD94C974A06
S3211019700C39C0B4AD09D2579C581ECD5A9AB1642870055F3AF9EAB50EE4BA9504B2
S3211019702893AB688BC85E192680F4071641D0F95D824D203C149815EFDA7D3DAF71
S321101970444CBD3EF4FAB5B725C3CFF809774F9CA316C50EC36475D71E25890DC0AE
S3211019706085847788D01E78B8D3FB9CAA06FFF0C67714BA90F05858560AC705FC53
S3211019707C00516284135E7223A4690C9426EBA5F1AD83C08E9FE42967F5277044D7
S321101970988E3E2E3CC848129B1069A98A50BBCB5B3A55A4438CDA6ACA541CB201AA
S321101970B47E55496490658480E1AB7756D9F7BDBC4C4391BFFE8284582A4A322D68
S321101970D087D36B64F4283E35756B58FDA46099003CE47777AD545BF8713F90FA4F
S321101970EC61904C0B9C719C684059991650A754A2AC97340D0B708E70B2BA113021
S32110197108EC50E5F55E8CADEA429262C74FDB3DA3D36478F5A35A018098621C1254
S32110197124E5017DE02ED0637AB9F673BDA1B96AF1B143CA90FCBEC9A4DDC0B0D8D4
S321101971408458B93528272202C61B5862893A6F8FEB0EAECEFB0452647CB39BFB7C
S3211019715CB0C335EA24187ADBA12117BDAA95B9A617B45FB12897BA468AB66DDE6C
S32110197178EDDCD3236F6AC40C467844FD7239CC993020B0A1E7A13C4BA062B623CA
S32110197194A5F966C8F7A26B001A36A918AE4117484B50B0340FE94C87BE4776704C
S321101971B007465B81B03FE8BBC69E4944A3929D7A51BC8583BB8FDDE64EBE839E4D
S321101971CC4E7AFF39DDD8787F46D073908293BE750723956BBC33FE86FF7B7517C8
S321101971E867EB8B2384F2873299478499E8FFD93F3745C5E1FD77C8ED3A092582FC
S32110197204D80FC9FE2874F55C388CCE816AF26702ACEA7F39BEBAA17723744BCB41
S321101972203762E777FD71BDCCD8885200509FEF93078F54A14AEB6CFE9FB5124A38
S3211019723C4FB334CFF18A3DA80EC6E6FBF42F1280C394ED5FF0B7487F49842E2408
S321101972588FAEB2CDE92A9DDCADACC9F90F7154C9C945545CAAC2834DE54F5AC59E
S321101972746F2B1C5082B6E3936E0B825CC256D1C31C3CD73239D86CC09B1C533F31
S32110197290ED0FC1765D6590CDAB829F7577C77EB236E680B948FF5771252BC9092C
S321101972ACCAEE707FDEEC2794051D39AEA83B4E2AF8DFD7E3E60627EC0FEE8AC12F
S321101972C87D569B6FF6B6592650A22D42BC6F1D6C2389B3E9851723FE537AB56374
S321101972E479457D423FC8AA2F13170D0ECDB482BA318DA918C874914EA3964A2BB8
S3211019730009A4D60EE7529971B61C2D8DDC453F2C69F2B8A72223D362932105ADBC
S3211019731CDFA3A31CD0F15251AA5F762E8A17BEC2247B2F329B681ACF937A19D3CE
S3211019733829DA2739BA479F9490756122E4072D09F94311E66A96332F2068462E39
S3211019735449FE097E89009D6564C4E77B406BA53BFF059D0D2168736731C3C06259
S32110197370EC53ADEA382CAD56826D4E380154236174E54EA1FD3EF3555F972883DB
S3211019738C15852E78891B79578FA21AF3046ED7EC282BF90D54E44CC8088CAFCADD
S321101973A874E855064EF2FA2D3508BE8A908836FF9792EB0654F3B8589DE9ECBD0A
S321101973C4C2BBAC64D963F7D8A4124FCAF1BD4A51914959A041EB1BD0BE0472F7B9
S321101973E00390F06A7074002FD6C894D99B6BC58D06322FBE0ADCC5245400014E68
S321101973FC06FE59A99B2BC5B06A1FF9FEE9CAC4FDDC2532CA845CD03C4BC02DED03
S32110197418C79307BC90678DF02EFFBFFC9BA5B9584E0C741FFA395B6D4E61DC12DA
S3211019743425AF7F804B1763E2E3516050F2AC0FAFEC06E40C1EC16080CA817C7E6D
S32110197450DD15C55FDAB88A1ADB92C15FF75F94D4A990BEE37843C3516A98FAF2C3
S3211019746CDA4E760AC28C466629C5D02295C5683389CA1C88284E2C0D4BA3A4DD49
S32110197488BD39A6412778F50C0DA9F8584C43666B2AB24C94EAE9AAB518259F1BF1
S321101974A467F8F4C86CEEF80C90E142E4E220DE50C4B6C02C14961152492853ED39
S321101974C06F76DAD0E9454D2D9847CDE6F91B00618927999F692E73F203A3D65D86
S321101974DC002F3D5CE4A86B6DD516C785310075FFF00D447829C55BA87F435A0097
S321101974F8054FDA2B2089F116647BD52E247D821FAE4B6EAE262A3C77D9F9777249
S32110197514C5E6B82027ED2E4B3C7F2F3C8F9D19ECAA7B4C7C594CA6FD37B03291E6
S3211019753010A0D33C829DEF18296BF793E396E4B52A012F78DAEB7B42CE5AFA7312
S3211019754CF4672122DF8BE1B0A58B7FD5EA27C2524F01A08CB3AE4CFBBA086C035D
S32110197568C4065A7BAA1F438F3DD10DDFCD33668E6DB574FD00A9DDC76184FC42AD
S32110197584CF3329EE3860AD8F271E014EA2FC044C59C0E1D743CC5010EF697446FB
S321101975A091B7A90CC9A2EAE5D0CBEBB8D15AF757E1EDCE248A70BDD400418A4F4D
S321101975BCBFFCD7FDC89BB59EED9E6CC8D7562DF62BBC382FA0CED66ED2287DEACF
S321101975D8DEA52921E8A20F36EAE9A06A7D58A0AC17B5EEAA3C5A897E568FE3AE57
S321101975F4AA820A75D95AB3DF6C7E0773B13E9ED110E67AA94A220678D70341817B
S3211019761037A1796AD60DEB59F76854DBB0DA2100BDE050D540CB1FEF3711E01DF4
S3211019762C1EB3E70AA1B944F6680395A04FD8D877F75C6B6DBA8D8A15BA3BEB09AD
S32110197648DCD51B5E6A69ED38A487DF64052BF1688285C155B4039F68B9FDECC0A1
S3211019766435E210139381869F730A72BCF6EAE5EA7E5B7C31E2A68DC9143DA8525F
S3211019768020051DC916233AA430A921BB9CB6D2ACB03B376C06C76CD495E7DA0D1A
S3211019769C5F9B1FFB62058E51FCF2B4C171183B4C1C612EDCEF7145022BD550C098
S321101976B80DBA814939F80E35C3F6B18CEA5DFC7A8FF59B4D322D5D5D79E29C4E05
S321101976D414868429BD358807A83DAA60175EA64762E8E765D63A911470F136ED83
S321101976F06BAA6BC03C9B5F86867609B520FA872EF2CE1F3C26D45DE570347E61F0
S3211019770C28464068224EA853B5410FDA35D47CDE809A19A19E9AB59A303DDD06C4
S3211019772861D6C43D323CB57BDC7B81E34774BBED9D5266302C523B2D58F7057DE6
S3211019774470264956AA5B52546AE8D86E738DCBEE1516D3731661F3D1E2D15658BC
S3211019776005733A13A7EBC1546D720322F7EB1AB44203B57B1D5DEB5FC60C839799
S3211019777C7B915D87B87B311B35EBEB3CA14219301AEE0D86D04B5B8CF8E1EBF38C
S321101977986048AED741CBDFE088F790EC5FFD68E02C5B076C38F95F876CDEF8CEEE
S321101977B4E45528280EAD58AD23D0F27DE1B1CF09FB4A12413A5A16345D7EC9BF9C
S321101977D080815DE7C7E092B9B654DEE5E3D8E22ACCCBBECE239462675B09D3AD1C
S321101977ECC957E2F85ECBC1146EC0C9B83FB34C2B119C9364C1AF8B22E75134C055
S32110197808F3D9C34F325525C679F90D1E26141D9D4C6AB705C4DEE0F2EE36064400
S32110197824B861A7E67153C95B872C2A48A70CE2BB87E309DB64AECDC3F7594D1B6E
S32110197840879C2BFBA1E452361B4F3251664F111FDC968D28B7792232352D66A2C0
S3211019785C4F6C915FE0C092CB7E8CA0B495C52D1D0F9446C6ADDC9CEFC7C2546433
S32110197878E3E2A58ED10C9062B9BC344F06CB035EB6CF661085DD778C878512CC8A
S3211019789469B0CE65B695D8C3E855E779D39771509A82B21F63D2BE4683162B3491
S321101978B0452FF9FA23239EA87DBA416926E6AD3FDB5E7864A02DA990348A8AA1BD
S321101978CCACE5FCCDAA9065CB46AC3F9F67572982ADD51DDB4FAFC9A329B73396E7
S321101978E8DA6A654778995643377BA4324815C6170B59EB58DE42D9ACC1838B19C5
S32110197904D2E4EC831BDEAB096DACA886E4623B53984A917094D1EEFAA9A4EC479B
S321101979201B85E86D2496C80C7E10CCA7FED0C89FFA16E61FDCDEB94A0F2EAD04A3
S3211019793CF9E78A5A1938289CC17F02C28CD6FE30BFCF0249CCE1783C3C75672021
S32110197958EFB73BA16C45847C945B62CEAFB9D9FF73B01B7A01B80AD5C8BA7F07FA
S321101979748D9F0BAE3ECC2C1B51F3A84DDDA6492075106D3DF88910F61FD0CD58A3
S3211019799054B49A7B8B292A5487E58893F919F9881BE2C096D4D476E890E2A1A037
S321101979AC8CCD5B7897E1294413E4937FC20E2B0A4C30DF5113F89DC94863341F56
S321101979C89D2045DA148087E263D6D4EB2CD79225C17FC04D9A42C519DB29F8489E
S321101979E4BAD3B68C6D5D659FABD7211A4CB5D68FBB5347B04733B387ED31FEFAC9
S32110197A0018F9BBAAEE904D3733E3D4C4416A4D61CD94AE24040946CFADC01E6D6F
S32110197A1CFB490E995E03B0A47D1BC5D1620957967FB763545589DFB471DA97A613
S32110197A3803096CFDE5286E2EDB421FFC47D9A6FFE4D9D67E5C9B8F03E45D71B9E3
S32110197A540ED4C65182E6545422B55A38E29ED588D0A79FF5C4F7939EB25440A7B4
S32110197A70813DEE166CD9096DF660E83D52B930BF91E20BA65A72772C7C26E3EED3
S32110197A8CB3252F502EBD5774BD9C4D5E27802E3E860BD6F09209F5CD19D6932035
S32110197AA8C23AEAC05BC71507FAA35BA174F09572C14D5CCDF9DA1748395AEB675D
S32110197AC405D5BA8D680985D105B509B71FF1E4B2D413AD65415EAA449DE34BA876
S32110197AE0A1CF6FE0989F36AF9142BDC6A144DC1ED44364D989C41BE125CEC26495
S32110197AFC61FA3CF4E132B4387BA070A120A3364A2DEC1C231A1F6C7C34B9D354B9
S32110197B18D650701BDC215D12870F4C5405050646C99C3A31CC8B30C5C7685F12BD
S32110197B3492F1FF5B59D3958D8E36363552F7BAEECB747FEA3CABB1570EB987C90D
S32110197B50D41827A784825765D4CAE237261AB69D0E5F03E81D270C8110F0BBD26E
S32110197B6C0C703A152886F994C141756B7B0AC8B74194199F2019ECEE1628BB3019
S32110197B887120FC539E5DB598F87D86FEEA363E05FC7B00F95E4232924224820171
S32110197BA40FE0BD2F58E9BA3C6E89D012B37C4ADF136B678F837F4299BFD5DA583C
S32110197BC0120BDEA2F8521F99214FD61613C0777B657DBC80EBFE67B9E6681CD950
S32110197BDC26CCF8CDABEC3F21EBF3A5ECD7E6851EB5536E1B06DA4B09CE0AABEFAA
S32110197BF8E360C2346B05FA2599A38267212792568FF7A6D2F21AD08E6D2D848916
S32110197C1474D22B26693547A8BF3303EAEC06FD22C4372A46C0E122C1B3917E2D33
S32110197C300C2831120A0534AD105A9EA19985735D8BD83B560C0B7D52A89213A83C
S32110197C4C86EDF8E16D2DBB52841576961B5002F0648E7F485780C4800ECAA35D4C
S32110197C685008CD5181ED93676B6876C2179EA0232BE69A7919FF3068E73D3DA992
S32110197C84EB0C38270A3A8A2414F4EB80FF672216268315253BE99DAD21DC9D73FE
S32110197CA04EA3E102F409673290C6D17C4362CFF1032DC24DFE79073CD87DCA11FE
S32110197CBCAC9CDE155DB267A9A1D2B5186EEC11DED0E4E72E82C1F716243A585C6F
S32110197CD800911AC898C5F7CE3CD67C450044D34EA91974EFE693F20F619916D114
S32110197CF474F1812165ACB823B483CE1642B0EAB95B8D0EAC9C92AF3BDDF00E7F8E
S32110197D10B2B01C1AF215509153AA4B07581E9CE44A8179EEA865C767AD1BC4F674
S32110197D2CBC4E1FFB7BEC876185F9A29FD169ADDDB0A44809E2A932F0BA1D2A843F
S32110197D4825C2E486568DA53D8839D577A742B4978C0FB1E1BE6A56C4D06EC931F2
S32110197D6488A7451882B5AC4B917A62FCA59C3C3C5F91BEE19F944EB1737FD0A4D1
S32110197D80F682BBF660B3335D73FC9DF699064EDBC89730B1408C16D0B1C083AC90
S32110197D9C57617F89EA7398B80F2165E3CAF1530D674259B3C72C6F6E4A0BAE6EA6
S32110197DB8BE74D09C6FAFE0FB8E18F01A6EF7547195810B638CA3ACF1F7AC3131BA
S32110197DD4C42A6F5EF2B5352EADA63579A4EAA23BA3816DFE3E1C1EAAF95ABE076A
S32110197DF03F402BA23E168B045BCC2D7D3A9F61333C2FCD037C1FA58CE9C004E641
S32110197E0CE76C2BC0F837579954F5EF6D035A8425098EA858419B1838C297B53919
S32110197E280E23213AF7C80C979BEA7C5898B205FF6E8F2249AFAEB937BDE2E695AB
S32110197E442BA79F7C3243133AF83CE6DFAEA843326D7E80A2DA83F0D6EB761EE6EB
S32110197E60789CF673DBB2944A925C20A1A5E8E3DD2E19D25B885A6886980E72C5D2
S32110197E7C43C5985BACABE4AEDDA0C063EF4455E344A7A7FDF6C0E5B61EEC322888
S32110197E9883F036C4B2BEB7F5B433514DCE8E59F81B0AC75900DEB6EACB49B0DD80
S32110197EB4B828FE3285CDB00EB1987D2C63E3E13399416221D2AA6578147761482D
S32110197ED02C091A193DC67F5B30F99B5C0878D3C6DB3FA4DA29FD04A03BB8ECFFA9
S32110197EEC32DD5F65DCBE551DD37854FCE63625BDA7F68B9F9FBAFFC4776762D3DD
S32110197F083E2B69E45AAA9582A9EB408A5A5D500B9B2AFC3037D228C3C91CA2BEC3
S32110197F24A66E8B669E360EA8A0DE59203E174AAD9313F48EDFFF10A7458764B2A1
S32110197F406DA1BEF0F47839FD97DAD646348DD141BCA96CDC46095D09EE6B5B8D95
S32110197F5C698BE9E1657DE9D01779C824D00ACB6F97E0E1EF8ED471A85F70204AF6
S32110197F78BBD95651F238F26E54BCF691B95DD3F92F43A4D0566BCDEF88A7B1B984
S32110197F94D2F11831272E44460315C8D777426A926425023167D1958343EB25D11B
S32110197FB045D8CFFC789DBCD92D744F3EC660150D6D8931A43D4C210F115DB334A5
S32110197FCCC01882E1AEEE8500C98F740F4A29BB8B352B1ABB74C7B1163227CE35E7
S32110197FE871590A5E87931925C0AC57398A97A46B79DB6B7B5BB0A3AAC754EDD42A
S321101980046E73B302E745A7D8E66DCBE50E95690A8106EE7553FBF7CFA3D6C36934
S32110198020E8F420F7D859F04B7CA1248EDED3913D31FC40BE2ED80AB7C1BAC93101
S3211019803C08CDC8D6F0FECAC730EF9C9DE9503CF8D83AEFBE9707CDC02A5BF4FCE3
S32110198058D1346FFC4258DD51F808ABB9475A80FBDD037ACE29647BC24461F2E0BC
S32110198074D39DAAFD6E7277CE67F25FBE57449EB200830003A1F2F5F37C27033548
S321101980909D61AD68280CF717C7ADDBF742F846C381ECD194B51E5B8BC767CE74CC
S321101980AC3E4202266BA1B8916C134404EA036969022A5BAF56397BA662CEAECB77
S321101980C8A7F274E56F0B786660C9C8B0B5B63C0E76EB6811D74A6D8CE5825665B7
S321101980E45EAD4FBE94884DA1C03A847AE754DED0EBE6F3DAB2A5F136EE87147C2D
S321101981006B74B5A070896A9AC253F9C952CA5FE1AEAED3234F200151B6B017CA76
S3211019811CF66DBD13DE32F7F013CAD288954D7A8C7AA2315C9607BE12A47E6C1B10
S32110198138CE9926545FAFA8A0D627C4812C847282165AC2661E6444B863FA467EA8
S32110198154CEE7B61533E380374E97A9354F0F95CBDBF85C793AA1FF340398562744
S32110198170EADF07DA2FBCDAF74907EACC2D3F178CF247E3F029C536D04E55401056
S3211019818C79ABD90A6E9C085F61FCE5C134B0E8C7E451C00CABB12A877042FF518A
S321101981A8884CDD80B317276C458DA7EABB397F7B8D427F22F0275F2DA03A795AED
S321101981C47EB21D27EFF23F8921F8681D6252FFFAE5FEFF972E88E6F9B6A9D6AF16
S321101981E0F19620B8B493AB39149B9A885CE3CAB5F17E81A117E6334A7637AD23B3
S321101981FC3FCA40005C7FE4D2BA28B6A5BE08F58519EDA21DE37DA0657148A481D9
S321101982180C1583CEA887222E87D4DD3C1EE1C6998B7909BAB42C5DB7BA37C27971
S32110198234C63238767E8C59CD0020BD11A13B47CAC405633DD0A8A96CD6EF0B2266
S3211019825012EF4D4724C48B05276E09AE115C8E365A22DCFEE7D5ADF6A4EC51E6DD
S3211019826C3484C4B50B5F5C14C53F95E4CC259D6881CA1BB1845DB93C1CF623CF58
S321101982884385CABB71415C804DD52EF989FFC250120CBC3737C08083ABA7322935
S321101982A41267F63B2D15C7683D232AE5401E467AD0D96DD5A7461AC15B7CDE433C
S321101982C08117DC286648FA548D5424DD4A94593F7E56FCE830DB1B7837D7209B64
S321101982DC6885F9DF2855A598799CB736D8BB5961AAC304DC1B3AAE8EEFDAD341CE
S321101982F8FD2678919A990968266481878C337429B420C9E0EB6372005DE5011CE1
S32110198314C2C13445472E014B1A17DE9DA0FE944FF60492AA1BFA4A98A011942999
S321101983305A02C2E3EE0497090B1BEA14C1BFAF26BA2FC51B2D272D8DCDACBA41AB
S3211019834C3EC5D73F6B95322478C73EB0E603439566ED77E63807A5EEF705246E79
S32110198368986C7C0249A2859784846C0C790D2E82E1CC29295695AC29163CA209CF
S32110198384F1A47514DA3A4EEEFD823AB69EAABFC30501B488E5E96841B0C44AB8D8
S321101983A0E311786B6BAD0CB8E5FEAC82A958FDF85685B4C66D1B79ACF67C148CC4
S321101983BC57CF3A06291C4A1CEA1DE78C1CEB4E1649FD03AB943C65AFBADD48BE0B
S321101983D86C0BC18F7FB93411695D17536EBBF2A4CF1E346CD0BB159D109A62E36E
S321101983F44F71DAAA7B2F5193FB55F44CAC45379ACC0EE1C530BEEB1A969433DA70
S321101984100A93CB691BA5D090C45F5738EB26780A0A2577EBEE9761AE5651CD2032
S3211019842CDF7F716C96D71E6DF712D338471E463F0823ABA0575D87F35767132B34
S32110198448CA7A0CA41511A267CCAE3487B8C7AC95C6DD34063F30B42F7874AC4CBE
S3211019846492C2DC5F026B526CCF07B6CF8270E3CB189E44A109D866A23EAFCF12C6
S32110198480FDDEB5CFFD409E4E89611F5A6731F909B0E9791EFFA80D1683D200F3EA
S3211019849CDA588D3FD0D3D836FDCBC175875E94A268468303C1AE89A3BDFEDD85E1
S321101984B83EFA19FF0FEC32D185B8717531F3BF79B5DD360422267757F2DC3B8B36
S321101984D47CB811D59694F8BE245D08DA26DAF9EDEB0CEB40953E6E0D612685CAD4
S321101984F0CF8973AF4428D54AA96E7839297E49F5F92748A99559F116C7275FC775
S3211019850C28655813774EA0A64AB21032A3C468F92B7AD88CC75652DC8CB44EA792
S321101985287ADF7E2CADF8F5E72E97E79B8F92CF579B11CC4DE2F00DD7CB71D01956
S321101985446F4E0F2FEFA8354E16CDCE7E9E924E8561A1671308673AF0F49E38F0D6
S321101985603BC854B6FD315CB7C0F91C09485725B18A2A2F34CE8D19E62CCB4E0F6A
S3211019857CD75311EB6084B88FE8E7CB5615BE42DA54848399C37F584C2A9EEC13E3
S32110198598074259E039205056B9EE38A83C28DC7502A6FDB3DD9D0A7CD418F27233
S321101985B4E9BC451E03F2FF19349E1D5616DB6456410C50D137BE2E2F213DE12652
S321101985D017F97F91AF704CB75F8DCF72E871003D973F6F148E508D8B84BEBE0507
S321101985ECC41B2BBEA1E3540C1BB3F73E650348C437F84A1FA7259C0A2E7768DA30
S321101986083624F96C1756A294C1EA010C688DB87E2A3BEC58AFB17FD7D20E9E16EF
S321101986248DA33B9164C2808FBEFE3D5E2CE8149FEE29F966093919C42C634C60EC
S3211019864083CA57F5275794843FAA02FAFFDC5DEB48681D381B087BEB7147CABFE9
S3211019865CB3AF9DF224DC380A7CFF15599CC48E1C32526BD038B3E50023115A7B15
S32110198678A7B44282B485A384ABE8ABFC36CEDBA63B851D7FBB5B5555218CCF4899
S321101986946ECC5DD7308D2CBF8A2500394C4776D8B8358BCEE60F7914C5B0DFAFF1
S321101986B0A172C3DB34699952E0251E21FFD9AE2F35B1BDD39D84710764D5CA2A11
S321101986CC23A1CDD6873883DF1F6E4F251E905623BF609BACDBF4ECF3650E3EAA44
S321101986E8CC0B2E4FE65C3DB45229FD88AAC22F2183440F54801F0C35C3B04741FF
S321101987048E3A2436C2F3764CEA7A2C3AC57D9CF8567769AF995B34B6DC80FCD006
S32110198720B27172E96EE25CBD83C96F7BD214EF2F23ED74D9233FB4F305F2700E12
S3211019873C8A600ACBB102EC0A4EE7B495955C5E2FE9329F652873086143AE7B4AB5
S32110198758206885BB9F04A9272E176387F797A2ADB7DE44BB9799054ADA57EBEF71
S32110198774B50CC7745994C3A9E304B0E40ACCBC6C5E9191397F5DBD80E269DF2FC1
S32110198790536F2E385725B6FD2DE2FDB22F90194ECF227E86A90E764D4F3069EC20
S321101987ACBC67995C1FBE561A503D699FCDD3239A595233BFC04380EC0BFD26DE13
S321101987C89AFB713159A7A3F367B443FC7FC9084A9AEF00711232EE3E8B9C5DA611
S321101987E44694BCBD28D0E08E8900C6AAE4D37FC743CF151708F36BD1658243DF1D
S321101988000A589A170629073BF0DEC915F77385A59115988BA5E9D1B63E72BDF826
S3211019881CAB612411CD165A8CA957DE5FF400C4FF15D2A1A6695C2C141AF107C509
S32110198838DAB478F5F056F5F5D444C1B6EA4C11B43493D9105056AC71CD842FD974
S32110198854E6A7798276CD01DA94168FB164E602512EA33B3A30DBA86CBE86837E02
S3211019887063B4836188BCDB50CD0E82CB4D660A41AE24FF5CCB011D67D074BA04AE
S3211019888CE471FD07777968AAFAA11F0A60C49189B09641E507AA0987BEC5AE69FD
S321101988A80BF942BDDF8C34E717419BE96628BA219A514E32A7CD2239519FC107C5
S321101988C4EE50BF0E411F0BDFB67BA7B0595FF78C63A8053C1DD55AECB8ED99B3DC
S321101988E028BF55BC711BA61FF06865B4BDFC5321DDBB0959690C4653A7E340F69E
S321101988FC53F206C262972709BADB8EE11D852666ADB2E079ECE91E3E20D2083AAC
S32110198918AB1270E9C49FEB47C1B64AAD4DF72A08831F3456B953567F8379B8D4F0
S32110198934DDAEA5B2352A674A52625A57C65AEEC991DDFFA9FEE4FF552FBA293D2F
S32110198950AEA2EE3A7797A6564E998C6D6AE7CB92D6E8FCB7D49583F576E4D1F25D
S3211019896CFEB54529D58C10F71AA0F1E2AB01455AC1E4D3391F35C1A29FE349210B
S3211019898871E46C0FBEC35CE9DD356ECE5BD3ECB0A2D46E2907B07A68837F129E9E
S321101989A4B776DB732333AF8F876425D2C3F2F83821FCDEBE79E17FA1EF3434D157
S321101989C0E8A83BC5E2DD308129DEAFA6E3D4A9D09B1E91156A96DE59F4181E9A86
S321101989DCE34A3BEA52425D344281E792490D0206A01F408AFC6420B63BB6FA7322
S321101989F8D00E316C365C0D1B6236A963E06561580B3FF57DFDBCBE08CE8C92F244
S32110198A14C0CDAC07BEA2D283CBF3DE5884ADFC44B8115E4BF3BBD57AC8B19F56E0
S32110198A300DA886F25991206B37ECD33AE130153917CCFF71A790A5B9F2A0320717
S32110198A4C683AA57467A3F62D179346E16E7FB0587019FD447CE3FC1932ECB726F8
S32110198A683776BB140C760934E6EF071E34C0D3A87A16F86822E6F5751DF59DF717
S32110198A841D1C594BDF5646FCC82310E88BE72DD2C9E324347E0869FFD086660B46
S32110198AA0F43F1A19711287638229B9FD2D3F1626B18D6D478AD216F8342C840E61
S32110198ABC489D7D74D53AE56D113B1300C33303BC523F02620821EFDBF2A686CB53
S32110198AD821FEC3E07EA35C14BBAC467901BB123A9A6CCAE90E951955474FD1DCC5
S32110198AF45A62D9F127000B790A5553750C19088C05B954E9FAE1FA154914DC1EEA
S32110198B104FCC640576E5481AEAEADB9F25A85C1A5C87A9A4242B089536A1597E7E
S32110198B2CFDC9CF59589A70D73700FBABC46BBEFEE9DF3F548C12AF221EB3FFE491
S32110198B486CA9D97FC3DE20AEE6664B411006332372F67DAB0C47AA4A7ACC8E0B0C
S32110198B6492E8CC9275E1F452E702665D39BC1A0DDB672FB6620A3892266B51BB90
S32110198B80CC6DFBCDA9C20E784B1A049D4972155BF58BE2714DDB8B88BF38CFDAD9
S32110198B9CCDA0182A390F810AC1C18887E261E018DA89BBAB7760997A6960E9C01B
S32110198BB8BF96495CD3A2A180BE19287429AAC6965B688753B94D6CF9623C0D721B
S32110198BD4D60AF92135AB8B81378D249309CE42CCDD042D1A6C9EFB9757067E650C
S32110198BF03272ECE0ABB7659A7F21C28BA2D354289DDB7DF679BDB4C751AC9B3D1A
S32110198C0C16D843677AC6318FE17DFF0C18505CAC78D19CC7401AF1A390C3BD58AA
S32110198C28D8A5ADB44587D6C6E755A13CDBE7B82FC508BB519615ECAC25F6A78893
S32110198C44B8E8B8465088418828DDA2B69BAE9FB515A34646E4A7CBBCF665C70C28
S32110198C60AC92387FA44A7745D403204769D8BA93B0F7F52A85886C667B5138298C
S32110198C7C340C1867A121E74F657C9EC7C280B6789A5513E3588AFD36BC76AB97D2
S32110198C98751758FA5FBBE20C04D05F8855BEB691EF330D7791FF555ACFA4CD363B
S32110198CB4F0F80A3C4FAEF9BE37101053706BDCB3AD361F630D1C24EC5E846A0590
S32110198CD0A0146C4E7D97BA7DBB822538458A5C970AA46D8C079C42E70CA21238D9
S32110198CEC9CCCD5DFD88958D419006042BF67B485005731BB6A2E372353D5246A8F
S32110198D0873DD112D13305D13836263931C6B27FAA9B4B33826B7919D417D68776C
S32110198D24E1B7B46D8DA498273C37A7AC0D7F35E2AF0AC03F57BAA68168FCB9B92C
S32110198D400C5C372E8972B08A5197A35830CAFF88114F1060DCAD6841034219879B
S32110198D5CB52B565A733ABEDFC7EEEB3A44765AC68541BCFFC78AE663F6665591E1
S32110198D78EEA0538994902DE780CCAEB268591E36A88A3D262D382406388EB5ECC2
S32110198D94EA3B7BD6BC289B0528A330D723D6472E190CF709D19AC82E548FAD271D
S32110198DB095FFCC7B9632802639AB449BA58602460E893F1815353F490263693338
S32110198DCC610664B9A49314896BFA52D0F1BB4A9776D41361F6A2943FF700091FA8
S32110198DE8E59BC0F0DCF7F5CE971FA3C22A817C5B04B40E8A186A8A6ED48A2B2E5C
S32110198E0401B0116D1F6CA946888A90DC1AE513796F78837BA4A248885803A0C1BA
S32110198E20E7006C9E2988DC619BE999347634406C12630D6ED0A0921C11C4BA1ACA
S32110198E3CF6D5C4571D85EE3A541C10CC0A9C1E265FA80880C33D69A761584B85DD
S32110198E58B4A96EBD5168407CB63ECB277826172A18480CCE64CB7C515644E8FC59
S32110198E74C61975E06EEE67CCF4099D42CDDB58D63BBEB37784AED8EDADDF9819E7
S32110198E9033A63E42F806B19A3B70353C28950074F048FE2689258D9C8B8A0D371C
S32110198EAC031E8EA8B40C02FDF1315287EA87EB423EFCDE4D90374D04B0805C467D
S32110198EC8ACEEB5F3F91F99A69F834BAD6FDABADB512D564C3184EEBF67F8BFBF6F
S32110198EE41273CCE5088582273F20A936326F9EBE5A8FF0497BE81B6FE45857AC4E
S32110198F0007C2C3D5392833EA4C379066903083A76E35AE417C4010A65D22518F81
S32110198F1C71572CD29840208F3E864E6E4841A0F13C2C4ED6EEF3F9632E5B744F0E
S32110198F38D1958A0B916C31C9ABF80222C002D8FAAD0E0480AC6187A653B2588348
S32110198F54074506AFE1AE85F0F1C0C4E4FBC1906C7FC7D78C92946C6203E9080526
S32110198F70CFEF34B26CBF863CA56E411F3A5C5C9231450A9A8313FA23637FE2039A
S32110198F8C073423AC8F5BBDE7326AF0F3CC024C8F75F742C3CD4F42F944BA305E86
S32110198FA89AA9686B731D23F1C34F8E0341A39E85DEE64FCC6A32DE4B10A27193C0
S32110198FC4E347EFED29EC4FD6AFAB62707DD8831D03459783FA82DD295F1B391852
S32110198FE072216FF26AEF1E10B71A8564A9924B4EB4A244183A992D1914CD04FE8F
S32110198FFC8E64231F66DCF437EBC0702EAE51F4E3B0CF01B7424FEB0AEFA8765F41
S3211019901838A917792971C6C95282B0C6B34560ECA1CC38E552329F315513F99115
S32110199034A23A856CCE76E2AF876402547D97B12BBE38FC6A4E2180F26C5F04050D
S32110199050DF0DAEC2EAAF28C08660F6DBEA273C8DA53CDE036277F7FBC07780091A
S3211019906CD9AF132F91CFC5EDCD9169AB85B9FCA24FCA0D8EBAA9C9D150185FC94E
S32110199088853A3EC8A60F3F152AE806C358914733A7B80FE6DD40B539D726767D42
S321101990A4BEA1F9B72AFCFE9AD8C164D46B523DFAA453B8C244B82A7D9D1577BDF5
S321101990C0F18D50A2495B9A61DBA0DB7A5811766F600B8BDC9E7F2A2A4CAD57A500
S321101990DC6A0DF12C9A08927DC3944ED069D15C4C8C726133E7625926CA8608E01B
S321101990F853AA7D08861A2246AB43544AE0A2158E1FDD4DAD7E1A12FD3341FF6E74
S321101991142D0ED47212B3F5D52226DB503B07BC565D3386B062270DBCB3DECD279C
S321101991302AE82B9C152E13605991EB9E638331645A47AF3D74CBDE9F2974032A64
S3211019914C821BF25C8A51BEEBDF2A2CC9D29E5BB790C57A2B4C3A3B0F7B95863059
S3211019916893F3C234FB55EDDEF7712C083A30BA428E6231B640DDFA38F9F8C6CC7A
S3211019918414F66BC983A3AE655BADE2637A7BB285B3AAD1135C19D94AABB14067D4
S321101991A095892B18DD83FFAEA48F7F874B7A7A9DCAB51469B6664364F44BBB79CF
S321101991BCC80C6B9D7FBC3C4F8A1AE551AD96A3043711BCCAF2EECB800FFCDC988A
S321101991D844D0A8B904503FFD81EF8DA9F1E20155509B415FD457973106F648E2D4
S321101991F468977E2CDB46BC530EEA99CFAA982BC4CE002FB4D48AB86C8C3F04CBF9
S32110199210E75FEA54CD3E23DEF8238CD00A1628EAEB7EF158373D57A055B6181A80
S3211019922C3C05429F7C035E93E06EAB1E6BE548A436E08DA26CA24B31C6FB3C4501
S32110199248BE249048DA025CB1CADD89EB27CB13A6C80DBC6E0F32A8C4CD07C50D20
S32110199264B720DEF5C979C12E28945F237CD70BA60EE79EB10288A556B030E8A071
S32110199280D20F2EE26459352656EDCDFE10C4BE3B299B0DB0796D10CBCAE8BDE925
S3211019929CD4A5408A3F581B3575B7562393DF7D81F9EC73B44914D4360B62A0B711
S321101992B88FFAC49A39A17A455CC8FFD43EF22A19F8A6A0A35E9BFDEA46C02DA1EC
S321101992D4F7E011A2B9520760974C5DC7218E7FB53628ED1F36806D2C6F2C13659D
S321101992F0C800BFD93463B58D9292E3E306486B23DB1B4B1F8F535DF08503CB4C06
S3211019930CD308CF9BEA1FE4395EBF001DF7199CC652A914E38D7D42998CDB1806A3
S321101993286610B2A9205D03CCFFFCC213B099E3D373EF504150444CDBBC98C51F28
S321101993449ED68B35D6FE4898B92637D52A26FF1B54B12B4DC6BC43D4E943539577
S32110199360FA9100C705A5C5E7B4E2AA4E18995CF22814E83E870A78B433BBA2B925
S3211019937C5AE57C9134E85D4E1830C24BD10EE359F7BA912F105B025803488639E3
S32110199398A197D6D92A772677CC9D9FF1D7ACBB4A955251F5600C9F37D62C3C51E6
S321101993B415E4CCF18CD9A9CF1BF263CFA52CE4E66F70CAA715B7D8F56702FD9C16
S321101993D02CF0A922CB60AB65C031E88B7A8E2A2BC56E8A70A426ED87D17AF86D54
S321101993EC90838EA5B3EDBEE544202F5008E450F41178391A5F896C1407E5DA0A86
S32110199408E2708DB3D3759290553B51B5B2A60F9621775A610D64DD59BCC1EE7CA9
S32110199424EBD11F8EFAEBFBBED505351965B42A890529E42CEE6256997DBA5226D6
S321101994406EA3CCB5F9D672F96783C0352016C92C6C8EA538AF6F4DB8D938C2A19D
S3211019945CBDD452F28E790345319094CA95F443AB79DC29A91951F88E6EC862F06C
S32110199478967A7476004F28729C6F37010A0EBED0B736F3A58FF136C23C70980993
S3211019949434522F17BF83D3AC935E99E5B8161958442238BDA6E21C99C3109FB197
S321101994B00E56DCBD1CD4FC1B11F9EA7C2169282723A8885C8ED5FEF28E497F4587
S321101994CC07EC5A7CDB34EE6E458BDA74335EA8D2FB9B0CA629B66AE7EDB3E133CC
S321101994E8B73BBF9DE7025D96C054F3EC731A83104860E36AD7028DF740BB6BAF95
S32110199504E068357DD40F1B316192904969EAF4AB53FB5C90769998109BE6AF0B09
S32110199520DE8A74569E4D921A51AF8CF657A6B437D4E4720469C12DC4EEF1902DE8
S3211019953C4E2FFC6BD3794AD3880F5DB631F5834B76569772C83842E76EE0FE5857
S321101995580D694B29A5EF6CECD9D23DDDD656739EBE29CFC3BED6476720CC1FC862
S32110199574D76C829EA61D6E92B52D861705EAEF28C670F60CD021D649ADE562AA1B
S32110199590F89815DC53B66214ACC272EAF5D69CE2669746E3076785F64223F555BF
S321101995AC37C680DC03E55334FAF0BDBC602DE19656D2837A9F4BE508A5957DE0B2
S321101995C8ED04E6B2210FBE30E4D413AB2491A8CDA4D36AF154C14319F6910E0039
S321101995E476D58AD0BDA2713AFB11D65C7707D608AA9A9AC6A41330A223EA244B4A
S321101996003FD4AE7C49166C0CB97C7A5D02FEE340B144138D7EA28C73E08A7D42FF
S3211019961C2ACD1126245FCCD01F83980284CEC29CDC24C67F8A4050DBC89B646465
S321101996380C328FD0DB29234209D31128266BD4C4FC8B9F4946BD691BAAE24E8251
S32110199654F2D76A157AEF390D4783D44B932CB6800A2D9014A8FB5EB91579855CF2
S32110199670169C7B693C3EE1C4AE105DC8A94490690D3AB2CE9E4D1E2EFBE9C895F2
S3211019968C960AC92FA94A0295BC7F552FE154D79664D9CD6BB886B0EB8DD7351514
S321101996A87856E14036763C3FFA01A84BF73CDB612F0B2C66D51F5AF88482696122
S321101996C433F6CDA335A7B358B05AD23B176D89CA93D11AF1E91B5EB71A114BD21D
S321101996E0BA4A3B7811F101FB67A775A1B3B387722217E3A6C3ADCCD37CD6F3E40D
S321101996FCC3CEB5A7B5FC04579FBCE870401A011F00BA0778F6E144E879C01FA0C9
S32110199718F42A4480FFA39D7E8CAFB09BA9EC28B2DB009D0F66BEF61895B1577D9F
S32110199734BC9B2CC4B250F8DCACFD4273B98812335E3675B1C0BB1277D4FB4C41CF
S321101997500131E24D6AED5AABF25AC767316F9E694C2E39E27C8F58729D8DB6A105
S3211019976C5358A6199BCF7E8FFC7B4EB0D6C1CD0755EC7425DA3DC53A0ABAC84E27
S32110199788191A9E70DF2556F19D829F7074D431E2BBF7B8788F7717DE9A490D0CA8
S321101997A4EB639BA2104511804CF699541F80199AB7179E7F19085214F0634A9EDB
S321101997C0DF12AA904BDD22B1265DAB45BCCFB5EB8D6866ABEE8390C6705D69692E
S321101997DC653B2CDE13AF2500D60D73BBBCFA155BA7E58A41E5A67BBB0987EADD0B
S321101997F8EED3C5F6B7F67E80B4DB2C8B228F7B1F6DB47D51A1AAB2E904A41D488C
S3211019981444B4859E05C9B586E60D080301FB4355071E4036863AAF9C17EE7259DD
S32110199830024D1F9EAD034CD9C3737C6B379319F69A885FB372925D45A39AEE42CF
S3211019984CB10F18B6B94660BF1D3E334FF3F16C09299AB99FCC71270F4CF2D3ADA3
S3211019986882E4469C295677EAE303D99FE9DC0237E0112E3FBC0F260828516F767C
S32110199884071E9695EE967F491FFD77BC576DBE1BDD1F1F161CD31EC190451189A3
S321101998A094F057847CDA56F4625DBA072D3D4D8C91AA27B42CC488CE8B4613A6D5
S321101998BC37215108B0341F2CAD1FFCBB7EBB262B7A6FFD85D9480F72D1DD158A1A
S321101998D8B5ABDDFCBC5BC210C6AF8BD9D8213E5167BB0DC576778C0E3EBF76C410
S321101998F4633D19A341797FE79DEB9375A9A13B214E3B38ECF78065E3B30CD77104
S321101999106FA107D12BA97AFFA81DE5CF640BD3F9D97B531ABEB493FBB1E87A56F9
S3211019992CAE0A4DF50AFB5E64ACBCCCD597FD3B34FBA7A73D92BE4B209919872485
S321101999488E19CF1FF4B23832BAFE4FF746CFB32BC022EC778BB2CBB3D5E386867A
S32110199964C9787408BBDC32DB17AA7129D3AA19334A2DE49F67B51CA1A90F11F4A3
S321101999801C8FC60F43D0EEA706E5C5497BC366B29BF86FF45EE67671437DAF1283
S3211019999CC7C980B2740899E75836E27269F1502C9F2D4D8B16DBD7E7777E360686
S321101999B8D005BDC96CE9D629DFC12FAF63CA0BEF16A24C1DE22317AA4E528B0CF2
S321101999D4273511191F8ABB50E975E121464778391EDFD1EE7591FEDFD95B5EFE41
S321101999F036632994F83D57B655445B49EB0A652A6B63060CCFBFE5B5CA558D9887
S32110199A0C9F4716E35F35C19954AD7E218CE2E890EB4B6025880D42521FFB631C3F
S32110199A28E7BA1AE1D6E6E7BCBC47EEFEE1B5148239FA3032FBE1E4F0D8ABDCEA4F
S32110199A4488EBD1F1996CD8E8D1D00B904761C6703BE37F5FF7941F695DF085944E
S32110199A6070E660EFDA010617225C7D413A2AFA5384563DF97F23A078C7CEB043DF
S32110199A7CCF0B714C7BBA35D92095DEAD0BC3BECB9C324EB3AA06CF989A7BF02A19
S32110199A983B398A9A365A29A2698EB8D24F0783B267714DDB28ADE6D1525C21E148
S32110199AB470EC7B2FB221707A62DF73E8C36AAEDEBEBF7E5644DC346642F5E4E346
S32110199AD049B4B0C2FE101A4E5FE6B588D40539DF7D2DC33A88391EF1D66CB399EE
S32110199AEC7FF1894AAF172EBA1A1122517E47C6D30E017758411CFC703A24709B32
S32110199B08D54CBA112765BE9EDC06FBD4CED57924D76184D1B1904754CD5FA0C652
S32110199B2460998F786D0D9CB1A9AD32807E746A191F7E57671D5EAD708A94819C84
S32110199B4077DCC8BB6B06B49119238056B75537D2DB6957946B66DDE227760124A6
S32110199B5CF5733FB2237C0187E6306398F99A8D98C921C41DD10293B2BE4A3FFC4F
S32110199B78AC357240BA7718A00E7FE77AF9622A80B0D28A85E40455B63D5BF22104
S32110199B94FC9F08436AB8F41A2F69F0FF007E35FCAAE622892D92135081F40A95C9
S32110199BB050DBC807F9A6E60044867546098310FFAABDA403CB5AD665FE3CC54B13
S32110199BCC0C21DBA9C2A8F9A779D66A4E453C4D2976C18987C055DF0042B4F15023
S32110199BE89A70178F3CC0C1D3161A680A7FB1B6D705E31ABC656810D559F7BB0E0A
S32110199C047E3EF735B07CCA22F106020793084BD712E3CD2B91CCB68BF192B5583D
S32110199C201416FD7BBFB98498F33C676CEC8EB416A1A9790276A15EAB5892E06C62
S32110199C3CB8A72B36323C1FCC6DDF44297FBD2BB61C9C54CD35C129D142BC9D0189
S32110199C587EC646198C69E358B3EE5DB0D0403ED48588EFF5610A386D470CCBCD32
S32110199C74ADEC10564F077D2BE82A20B3D2B0B95D11568C8F76C19D46AEF8A87BC6
S32110199C90884593B43C1EEF2C1CEAF3678B33E687FB9A3F780EAED7C9E7B3959608
S32110199CAC6D72C2518972B245343AE72416BE39D9532561A16EAA972B7F19527478
S32110199CC83D8406ADA70ED3A3305D67C3EB64C7184BA2976896396EE7D8A670616E
S32110199CE4F1E065D42F77DBF4B05D32D4A2915A6CF5930D123329A92235B69B6AEC
S32110199D00AE5B65604D7E641407BE02055ED92A2679CDD22A0F2D86CC53E26953F3
S32110199D1CCDEB40B5B11102E716D366D6F9A084F7ACF71AE8908A7B77413AB23756
S32110199D38DDC30CDDD8851BB1DF1F7896E03925E54B90F0A996DD35F64F19A7F2EC
S32110199D544EC23B9C5317A43D822B199B96F65E6F37559BDE60617B175FA7826296
S32110199D707E86CBBF99A0CAFEAB52EF0EE9610734AA9452121898D0F3B96F1E83BC
S32110199D8CB97D3FD72695C4F5F477E35CF138BDB19D5688EC0EFCA7504577D0DCBB
S32110199DA8943B4D72C7E5B59FF16A7BB2788A77FD909C8180E9AA6C07797D7081CA
S32110199DC42D388466C4717511CC8193FAA2C36DB1D543880C5368EA0F6628BF9EA2
S32110199DE057E3513DD2118D3A5A391AB8420FFB5937B903E298368AB44C452CAF6F
S32110199DFC2AE208ACE982A39BADC47A84AE954DF13489B7C2285CBB32CF3D3607D3
S32110199E186A7498312F290F8908348EF2C6AF8994736433BA10D0DE58829E3911D6
S32110199E34EC101D0F817D60F2C1A4B98BAAA675D1CE1BB9F18F6E414DC8C18FBB3B
S32110199E502B6CD8545813E2D0BB074D4D6B0592B8F08F8DE7A1E7E9CD61EFBA0A8C
S32110199E6CEBB9752C7F896AC8EC1E4D88201E7199B0088C80748DFDC86A2A0CA338
S32110199E880FB64531969C72D7F2AADF7CF93A53038E6ECFCE8CE8EDB723293AB46E
S32110199EA4207B6D236C6ACFFC05F11E6BC3D9802F79CD663BB3EE6C779E9BF877CA
S32110199EC03600601747E70B641ABD2ADA37E02B5E3AD43279EAD01D73256283B9CC
S32110199EDC11F64C37BAC34949ED7E21092844CA203B810E74AB68DD0594E8E02107
S32110199EF8E3042F43D6F841CCEB8E58C6DD9023F58CE682D1B19997217E7692354D
S32110199F149010A98F608D1FA8A882CD1828DA1F44C0656C78D4FFEE11F0E7A27737
S32110199F30094351DCD25DEC77A691E8E37349BFB14C331FADEE4A0D06A68FAAB682
S32110199F4CB899DD7390D023196F59BAE37A90E5DC66CB0A17890F4F753525D87B02
S32110199F6831C13824A8FE51C4DE3C70DA93767A5D6A25376E0ECCEAF1502FE3C155
S32110199F844F71246DBFE0642EF99D785B612D0DB747915A8EE8C4DDDD6F5809EE71
S32110199FA0340B025503CF00394D632EE686C99060B89FFE849497B6CDD7126E00F4
S32110199FBC8E1370C9C40BA79B8D95E13ED5E2AABBE9CD3C0503F6F9B59C62191A43
S32110199FD88FB28B9C1C7E444C704F0EF0E285613C66D430E2B9B446F81F752B60D5
S32110199FF4D779995EC9B012CA5F314440C7C30CFDD9B0BE329210432C5154F96D4A
S3211019A010364E19B3AB3D8D106A5003B4256E6940D8F4782FEFC81AB74E23F6021F
S3211019A02C4B7ABC13EE79EF5AF2BAC1E8E25315BF0BB732FB5719F96BAD904EAC4D
S3211019A048DCE1F3741D415A59759F936297D3080BC481D481C19094A32F456CA967
S3211019A064C009D73CFF2170E45546F9CDBFD68E76297DBFDE8CC883921E34638B7B
S3211019A080151AA8C128261014D1D953FDBB6798E2FC51147346A9F3DFDE417F8F33
S3211019A09CFE5B1990FDE1D47511F2A0A9FAD643D446044A4A7BA50FB4B7C2BD1511
S3211019A0B8DE4AF6A6AC59992C1DED8910B34BA91632A222321154D6CCC4349D3279
S3211019A0D41C22FA308CE6F5CE1EAFCC2BD3876724A7A9848A10655C95394B681A31
S3211019A0F017672DA42BA68C720B6FB499F9C4652F427EBDFF57E0610B8EE48D775A
S3211019A10CD8EF75802320B21A52EBC8BD8855748C945AFCD020D1CEF05100E956A5
S3211019A1280A7450915288F87221C09B6012D3E1633734F4BFA63AB4694C22DCE0FF
S3211019A14426AF02D60069B580137E283237568D4F735DE1762DAAA1CA1AA27C563A
S3211019A160126D1444B1C2BDEE7E5EE8A525D3EE1511193036A43EA8307B17876F89
S3211019A17C54723CA9E2230C7CB722C484349A1562712CF92DDB3AB347054ECB1FEB
S3211019A1981FC5AA625BFF1F1258EA006604F3087E441A72F58F5916DE6D38A3D221
S3211019A1B491E7FB431AE84B58F8AD092AECA1A7F514C491DAC978013B38E22BBF40
S3211019A1D056439C92B61395AD9B951D4A3A9803A55BF7CF8DF71CDB6A8999F6CB78
S3211019A1EC4F193A7C9E341F419E790301C256D57DA4E7344F084F8335775248B86D
S3211019A2088AB08727A263944ADE97708ACBB576D8EED4AE85845FFCD974950087C6
S3211019A2246E84DE10E7418491B95C6A7E1919734F1B92F7A1ECCCB4FAEFAA2AC1B2
S3211019A24045B51D4B8099663F163773B45BF5AE478C11435358AD67393974871BD3
S3211019A25CD659FDDC9E3D326D5E4E6699BA3F727B7FC1FE37B8653947FFC73E7915
S3211019A2789A912E47E8C4E268FD964CF22080F39EAB93841EE594679ACB598050B5
S3211019A294B9DD750B8456D076056636169628940F3903956BE2EB6949B5C967761B
S3211019A2B0587579F7EBB2C0D79EED7B4AFA437B939FD4A5285CA345F5D511B9FE41
S3211019A2CC0806E182190969F317CCD4A052A400499F223E24637A0EAB8B49516282
S3211019A2E8934D5D73E265CCB6039E0D751D0ABEC99ADB07FB185AD24A8373107660
S3211019A304AB315473A3E5BB656A4CF85DCEA66EF8F24F97EA47FC2368B495E75BC3
S3211019A320D408CC4BBF51B0895AE9F62C6C8D917C11DD121E5F8D3F3213D22703C1
S3211019A33C856203F2D34787B53A87450CA8CC9FC4E959EEA5A8745AC1751E900D7F
S3211019A3588CF964273D19E8A692F7CA19B5BDAA5FE1F3024CCEC3E4C72AAAD57761
S3211019A3741C197C818CA5265B8FC53CA4CBEEDE0B558F9531C1BD85DBD8AC40CACE
S3211019A39014DB1011EDC5A5F1DB334B7500F58D692C757623209DAD9DFF84D3FAE0
S3211019A3AC65E029A17D9F88D4802DF0DE0A6FF5843EC4E0F9D85F17C086CA33AE58
S3211019A3C8D108C3E7722A2DB2FA6FF0A464EC25478047BCACA9DF1A11FF48C43D69
S3211019A3E4F796534A50CC844B4783AE8AD6AB409B3E8C1F5E3BA8187189A84E8CFD
S3211019A40055C61DFE54CAB777B36B7A37A530BEB8BA4E8A0E4A98286B425516C9EA
S3211019A41C308BA6C0E9EFFC033F4888A6041E02D74F7DF033C1AC09512F1379B527
S3211019A4389570A3EA3FB4F17494107D908156C59C7B9B8FC1588D5C422F6A43DA67
S3211019A454B08ADF3320E3BB9941D70EE3FF01360A4F44FA4684B2860EB84344886D
S3211019A470D429C3E14D5A0FCFA065372534609A9B47D80BBF77D1F0FED8E65C22F6
S3211019A48C3A3D85A724BD6A58A0977649806AF3A6FF7AE4A7545D0211FD251A20A2
S3211019A4A872600BAABACB533C88B9AB9B0B86C379539F1B1C25E4B98DBADC5EF11D
S3211019A4C403725D1E0EA797E8BBA400188C444F7FFC526430FE9A7475508D242987
S3211019A4E095A19E9A77904485650E3C551F583876BECFC1020F1C6904A2270EB655
S3211019A4FC5976CAB2D7321139C33DD5914A48B621F737A2379AAF924AC92E948F62
S3211019A5185010899AD1048A8426C2A7CABA7AFCC243467FCF009674D9461A692F95
S3211019A53449E0DA5596CB247ACC44CFB2B12F43FC45375B125A2526F3FBF1630AFB
S3211019A5509336F6F189FCD771BCCE9B42EF9880AFA6336B87930A3A9ED30CE163C3
S3211019A56CAB2D5569224ABC164DF24E6B89E3A059CC80D5931ABF1480B6C36C90DD
S3211019A58874B8B9B3008D039FCC916459233F49D99F56F59861B595B8119A6E0A1B
S3211019A5A4897B41EBD250848DC0AB65B1C9BBCF55D56831B9EF1E994A5C05F14F28
S3211019A5C0FB9DA5EF55CFA5D0434ECE2BBC9E2E6A297CC86CB9C72AEAB8EAF6D931
S3211019A5DCB030504986F25EA9AFCC9FF33025A710155534FEB399E2FA9B84157EAD
S3211019A5F883640DB7CA1303D7145F9DE759D71C3DBEB6A62505BCACCC33951EA137
S3211019A6148F61FED8BB3AAA0492FBA3193ED2AB1E3FA783DB4A5C55D14D7892A465
S3211019A630482DEB439682A66AA7783DF6D4A7D81A58C67AAD394DEA2383132B714B
S3211019A64C0DEDB21B262E0147302ACAF3FDEDE6FCA29FF3E6204F1D8F02B0A1A451
S3211019A668BD0B6316BECB9E471FC2C38F4A70B8395FA1AE330B53FD730AF4CC5F42
S3211019A6847B333A6E42FECEE6A95AD11AFBDF806F14D37C2D0F40D445EB02D4448D
S3211019A6A0F9FB9D19A0183674485C01BB59938CCDD610D9D89F07CFA6EFB1DFFA93
S3211019A6BC02031C004129F0696EA9232CD965F8926372F6B4CA72472BD0C790D617
S3211019A6D86ECA9EFD08771DF069749AC580EF0D59E4294A4588CAA3D005EF1C4C0A
S3211019A6F407A76186CB4A751728A7C1F5848E2FDB2070BC8423606C68BC5BABD883
S3211019A710460F181F7DB9210497F6A94417D113FAF2DCB294D883512DFEAD76D3C7
S3211019A72C77BDA55538E31CE1999E0F3346F1EC56A7FCC5818D66E9A330360CDBF5
S3211019A7485E09B8AD2E3E3DE835C6775F3C570FED964D5D3762DAE33E1F3603607D
S3211019A764AE2B5AFD8D5EF125A383C65B22D2C62B5BBB2A98AD116A9788E104DA6F
S3211019A7809826D05C33DC4414697F0CA0751499E3FF31BF052D97D451D9257187D1
S3211019A79CD4063210920EB0D6F50EDA0BA96622CC146C249D3AF37507A240443704
S3211019A7B8BCBF8E8D4D30F47B837B1DD3438C3B9181F5E0A7042829153862277FA4
S3211019A7D41D6CA16F4BB958298B2B93D301F59FD19C74F1443292F669EEAE8643CD
S3211019A7F0884C1AD765522FF54D2A776CEE5072EB0D2AB200513108F40544CA9877
S3211019A80CF0B9A200C4AD8A98F41A0A6744609B78D4DFB3708BC454E1EC7CC2C9A0
S3211019A828D308573935FA62EA2AAD2982D8FDF965A6B053C0A28288301DA77AC502
S3211019A844BC37C0948B17D488B6D04EDB74EF7D18ED8464662C6F4DDEFB57956392
S3211019A860D1D035D1F84310933DD413E5371C61BB30C0DE571475D0DAF8BD9142D0
S3211019A87C292E46C37CC6186DBD8DC4570B069B1547885E417861DF70EE7560F0FB
S3211019A898657FABFD166C451855329B8F8DD7F8080E66962BE9F9A878A05741ED99
S3211019A8B48B0E1962AA8C3952D87A1DE2886269E4260FF7F3A9224471A521B9AF2F
S3211019A8D049221A2673EA82BCF45392258735ADB6BFCA29FADB61C34B9130BA6BFE
S3211019A8EC768A58931C717D3D52B2E205CEC48D6FD7B40C73CBEA6C66BF4DBA52CD
S3211019A908B8A5F98BE5C0595C86D58F5C5257412EC884EFABFF78FDD02ECA22D156
S3211019A924BFC380DB2174A5D51E11EA8AFAE4F6A629F87B8D01221EB000ECA683B0
S3211019A9401231C21B58BD30134000E92B5A94DA430325397A3C42CA22DAA8C42941
S3211019A95CDCEF55C6A0014C8B154B0CFDFA2A5DE4BFA9A05A5F26324AD4F658D12E
S3211019A9785A066531A71A08BA0DDC1E9D4357690898F21261C0F8F614EE2124FA80
S3211019A994A880F3EC7FDECD6B3216343FD7DA9A746CBB433B8D7816AD2ECE4A0CA3
S3211019A9B0A650151193C5326EB7FA8F950E17CCA50321E501B644EDBF6EFC2D2C6A
S3211019A9CC6CB743696078990DB8811912C99303F98E682BA95A3F45E2C6B5854667
S3211019A9E86270F64DE4E9EC5787B2C7063440B82F6F25A7BBC3437452D1A59223B1
S3211019AA04162FF6D060EA1099391FF3C11A9A718F6E9F12B390CDD2628F7903C912
S3211019AA2002D1FED778F5AAF2162A6D6335F5F6B024ED6AF3510FEB287B4FE524A6
S3211019AA3CF3486CC905AD6CE2A1FC80CBBE6437AF5313C44754BAB86B8AF93C30DE
S3211019AA58649D756C64E23A42B65CBE5CE7F4EF393BF50C6BF4058DE1AFB72F81BC
S3211019AA7409EC2622526E06EBE7B4FAE2D7F40A52BF90029981CE3E3A042AA3C1C8
S3211019AA901F9787BF2B02171A53C18894A19B3B1A6FCC95A1B95EB9A56570982BE2
S3211019AAACEA51A77E7223FAC3A9ABAA17B694421404BD25B36B27E374C05D7E2EAD
S3211019AAC89B08512727EA12D32CE94A0A2DA377C0116A01C98434F0DC31D479A0DB
S3211019AAE4D78825936546F70B1F380BE6481E8C7265A542E043937DC1F77785CEB6
S3211019AB004ADE7A8DE56F82A22A5A7F0795CB104F43B1993A11D05878918A932252
S3211019AB1CC9B866FB0F582734FEF2117B6CE3BEDBB1B066A99189F27632230BFE96
S3211019AB3829973807BCE756F4AAD4743E9CB65B7325BB0101E7436D8FEDB3002CC2
S3211019AB546A771CD13F2021CB94728BC34D2A15B2E81D78C8832DC3765AFE8A3FBC
S3211019AB70CFC5508A4B34AA2C1F485CA481016765B7012EC5C51D6BA4DAEF34BBCE
S3211019AB8C432838A9D9EB43DCB2DFABB600FA834F093B8A497268D24C140B2C58DF
S3211019ABA8559983C2D2DED055CEF038717101ABC960F1380AC39629B8B7417B9D30
S3211019ABC41C8D9CC2835D0BB0E586DF8EA729EDC1DAD84ECD9390E523E1CE52D481
S3211019ABE06C88B2D50E206C69027FB625B068376F8CC27102D075FC5EC26DCDE74F
S3211019ABFC00698BF669C2F72DC80D9F190C1B654B872BBB43702F91422A9AD7D0E4
S3211019AC18677D49843F9D0A9A381C104FABF12F4E58D4AC6D1B9ADA5853229E0FA6
S3211019AC343D8A2F118231FFD89A1175EF15A7C8B0FC4A3799807E70B475778BE36F
S3211019AC50F0ECBA66DF6A2DA7DDB970E8AA5F73A33BB437DFA465F2650FC331A685
S3211019AC6CE1273A575EB08AF47700187AF7987B0023249C480EC6BADBEAAB10A18B
S3211019AC88BA311BDFA9B801B032A3DF4AA342EAA2DEC408F10746C35E7A3F847560
S3211019ACA47081E0B75304A09AE12AD4DF1B4C0CD47E1C08CCD3F099B00B5DE8E39A
S3211019ACC0504FD0848118ACCC578D284FBD9DFB1B306AC2DEE92C0DC76482FF2E44
S3211019ACDC988A71D7A751D64D58327F4D1820372C9140C54C6BE38F3FAE94A48A49
S3211019ACF8E1C07C2F4884498B650A9DF7BC6FEC14B3C2F669DF0E1AC28915024A70
S3211019AD14C42B8B23E99E247956561579C7156BBFF58015B4841E9ECF057ACA87D6
S3211019AD3053E9C828022B4F1E68AB33FEF18E1F868BCF12DD4D50BCA3C3C5112E9E
S3211019AD4CFFE60FEC1E1FEBBCEBEA3F2257C604BE18FB2AD5B6EB2B0EC806222ED9
S3211019AD68F53E4159A1517816924217ED22CB6250DC022A4F343199D8E9AC35CC19
S3211019AD842679D5F056766D897F1C1C474E0C58B0D4412F11077294E4BD807E00FD
S3211019ADA0EE4755DE669304A85E1F0FF0F37128AC5E522E1CB254584E718D204F94
S3211019ADBC7EDCA429A8E3868A9F187E556F1C0C929E0BE42144DED92E225752D362
S3211019ADD8023ABEB5BFCD13DFAB28668BD6594DA94C2E41F301009FA88C3FC8FB96
S3211019ADF4AEAF54F0F10562A02FB8A41A0E71A38FBDD741EB63C7A4CAB4D1F692C0
S3211019AE102D5C66D053C7165761BD621AA446E02C0D67C3E80EE0ACA10A1C691820
S3211019AE2CFC7ADA2866390B559EDA128B1ED910955655F6D568315B46ABEF36949F
S3211019AE48592E35FFF04CF7B2C8B56D63983D0E6472AC63B86F0ED79859EAD50747
S3211019AE64AF7796557220F2B4B5E9619A844571EB8DF9FDE77DCF11530D119516B9
S3211019AE809A7C94FEBA38652D2C0C7FB9560299DE29B3E9F3E3C3EC05567BDCC25E
S3211019AE9C3AD684E14521F948BC66C15D772AF9F5587AA43392EA6453F02C5580B3
S3211019AEB8A8C1B63C747BDDFEC4ECE9DB3FD53ECC0E25A358E773A86E562E875798
S3211019AED41A1261233F604D871BC0C807DCB3FC3BDCE64298684ED1F64120B3FC77
S3211019AEF04E418C29C7A84C29F9601E54976AE6BAEFC34EC600DC92A68063B8A965
S3211019AF0CD7B9EA8E9D64642C9D32B0CF516187CC0455DB93DAEF4E5435DCF4A136
S3211019AF2822AE672138EB662E4FDBFAD3AEC8C850E88ED5E800EF8505C6942B9D7C
S3211019AF44B9F64983C69FC6BD8B8A36F33A28F75B4288BF2253E5E4CA4100EC931C
S3211019AF6001B08A7808D38D7575FA8380AF9E0D427C4940EE11FA6F2099016E680B
S3211019AF7CBD31C17DAFA8A7D74470B6D7E962ACC87AB5090B13140042B0459E98B2
S3211019AF98B83CAAD732EF8890D53551E784D17472C7A56398B5865161F52601993A
S3211019AFB45A342BD631E8489D672A95733E672B90510739FD21F7D4C6D1C80CD611
S3211019AFD0E99883C25F5DA0FD8DD9E4D51F0BEFCF801F1DB588DD25E44EBA534B8B
S3211019AFEC70616F9AB55875C2F637CE0096F611B4EC87753B2B2738D8B6E5C0EDE3
S3211019B00863B4AE5445C7D23A4D81A1E20E864C6A23CF2478D0020C5911B88F5BB9
S3211019B024D6227DD4DDFD6515A204449DE6DA575DE282DEF8A154E191DDD7BD8CAB
S3211019B04096D35C643F492CA616B751EAC27D78A8815EE40B59F0E121150C77A288
S3211019B05C174B26C9A7A8E29FA81D257F50BCE2107A9F1A8CE3CE378FB78160F85B
S3211019B078D812D3823F5B67C2943296A6842D22126A5C1284C2ACF469DCD1E36C81
S3211019B094D3ED43CE9CB883DA9BA3B589BA20850490792C2677A4481BA5BAEEA644
S3211019B0B09AF86F3588D9A53996B5E75DD85F42B89C919B228CB0DA616C8E46CDB2
S3211019B0CC2CFC54D142CF23DC4C2C97F08B91477B52FEEAEB2D01400C1FA46F44EA
S3211019B0E836A040A0ADE4AC9BBF709A776FA49EF814E5F1750FE956834258FB6E73
S3211019B1049528CCA7998640C4CB54D9B174CA929A1DF0D83B0D4E14BA5E2652B0CB
S3211019B12063D4E8543C9BA4D5979FA3008557BED91A0C1E7266A63D17EC11F0AC26
S3211019B13CE013C5A53C10FC8E7860642F133727D8F08838B0EE1A9479305AFE5F85
S3211019B1587099CEA272ABA380EC297B1077ACD28A0E2B573708292D3DE0FED27B47
S3211019B17473C8950F54991A7AD5A6652237F06F53F34B69E777459FC8330233AB81
S3211019B1908B04C84768BE62C59ED702A78070B9C966ED1C3AEF407C8F82BD902D1A
S3211019B1AC6AA42739D3F2B78EAB472EF30DC381337FE46C5E9AE1F8882F6B6EEA2F
S3211019B1C8EE870B130E16786CBEBFD94243924775D1F3E499873B6E1E0F31B500F4
S3211019B1E4FD666A9FBEF7CD564FA2228E4AB72813D2212542301225028B1D29F972
S3211019B2001580C80825641EF91CE1A22FB2494A2CF1387A36855336656E5C4F3228
S3211019B21C01F17FB0E185BC4C67289D241D4E9D79760E7C4462FCB2E07BAB42608B
S3211019B2385F91DA08439CF44E0FD6F93CE34257B9138582D2A784BD498DF5245175
S3211019B2545FCE926AB642690641EB421844735619C3D24A3B1A205DFD09FC52ABC3
S3211019B2702F1CA0DEA9DAC1F2C123123248996E61B862941E7E58BF6003D2BF0463
S3211019B28C071EA009FB690C180C63833AB8AA77106B6ED0BE3FDB267B1C0EE02DB3
S3211019B2A813514D24BBECB51AE8DE45FF2EB949362DAB17706DFA8C8A79ADF66E3A
S3211019B2C40A9BDDD1BE93493A12102733DC849DE784643FFB130D075829574CB794
S3211019B2E0D5166D31F32F2BB178FED73DF0F81C1689B4CB5E7BD21B84BBC9E8BA80
S3211019B2FCBC386384AE798ABDF152F6B53A46DBBAB40AE79977D4939F380C364D39
S3211019B3188E52DB63A0631D381E563824D469A3F469E182BCD40B652EC2A0E9B3D8
S3211019B334946C92BBFF7369B6CD3264023AC284EE0796486E4A8BED4E2BB8E0A94E
S3211019B3504FC059A344EF038F1B864ED892207BEB8D4F2C921EAF3547CB11F5E26D
S3211019B36C1F613E56A1C019D67204AA3605E8F6BDB98F1DA1B8A04AB57E70CBCE58
S3211019B388BD27DFB3458BA43BA8B516D8DA942C92ECF529DA97F9A708676EAA0F2D
S3211019B3A43FB867D0BD2B3EC43F8A86EC1B590477011FC6E9F266C1FEE0906EABAD
S3211019B3C06FA5486B0EF5F6431F8AB1917889C9688E2DC66ED90B83185B4D0E6698
S3211019B3DCA0CE81D682C443CD9EC0190D028B9341AC57DF35BB992BB34D771AE916
S3211019B3F818B9202262B7B7E3044F36C32F73104364E95554F5A281AE4D6DE4EABF
S3211019B414BEB3C038AB0739C7F81E8A83B5092995BD4FA8597E833D4D83DB307994
S3211019B4303171BB579548415080CD744C3E7ECAF54AFB6903AE4A0E09C31A8C3EC0
S3211019B44C67FF1590CE3A4699DFC6926E14505E3F8057BE179FF8478E5EB6532F6F
S3211019B4688C88D8276487D739DB0DFE1029D3BDA14AAF1DFF96BF2778F9A780F220
S3211019B484E60E9B0DC4A7A831F67642EF71FF70C5A5EAA98BCD9623C9F83690A7E4
S3211019B4A0F3DE9782398E1BA751F635FD779BA00ECE2CE63017CF12560AC7B1AB2A
S3211019B4BC187821BD6E469F0CCD0E1144FE66A7F866D840993AC60E5ADAB750DE07
S3211019B4D87BEE428D73AF9B30781C3DCA6FF9B6E7E1FDD55A8E5B840598830CD8E6
S3211019B4F49BDC6815D22B82DF69BB19AC29671E4031306CF72850817554CBC6319C
S3211019B5106BDA85FC36C7BB88E9466784DB9E1924B2B8104A1770D3201AF1AE46DD
S3211019B52CE59782909EC3EB336B150D077321D971DB4B6A70C0B66D1EE197864412
S3211019B54881A57439D40CFE09DB17247134E98367D143FE4135B060DA21289F2CEA
S3211019B5646331AC3C1FA357ABE981FA32DB8E3C55373ACC4576270D0D1C3DBA0779
S3211019B58057E267371B01782E3B4E4254EACF1217330917D4EB83E6B14D2B226BB5
S3211019B59C2B7BA2D05F65D513441BC3CB6F977C668653167FDE50DD0DACAA803A35
S3211019B5B879BE470EA9DFBBC5413CEEE29F31B0C1FE033DB568BEC4EDE06C615659
S3211019B5D49092C79DD91490D89B98097D970A6727EDD0A14F10C29755E6BAA2C7F5
S3211019B5F020743BF52A979FFA9270AA91F87BE413146E7A143F513091C7B0B7A319
S3211019B60C71AE99C1E963242E3F4CDBE3CBA83A0C3C688F3414505A195282A0B870
S3211019B6286B213A1D589AB5D65ACAA7CF8720F79C1A9D28CCEE33FEE4511EDE198F
S3211019B6447DB9B34554C9FD8AAB1B0D8C8719236742F929A9156558D1CC5CAC7369
S3211019B66008FF689F13F9F8F14F463354AD83D147B2258E21122AC2A0786C876544
S3211019B67C953A80E718139141DD9E123A7C24B5E5D624D1A5A7DC47A16D5E7B35F9
S3211019B6981CA7D2A68DB075DE412193539ACDB94C85F1FC6A78EE26F5DCEAE00FD6
S3211019B6B462E533F45DADE3E5900BBA4187B681D83CD0B749A896808483C317A292
S3211019B6D021A0A45454DEF582DC20CBCE8FAE01C9F19EBB3289F0C4AE995BD52FD2
S3211019B6EC3B15381054FF062A8536709E4F78A0709F40406D218755A47668ABBBE7
S3211019B708DE2962776FA63DF009133ACD5E0B4C014F5769C17D6846FAC7948BFB25
S3211019B724BAE0712EC27AE367D7D3460F57A14D73AC4229F28D9F8A753CD7534684
S3211019B7408AF539E52DF4F6F022D5009AACC4C495A65E43F593C543ED92D8E0EAC8
S3211019B75C535B654E52DF062E35B3163FFBEFAD1D4292DF3FA4E4AC2310D9692D23
S3211019B778A0D71E018B90C47B559D82713A22D9961C37084775D0C1F1ED1E689E3C
S3211019B7949CAD92655F889C7D1CEEAB754C226E1EA9B6D473B07BA757BBB0166353
S3211019B7B09940A1AFE70F4A40F7FE9988DE840964FA489AFFDBFA6FD3C297ECEC9D
S3211019B7CC8DF714B37F8BEBC1F93B8DB01F38EBF7737E0D88D866BCED50A2E5CC77
S3211019B7E840AA9F370244ED2A6BCEF71208657A4B27CC977C82178F7EF88C84CC05
S3211019B8040A502C9E4B0F4904AA1239615BF69118010AE5CD45A87C40B375AF128F
S3211019B820E98740B690D9667504B69846546A5B7BC76D549862895CAAE712A04419
S3211019B83CB3F2F18B69028C1D8C6E13855BE2EC798A0E21048F69373E1282364F15
S3211019B8587559F9BCAF1F179A9678C75E57878842101180497B0793F5D05433423B
S3211019B8746F79BBF3BB37B5515B98F4ECE2397B800221019EDA3F0827A3B24AA1C8
S3211019B8901431C50A2BD32A6245DF439DD98E211DD1D0B0473F7222BF110B6F5C15
S3211019B8AC7CB50E964F877E95B16B64B31A8ABA43EED2E6DFF2F65823D2586A0142
S3211019B8C8AD9CE09F951686E672C8C1341CBC5C5E4B9A67A118331CFF6EC6F58F8A
S3211019B8E4EEDCE0BE4E19B7D938156D7A4E08D361E41C1FAF022B5812231D189CA3
S3211019B900180C011F9FBB66C1483D2D96A75D25D5C0CA006761977332A12A3D8AD1
S3211019B91C4E37A2388B5278DC8BA4F9383B7856D4307E9C7D98B2095515FABC9346
S3211019B9380831AA21C7957BFC3E0B34E16F4DAAF68F3500C3DE4653C6965652A091
S3211019B954ED354A224D45971B67B40111A506759F5BAD0BC9081159522A6B004075
S3211019B9705E813036F60D37D9DAAB386BF94EBCBD2DF9C4D0AB3FC97C10051F2B04
S3211019B98C8E9ADD7A61D6B52A8649C0BC1EC8D32009E7C3A41DEA32E85DF355F5A5
S3211019B9A8E323856600C917D54648EBA22A98549FB86CB2AB4EC3794337DAF2A3EA
S3211019B9C4AF6DFADE28CB5BC85753F2DE140890D014979BC9A06BA22ACFABD08385
S3211019B9E0117647795A6D1B151766BA7F5D9EC836BE40B25C46AFE87AC77B8A4AB6
S3211019B9FC2619892D2DFDF87D302F3756D2E1939B59B0E8BC053D8EF261DA1FD303
S3211019BA18AEB1CB454CAC9DA8D9C3D0F6C830481904538A2AB59DB1816FFB07CDAF
S3211019BA3450D6E9117DABCD58815BC7E2A827E8AA87D92DE00AF509D00F73F69F18
S3211019BA505DC6F4A7B09A07C1281FE28654CCD8134CA1FDB6ED54487836E7399496
S3211019BA6CF8072269F0656FAC3E0E7F08ABBB172BB196FBA1E3F1A1A5139EB36554
S3211019BA885065627CC74B7942D06A98992DEA860F98F6D6552EA983DBDAD6144A00
S3211019BAA4EE148444647122BBFE98CAA3D4FAF1BED3ECCB1F7FCE4942BD3A58CCBF
S3211019BAC0A2D86DA5F3C116ED7984047540F6756EBB1874D3D86F7A0623F9DEAEE0
S3211019BADCFC2FD95D00107AFB0B45FDB29CB1B5B914569CECE7B55A9F91E350959F
S3211019BAF8F32681E3D144669EE429AA17AB2D8E8D2E736E7B3D672C92ED3D3B4A11
S3211019BB148B800C2EA0378FA28A41058A57022203A8EC75484F031187C850AB9B28
S3211019BB306050CDAA5C204B6916DB150225F0C7581CC2BABF0C55FF0E7729466626
S3211019BB4C785D36116C40B8ADCD93C43B598CCB80332FF9AF02634E573CDABCC646
S3211019BB68950267C11CAEFE89E38004173946917CDF9D57D0A307F21D8611A5DD03
S3211019BB84A4A1C6C97DA53470B8291DAF11C3ADFB27344C5275B464CBD084B5FF5A
S3211019BBA07B491038014F58EFEB1279A81364D74ED7A0ECB947A286E19D88D25E3C
S3211019BBBC94BF14BDB10F1EEA474B1FDA725C55D131EE608286FEEDF1D9A050287F
S3211019BBD8A7DF3CF357EA860F38F5CEA56A32624929DDFC67C853991258D450BC49
S3211019BBF45B34997C9DAC586925FCC6E4732178B547E1AD9590C4A5E64190E66864
S3211019BC10964EFEFD589FE275EB8380911A5E52D6DAAF595989E65B1D2B3339766E
S3211019BC2C7A7D04625DD74CBD1C1C9919E8C1B69ACF2E301FE59888D163A1D17EDB
S3211019BC48A9B629ED523B120FF1597CDDD368A4845D1BC57E4108FE7DE5DC3129EE
S3211019BC64C0594A504B0C6DBD9A8D1369DAC00BFCDF7B191E7BBFDD590D31CEB35D
S3211019BC801A4CAC62BC439ECFF78A581AC0C727707C8089299D314D46DF9118F8F9
S3211019BC9CD473597B5024FEC1D25759600FA48D2124DE6326FFD84A490EFFA646DE
S3211019BCB862CE80200AEFE1B8EA5670AFCB572ADF759D03C3C459663C99D3B31C83
S3211019BCD44368421A6123C1A8A165F30763AF0B257E6998F55996F9FC3177247556
S3211019BCF06BDDFC8F0E63832E52040A87C7CEF6F28395A77A873E4A64709F2AFCCF
S3211019BD0CE4819DA6ADBAEA8ADEFAA4BB18E29E1CF50F8F3D3A0F29BFB340D8A111
S3211019BD28FD1ACF1F9530DDC3F35667A6559EA4E503AE3D4A078CFC74FB1465D015
S3211019BD44425AFFDE751D134A475E450B89C62A874B4FE8179024EEEDB984AFD271
S3211019BD6024D5FB9E38740750FA438E9829ACCC8F5217C78FF704ABC92E0538F8DF
S3211019BD7C10B68D04FB3E597C4CC2057DA85719D16C943C4FD4464EDE8E1FC7D188
S3211019BD98645BC39CB2419C0861EB30FF5B8314BC692156F6AC726AE58799A4611A
S3211019BDB4FBFDA7B077E74C53139365F9E11ACC2FD01AA3E25838E9AC50517BD777
S3211019BDD061A9CDF01D598DFB0588EC5E72EE9F6907072AC8C7E97D7BAF253DB1BA
S3211019BDEC4DD4441DEDE7C2B9171836C1DDE80D005F64693F1838CDE0463B6BD817
S3211019BE089B43DE7E1DFCE3C3D75B37DFFDB915944CD556853F96F15C56F2416048
S3211019BE24F4D1E218449CADBEB4C138F4E8207919FEB87CDEFC3D1DA60DC0EFB412
S3211019BE40746F46303B9F1885FD23E6DEF32B99BAFC479ED8CB74A42849A23F871D
S3211019BE5CE10D7732693827585B59FC29931529E0E3F317F7F2E377209BA6A00A1F
S3211019BE7825E5B80476E9A5D0D6D5ABC5DEB7FF7EF70C69F5413A0E6E6F39ECBB11
S3211019BE942DC3ABA37826C54920C90BB09545259981D3D8766B427CB15FFD89FDDF
S3211019BEB09A21A4AEE5894D2CDDED29B6140E33573C455B8949FFE3924816142B3F
S3211019BECC2256D746F805D7985E94C5F906665249E65FB66215B069B9EFB076D842
S3211019BEE832DA8188C0F70EF7B50C1D6F93C1A3E04996FD6D3C938460D48BA172AC
S3211019BF0433267F467FD05F7AABEA4214FA6146DEC8F13D1FF0F5A9FCB1E3ABE084
S3211019BF20FED62A6E3E7B9FDE6DAE5714F3B4B599C48E3883FB303A7F4523BCEFB5
S3211019BF3CEFCD0D6400837167CE57CA587AEB33D5A07ACEBF641F9988D41E9DB3F1
S3211019BF586E551783248E83CB6FCFEDCCBA27776B719F37E41607DE7C3001B700FD
S3211019BF7409054264547C37A1B73EF32F5CC8FDB314535183DD1E63F84AE0F97B0C
S3211019BF908D7C5F644441E8D10910BF4E45D756FF353A31C405D45E7D3D3F3AD522
S3211019BFACC93EF842A960E18BEB6A7CD1283873C771734EB3B155C3EF1F386D26D1
S3211019BFC8969C228D4E8CA853D52ED0476FB4464E09E55E5AEA87E65AACF56163EB
S3211019BFE42B2412D463FFD4B1BF9FA6EA58080E0A451B3E5F6CB39EDA8C8872DF97
S3211019C00047850B1249EEBA0AC93655DCBF50407798052414AEFA3CDDB6B02D33BF
S3211019C01CECE4BEF56C239953BE7B9FD778DC28545E3F7143E6AE2E2D76A4AFA5AE
S3211019C0386F60B8FAE5BCDA454E5DC2C708BF6ED03CB5A5B6803B0A097B69BE3A4D
S3211019C05434FB8C6C34BA54FB45423B590BF1CC4EAB5F939E9285E01FDABD704371
S3211019C070ABD3CE268AE8AB595A46C69C942065C71866D63370DFFD777A070E39A9
S3211019C08C2FC51DA38772EC9D470A1832CA3C142A2F7704C398B46F48D15EA86AA3
S3211019C0A84CA7FE91A556DE0B76BAACC3679E3B6B5DB221CC7AC0DF1D76EB429B2D
S3211019C0C4A9552DCD2CC80051595764F23E3434211F2313CA98171D79E7A180AC0F
S3211019C0E03D0340E24BB656C89E55DEF3D709CA1CE45BFA0980E8D83AF7FFD8A2DE
S3211019C0FC73DA3249C7E2BD90232D4D49DCEEEF80E1C2F9EA9C2A27C799829B7CB0
S3211019C1186DCBB706C02B15C5A5BA7912C72F99ABC13E60EB88FB41B25417656707
S3211019C1349328160AFCBB333A32FE86AA53E23A6DF5F5E88D34085D49F97F9978BB
S3211019C150CD427B0478CFE613976E4535F98807622CF767E6B309241EA8ADA664A0
S3211019C16C06103ADBAFC06BBBECAB5F0FFA1C01B3652C88D1BEA1301BEDCF8924FC
S3211019C1880C2E79245997E9AFA1499078CFA3C831BB0FF43E608D4C1E499E1A1C40
S3211019C1A4907B401BEA69BE8062CA53E284A24845598E331D9754E67FD63060FD5B
S3211019C1C0A8933B9B4502C43045DA9DF71D9FD6DFF16AEC88CD55E79630A5E2B9E6
S3211019C1DC2600F91D81FC01D09B73FEC6C1AC4E07E71E9EF46C472D68362A80A299
S3211019C1F848D2D6002DB9F79C023D57FAF205482E27C7C9DF1F799EDDF12DD77781
S3211019C214114C5590D12811D6BCE52F88424EE4C07038132382DC3286E8C7289DC9
S3211019C230236ADE12ABEC6845F8683260B9C70EE75BAA3878CFEEA24FF688F4AB1B
S3211019C24CB8F3DDB57CC5D727BA55EAB59FF1957A587D4C82D661B9D4383330607C
S3211019C2682E171AA1211F62F66BE8166F3B1667BF2C80CB6850214BC662683E102B
S3211019C2845B4F06A5CDF2A2884E5068B4D5FE2E99F479253AF6F159AC5910B5BD4A
S3211019C2A0B147E831EDD6CC1D8F8AD5BC35B8151A39A390E71571DC8B1BA05F1F57
S3211019C2BC02E71BC8AAB40CA5C62A842D5161DE9DEB1A8D2A4A79C73714612B462B
S3211019C2D80A65E9457CB6F04F137515BD04D1614F58EB6A4729F46D03F3D3915204
S3211019C2F47A097997A39A4616AC015E5D754BDAE11A8C8A50242C79ADBCAA7F49CC
S3211019C310085CFEB977F463CD82796DA47047BD23767807B383609A12D4B9758DC3
S3211019C32CFF0E896D6E5F3BC698625E7CF6D448784824E61A1426780268599B9C7F
S3211019C348412434BEBFB4011B67F0818A17208CAA03405F9FF882EDDD2E149C5141
S3211019C3646F65E97E1341CAEEDF14E8C6FDD4B4627493CAD75C87A06C308D5128F2
S3211019C38050DF7BF7D3123B1C508262D615517984105877DF9E5CB8D7D8A6FCA4C3
S3211019C39CB4E4A6094F30F7837D38606740CCB7D0CF191D1FA1BDE428177107CC1E
S3211019C3B8AA75D5CBDA99D182E4E041EC2A3F706B8936A08DF81C1C87472A41AB80
S3211019C3D4E0B065B231AD1E1158550B086155CDF81C932F808828A83D9B05212853
S3211019C3F01D0C468DD9321B211F6B5740F203EFCEEF9D06D02AD3784E5CD9721010
S3211019C40C36EC9F89A40648BFEADED47EAF586B3ACDFA13494AE2A7AAA4C4FD9689
S3211019C4287BB613468BADAE4AE30CAE33B3DF90E97D69FEC2DA67F86AD2948546BA
S3211019C444E631D3D2D232BC2056D879A7F040E799164A80DD94511DF9AF670185BF
S3211019C460D48F631DB39505AEB2D1C33C60789C647A712798885779F9F571F9CD32
S3211019C47C62FC55AACB6E9061E860328F796500FE50C4DA8237E9130AF240CDC499
S3211019C4982605F44AE76EB454D02CB5C9BE05CAB2DE07FD5AF5DCF9377633C2F73B
S3211019C4B4BE9E4C91333A464EEE0D574EB7FE359E4589EF382C0A9C594F1659718C
S3211019C4D05BB426953FCF45B2D2920EA042135F969B44E537696EBC1A187F14DAC9
S3211019C4EC2FE4D0F9CF230FA543A6AD3CAF52060F04C53B0646AB656F34952BCC0C
S3211019C5081CBF05EBE317985AB13C47302541FA1D684E395A6D1090B80F2C89641A
S3211019C52488BA5D3398CCD13528E978F84E294C978E14821A65BA4CD80BB46BC347
S3211019C540B291827B4062B08D85E00BE89A68BDC090DC92997952AE3E024259428D
S3211019C55C3CE493E402AEA798C50AFAB5633D9C96F475D2C524A1C61137887B9454
S3211019C578F275FFCB39BA066A121E9531E8DB0DF78E0D6E94EDBECFBA574F3E6E04
S3211019C594CA4D13D96448B08EF8203AE3FEA624F4D887BDD3BA6740F0DCF6DBF1A0
S3211019C5B08A1699BCC91E8F8BB13BAF21474B24F5C8C1782FBF212CCFAEC68FE2F3
S3211019C5CC8FC151052D45307D6D2D5E335AA6AB13E51D34A95760B2417CB88F3AF0
S3211019C5E85CEB7367496CBDA7A0CDB8923CF2FF7473512092004C91D74F19075687
S3211019C6042CEB50AE710BA165984598F50FC9BB0D41093C969DAC2A52BD6C466C8E
S3211019C6208D918732DCC6B7B4AC89134190D4EA12EA8C15420DEF9DF3A9F0C7FF4A
S3211019C63C7CFA2C47C4AC7D7C2781400ECABAF0051110748FF5DF38FC7FEC335BCD
S3211019C65897C248316008DB8B2701F1866D6F4868679EC7D47384CF4C52A5E26FD2
S3211019C6749DEA667BFF093B70F623AB945196EFD5927C9C49C7B08EF587787D599B
S3211019C69053A1B8003370F5BBDE3A648A301296B9153A268401CF898F54C267BEAD
S3211019C6AC7AE55A252469527297D3F0BD4BBF65D7D2DE386E334062945A634E628B
S3211019C6C87543A1FBCCB25F318F139F5573BF25D4FDD88EB389FA1C4FFEE26B6154
S3211019C6E42D9D23C2061DD8B989F07063207F702A096963BA3513BAA97FCB1F7010
S3211019C7001AEAF8D668AE2D57F7138B15B8DCC8ED7FB840FBAF46C614E7230E1A1C
S3211019C71C3586950A0ECE13341207A25DE5D3FC099069B8F5C23D1880DE11B70895
S3211019C738F9CB6AEC686F664890106D058EDCF16267877F5BA934AA125BA61EF3D5
S3211019C754FA4592F11A7B84B6AC9B12D99E7AB5B5B41AE1770F14FEB5CF54E967E6
S3211019C770981AFE2F8D7606A9204C8A5F418662628306932A8DE0B3F51393631990
S3211019C78C7D5D313D3003ED53B26053739490278A9C090716D50A78A5A8D0B828E4
S3211019C7A8FB3D3BDE5DC6A00A01648667E6888AE99AB39189AA5A6CEC5FB5901A74
S3211019C7C4C51955564CC6B16F16B392B9A2F8A61FF3366861DCEDCD8DDFA5CFF89C
S3211019C7E0CAB4550EFDB7CCF628A47143A70A4A574D67432123F8FECD5064E199B9
S3211019C7FC7DEC81732AE91D6BE4B76EA0906EF7B7BDFCAF1B81E1C7092C027A85C3
S3211019C818B0984A105F48FA5280949FB6F320CE8B3DEEBB9BB7C6E38BA5EBDCC6CD
S3211019C834246D7E69964AE15875333AA61C0D643DEB6C0A063ADF0854FAB78FAC0E
S3211019C850B77F0E3C3E0110FBEF75C9CFCB9B0693AA4CDBC4F65DDFEE8BEB236327
S3211019C86CF9A36033C9013A8C1241094959B4D1CFB16706DBC344525E2C4FB80687
S3211019C8888AE858BC0032E523E14A61369E7EFAC57A0B54F525E7D63D6B7255F2F7
S3211019C8A4D99C28440E859163A41AFAF63017EFA2EDF03E686BCD75BB933CDD8C38
S3211019C8C01B2CC670465869830ACCC43108762965D7E18EE9280E7CC5FDC1343B7C
S3211019C8DC8137B8692D6F885803F19EAEADFDCE1B6FC52211AE87731662ABDB2BB1
S3211019C8F87A80C8333FC4D0A70049261EE1D81BCD1BC913026FF786E0578B29C4C4
S3211019C9141710F7016EFD24C20A05FD182740667BEFD051B1718E0AD7345CBD8787
S3211019C930B4BE6BA8F9667F8B21DE89D229B6EFE551FDE75352E42FEC843131AE54
S3211019C94C4DB9FA583D59A01DA6B684FE28F8744F2D1E23EFDD0D40B913F8E2E522
S3211019C96887B63D19C4317A54712B7DFCA76D513FE16869DF63256318FD652F71DF
S3211019C9844756F35E71DBA9E753F0C357F1146183366BEEC82D45D10973B849D46D
S3211019C9A02234514B65E53FA98185E3A72E73D1332EE280610B117AFDB49D26DB1D
S3211019C9BC148405752F3A80132579930FF30F6C5CD9789DF5B3835AB1B5710220AC
S3211019C9D8DFCD8279D464A0446BA69EEE90ED1558B03FB30D1C37DCDC512BB702DB
S3211019C9F4E335042D83B3AF82690880648E1B367898525E488FCEEE01550466936E
S3211019CA109DF554383D98368DA2A1BB1A278A33A63BF7C5EA2C6DA2EE34F9DA75FD
S3211019CA2C3C8EF280C37305D0DDBECFBDE06E2BACEF9AC995A0A21BA07D30003863
S3211019CA484AA4EB74478A358957B8562DE8B3BA9029C79E0E7C2C3B7208F8A3D1EB
S3211019CA647C8E2719678A67258D0A242D96AEAC3323215EEACB7485BF8BA218D988
S3211019CA8070D08E36812BD13FD6285393FC06A5F7854CBD476999D11A0C8B1EC1F1
S3211019CA9CD0EBF5DA8D448E916A3CBA86433136BAE2A7F42B0A2FDBB55D90639337
S3211019CAB879FDFEC99BDC24F3D136856787DD739FBC506B5053A2E8972837FDF078
S3211019CAD4005270ADA5C3BFB260ECF130CEB3196526E9F93E318FD422DEB045CEC6
S3211019CAF0BB9008388AB49649985CB4FC6B0E358F33CFD9F7A242CBE2BD5F497634
S3211019CB0CBEE60C7421E3BFE38873DAB008B336F5EBF481B6594DE24452B39680AC
S3211019CB28420738C5044CE492C7A292FA91FB8BC5D4E28EA8BD2DB35F7EDB5C1335
S3211019CB4492D3EBAB3329672E6273BC311285D8BED330E633EA78BA7767E68457F4
S3211019CB60B34230A89BFB3EBFDB128A5BB69E79C5047A3E1C27D5BFFB57041822A3
S3211019CB7C4FB0859858397610332275D8AB06F8847FA64D381F97C89D9FFBEB061C
S3211019CB98E9C6A351E0FBF423218C314C8C57D88DA32405F8B9D1A4D12211693CB0
S3211019CBB4FB9FFD02F4C48E24540C02433B0E9C016C7B56259BB768F8D3509018C9
S3211019CBD0A3FE16133AD0F82438C815981BCDFB7E6D41B544ADC4CF63332621E96F
S3211019CBECF343922BFAAE118F776E9C02BD7688F15B61B6D3E863075D461CB03B53
S3211019CC08A9CD51FC5232E55BC357398A658F648C49D4E3FA39ED2406BC69C2B1B7
S3211019CC24937B0035341BEBD61CEB5CBDC581CE93EB0C6F88FFEA70BCC905BD22FB
S3211019CC4039D02751C8A1360FC667FCC5387ACEB28BCC35AD980137E6046ABFE45A
S3211019CC5C710C7F52409CA68E7B8C451CF6F057B71E21C1FE4BBBD4B2360ECD0731
S3211019CC78B626839634584CB72136194BB0E5ED28A020A1AE682A87748AC4A47486
S3211019CC94CB622036089AA11982C4D62163E3F5CF521A300DE6CB94DBCF5E404AAF
S3211019CCB0DC8C6F95A466D26FD37C856E6F97104B87CC031759485A130E5C504961
S3211019CCCCAA1EB8F18CB8E949B2DFD5806D240768F60883D988610ADC37093D208A
S3211019CCE8139D661E4EF99CD3E2626E2E826C9CD33C25D520E67B228438A6325D10
S3211019CD04F45113FF7853985B8EF60632F4777999E22B78B8293DE6322AD71B734C
S3211019CD20C147A9C39C9D280A04B660FB1F48585A6B913BAC301EA82FF5FAC835C7
S3211019CD3C9E027A83F3A25F4A0B513E6BFCEAB78B13855C6F374C86CAA8A5CC2530
S3211019CD588FF307859A8FB2EDE7F0A38EE30528C1193DB9459B58CB0A2A5A61518F
S3211019CD74D47041508631AA615178B5695743772EB34DF224C44A56DBE7AD790A4B
S3211019CD90A15ED175D4A03E8AC0D53C4E3AD01C0F7BAFB051C004C4F64F6AF5E14B
S3211019CDACEDFAFA4B263AD15B8A2F884C6CC46FED926E68A3B8355A1804D1C7FE67
S3211019CDC892B03F6067A60DB05DEFCF03086FC387711E7CC302634C95D06ECEA9CD
S3211019CDE4298D178A6E496D72F5FA3B3240C1774C26A5F120E2600976084DC12A1A
S3211019CE001CDDB2FB32C2C8D5D92677BDF5B0ED250FA17D2879620D4F87216B1D0A
S3211019CE1C7411548BE50064A345E6D40A1D817100EC41EE6BD13A386EC4A5FAAC1D
S3211019CE383EFE6618E20B273C6CD3C9F8CE747B61E72B85BC618D91B5384AF5D0B9
S3211019CE54D57529AD0AAB1B6443E9968124AC71CDF477A83F6CFE898AFF2986036E
S3211019CE70C0F7B5EC53F800F5EAC1926051023759B10FB1299320A8BA2334CD0686
S3211019CE8C69E80879FB777A0FD8454B1E37BB6D3AB02B529B5F8A6C3AB28EE2C72F
S3211019CEA81A001E6D71BA38B2C08EDA7EE342DCEC65FFAC4E3BDABACA24DB26A432
S3211019CEC42CD6F77CA1810B3C6B7B6CB878A7803BE851B853F2C2182881E5B69479
S3211019CEE0E85B25F9939D027D7C5572E224FBE7DED7A27954F4DCE76B62C69C5C66
S3211019CEFC036C41520B9A0618E875B5B5376A9BAC2C781F221A058386B424B57865
S3211019CF1842517C7205CE81FB33EB5948CF9C2CE7DC28C203F03A46BF17A35913A3
S3211019CF34EA1F6E2BF566ABB0FAEDF5598CCB36999950C07BA879C36E2BB4B56D88
S3211019CF50686577834AFB409ECCE0F7D98284D7BE4CA1EBD8F7ABB09239C053BAFB
S3211019CF6CFDFC93AA4927F5B37A7A5C1CBF33B696EA4E7E7F0F97F3D45A3069D815
S3211019CF887DE87BC751DBF4FC414B50D385591DB1F4BC466B08F5603DE92FFD032D
S3211019CFA4E5EAF58423507E47C54045DC5D2434683BEE3E5CBFD3FB50C45907B308
S3211019CFC0E0554D42B82B300D01E436B9507BCE8E808F32B1EBE12D38F0F6DDC29F
S3211019CFDCBA0279D2D4F083598D306DCD128C181A01F22CB4E3F21B5F387D09CBF1
S3211019CFF892166D54FBA3FF50240F714905E0C309FBC8A3C8CB29184EA352E2EBB0
S3211019D0142FEC2F1DE2C8699F023205AB14C76CF0BE909A6E27AB4650755857C3F8
S3211019D030D1D87FC6CA9940DFE31572725B151D23F61526D630BF44685230E8CEDF
S3211019D04C01ABF2429C94A89E486331C35809CA87358C70F696A3CDA386EF2D0C74
S3211019D0688B3EFB516BF35A5AB20C1F788B9B9D127BAD803686FF6F187082F35805
S3211019D084B360E6006F07DCE9E9070A9DDC4E95DF5BD14B21267FA61610800A6104
S3211019D0A07DEDBD9BAF9434BC81B560C96D8E793D5DF7903C726B1C9591FDBB58F1
S3211019D0BC652753442AB882FA9853D7BAFB1C5FBBB0DF064B633FC2639A4A558398
S3211019D0D86BE5C5C13E78C9F63D5A97888884E452F99546D2DCCA6D558FDE9D842E
S3211019D0F4FA7E9B092DC3DAED0C03DF67B797AF30D5E05EF472031083C3327AFC22
S3211019D1109469B142CB603A71C6A3F8DD47D66659A67002F3A2BD0EF9A2F3FB08EB
S3211019D12CB9460E04EA8ED2E4D06C3287B518C0215063DD72FAB4991EB34E4A63C1
S3211019D1482B4DE338DA756C56661EADF77C188D3BDF4E9818037FF12CA4388A4949
S3211019D1640F4A2D6E379323E16A6326D885BD6BABB868C9F57C23AFE0C732EF4166
S3211019D18002B4FF78679F24D4ECAD28D5426219F0682343819991F24E1DF6CBC996
S3211019D19CBDAB87ED106EFC38735645A05BED84DFD42C2CD2B0EEC80417A8F94DF4
S3211019D1B8B4C1A289674B7D35579875BA8BEA5185EB241A572449BAE552A29C1093
S3211019D1D472493ABC3B8DD6A2D7A79DE641EB254A2F3E7D8CDBE4456A8C59CF34B7
S3211019D1F07424FD7CA7158F077D485F7E61BD1530E39C9243527D1B00625670B175
S3211019D20CBF0C30B0DE48B7C51E605D1B6A97E6F8B66535600C1B85FAE521CEE0AB
S3211019D2287C9C25B8A566B8FA84C51DAF4B5812A900F8BB506DD04C2F7FF7F15F15
S3211019D2443C070432E8E670F85AEFB3D8755803E1E5D84AF4CEE1F6A4BB5C435C71
S3211019D26035A53A88371E8EE5F9007AF17C820C5D350DE1E0BC14255A7E41AD4155
S3211019D27C05E1DA3C210604234C4545F7B63648C0FA3FC550192A60D79A06A25DF5
S3211019D298C590B3618AB154FF0D16677B74E7DCAE2495D30131A4531F0709295A03
S3211019D2B4B1BAA4172760AFFE8E24F1901CA3B6E69EE4218CECE712C082E8AF5406
S3211019D2D0B71A37A46FD3429E3D6DA2179E18414F3A4C7FF090DD8A0EAE7F0CA1C8
S3211019D2EC9692194F99AE909E25C4039F418B0A6D08EF6E11CB5897C2ABCF94889C
S3211019D3082A0ECC78DBF2FF1D2F513889B0E342B5EE93822665496BE0956B650023
S3211019D32408A4B9D4165EE99A07CA2EB9FF31E513452C58297A50E9F93205A78AA8
S3211019D3400496CB02D9EE74C9C2F9375021A09EB392185304D4CA0CBE0C2D770CBE
S3211019D35C952CA8911B870C5705FF3AEB29B56CB8A6981477E8AAFCC36B815008FE
S3211019D3784021CA2CF6280AD1A7E532F92B9FD1B809229A32F2A1A6FBC83AE99268
S3211019D394317D98995DC3D33994FD8191FC7AEA0B884DDBB27DB76C405ACB421F6D
S3211019D3B0A57110D63965E5634F01FD49492F4187499B6AAB91F58036C93850A153
S3211019D3CC75EB87890D47C62C4E8E4989994F2F63BC7333018FB64AD42280CDFB08
S3211019D3E817DC90916251A64542B5C20F4A0B0B9ACF1619B5AE4DCEB0B2C3C4CA57
S3211019D404489DD0C59071DAA65C5B6701444F34C3581865F223AA8B7EAB7230054A
S3211019D420DFC2596D978A379709FA90A25D994F3424BC3252BA81427DA41ED9665E
S3211019D43C8F4B1290DEFD38AEA829273177301050382BA4B14F13CFF4C2BF943B0B
S3211019D45842F72F5E17A22BFDF3A1102D318E9217D4CBB7852F30286F88B05EAD95
S3211019D474A9BD25B52407EE5A89595E5E73F6285EC067CA578747FCD46EAD5A8B47
S3211019D49027E814942F5C8C1D302FDB3CD6AAEC195C89109874662DF1467A900F87
S3211019D4ACC0DCA48F5986AAEBC12B853C4D80F57BBDC03E987336D863ABF845B732
S3211019D4C89780622CAF7DC4D879E5A647EA2F597EB4B4C7CFAFBF0E7CC9B6FAC43E
S3211019D4E471134602AF2336D8D84E37C66BCF9B1A3C3F7CB305B2F5A5BE79649B0E
S3211019D50070E12465D7E75372EBE82F0026026D6B8DC20B2C7CC5EC6B7F621E0262
S3211019D51C155BB87E1A34A8847D954F3EDA2034577EAEE8762DE4FA47D42A022E76
S3211019D538CD8E874B277FD0D16DDD64137479C1137ADED94367E8D08A5EAAB5D602
S3211019D55414EEBE6996CAAE34BCA2756834DD5B3C9F8F7005BBF84C3F45ED07081C
S3211019D5705549CBA701DA4E20A8132530DD1C6B23FCB353028E70906220BA8FA083
S3211019D58CF87E837E64485DFE8C6E7838E7F51E17D2ABA03EF32E956BEA3941D368
S3211019D5A8B88F00CD01773B579A868A0000F68C9AF92EB8B1889F4132333A826DCE
S3211019D5C46A8746EDA21100DC80B9A28E9573DABBBAB1D17AD5E16CA7B60933CD25
S3211019D5E06D5D1D7C8FB78B5D71155B5872A11582C4C4005B593D3F5C31FBC41474
S3211019D5FCD8E7C1DF644AB0D3823CC685323619CF7C97023356CA98169660E3B656
S3211019D618145018B938E1FEDE12374C77F4511E1500A097D58BD3B86DE9C759A3DE
S3211019D63497AF4F261C591A4CBDA39F3A78FF3C04F46CB105822B46E0B0FCB38A53
S3211019D6500B5236DE47554F4788005A0D2A23334949E4C551DD71EEB6A343D843FE
S3211019D66C00645998B4B25F039D3544CF489301A3A4E36E942E5BD547A0AFD3D0D2
S3211019D6886D9723ACA6EF5C35FF64D514D946364DBBD0193BFE08920A78E61D7BF9
S3211019D6A495CB80D09B1EF660394B0A1380038A5AD6AD25E3AA392D0141E78637F3
S3211019D6C05BB21BDD54AC82445648F7B8A3D1334DCDFC471520B49AAECE65A6E514
S3211019D6DCDDA39D663501211A93A28FBFC243D83E9738DAB9E5A1D529C5451D3133
S3211019D6F8C6EB50FFAC008B9B464E0028AC3D8126D48CD8E0A784BCCC0EC558983B
S3211019D714AB6B34537F3A0C8F24C2DEDB3338AC6247C5D2E3EB8982E91D97000568
S3211019D73060B5BE0888A292DD4E55C6C0B7A9814BA223391C365EA7C8C8DE5FBC07
S3211019D74C35116F8DB47D68A46446095CE27AE38A7C19F705139B0C2C99D9F0B4AE
S3211019D7680379FE8C96851DDAE776B3580FBDC21CD623E55617C3256966EECD5C33
S3211019D784582388CCBA43177B9836F73791DF4A007C3868F3648F6E7F94FA2BADF1
S3211019D7A0AB3063ACA588D356DA92D0E931458B9DBAF3081A55E362A23E171A556C
S3211019D7BC8CE71B499FCBC61588E1B79BDB217B174167A75CA93680F82F91D7E73D
S3211019D7D8BCA1B707CF9D026BDAFE198052DBB014E361CCE29C52FA90459DA8229A
S3211019D7F41CECBFBD0BE4156B55FF71C4A301E8287126C5A4705EBAEFABE2ABD239
S3211019D8106A88F2ACCD41AC0DFB8445C709D4985A0A945754DD5C9F391708F31C94
S3211019D82C6D007E5AD92CF5BA22AF014A6AB64BDDDD43B26E6A2AC6933AEBC8E753
S3211019D848173A5677C14EF014635EC74E506C3A625BD4CC1D624BF1D2C20757EF9F
S3211019D86400E19090B667BD7261AD48ACD117F396ACCA3DB1ED56956371E457FB73
S3211019D88075B7641C2018B77319BDF419AA15A1EAD32AADD82B97C9A8FC3F35F20B
S3211019D89C6EDC76477409578B1A928E744DD7718E8C4B3BBC5F12D5A085D593FF6A
S3211019D8B81989DD97443F354737D804BD67052E576B2D3AC486B2A83FC7D41C944F
S3211019D8D48EDD3E447D720E53EE1233226D43F7BD825C654FC13D648F6C4376511A
S3211019D8F04AB4E2479FC891B8AEC6E4D308B4F02D872F510273B522E200DBEA45D3
S3211019D90CE03EA95EB96B15ABF91B44AFD1D0601747E481F0B4AC705A5CEB54B394
S3211019D928000ADB44C45BFBEF82632CE313D68D74A00F6F768486CC44A1A2BC8F68
S3211019D944882B0B6BD6C26D3FFD38CB05018B96E7A332BBD78325B793DB00625E29
S3211019D960F5925A8A47525BD087909743DC08D5DF99990609D81E5834A68D18FBBB
S3211019D97C6660B774A45EEB4FC6F575CBEBAB7FE54F47C09DB3CD6D08A0149C5DA9
S3211019D9981C034B0BB84B288FFC03A801AAEC129856193F4C6EDB20339890536EAE
S3211019D9B40D795B937E3B2F9580966D3ACA1B37C361D2C825B7D4705FEC5AB6F530
S3211019D9D0FDC417E7DE7468DE01F1220B193FE539E2B8C229905F99EF2385997E65
S3211019D9EC7B39A60F74871E0E255E6809CB028F460B7B10022172D6CACA2347B417
S3211019DA08885F227996D98B39FC11797F718155A8D84FFE90DFA9D0AC6DA87D647B
S3211019DA24F30AFF13F85C7914ECCD17D837AD3DBE10A8370AA95C2AF6476533CB78
S3211019DA409A574DEB6202567692861AE57FA6E7811AAE5A91B0278ACF51295AC225
S3211019DA5CC7EBC46F57129CB5192386F1284B83CBBD187D21DBFE6FBE5966D49EC2
S3211019DA78B87FA7DEBBD404311BECB0013A3250F2D41E47FE2F45452B5711F4BB4B
S3211019DA94CD5A071075C339D170BE1B61D4A4638872CAC39018180067635C0D2B9D
S3211019DAB09DA66580240A9EF9861F02920250BF05742B2139AA27AA9467CAE0379F
S3211019DACC8D608DFD23FA3739B97D3662E892ED39DF181476787C073E60A1AE9C98
S3211019DAE8605BD4206AFA0F84614A66D84FA04202C8EE2FEF0BF5D16259835309F2
S3211019DB040826BE875675C0D3A2399A6B6464104F2305DD30B8448C7E27857D5A40
S3211019DB20EBACA65E7F3A6E1FC3CF6573414B727CC74676B046A140AFB4473E3083
S3211019DB3CE7190824FCBBAF2443D46C2411B13819775FB0AA7988F153EA4C482F0C
S3211019DB58628F11556F4A19A7D22242625A63DF7CCC627C41B1D1EA290D7E89B7B7
S3211019DB747E3F98F8232356ECE799544CCF46141422CFDAC7F7134D19C0F8EE3A52
S3211019DB907027A60BB5D4E697502AC269B34ED5E4D381284111D39F0C49CBFFDE60
S3211019DBAC55E0450EDFAE49A013E0544FB5509A227F5CB1DEDA98F57014121086DC
S3211019DBC84A8FC2C706304F725B04B4AB830275089F2F456BC6E174B9F69B282DC1
S3211019DBE47CF8DED003E893676B158946C723E0534FC18D2E642316132044FBF5B4
S3211019DC0078DE0AF6A7A774830EA812DE72DD43426F6702983620F9F337C890D1B2
S3211019DC1CE41AF41BD5E302C15FFDFD2248C5B6215540FE0FE4A5B7ABE5784D118E
S3211019DC38B29342C875F970B2F2E96FE7417490C7BE6C85761183B3F7E758A2CD74
S3211019DC54BAB9B504BBD7CC67EE6BD32E294D3FCAA31DA5B9C7D94502F7BD3A9038
S3211019DC70742316313F39FB0AC88C243365A1EBCEFB3498E29178D70D1D6A9A00ED
S3211019DC8CA3889C612CF0C3B13EE8693D622DBD4EA0128759C75DF5EA18EFE36C44
S3211019DCA8802960CD9C6175EA2BDD15D0CC6B760C36F26C6429DB4189B1C583A0FA
S3211019DCC4E5C810DDB543912CB6BB8DE54575FCD08BC20AB9C01739E3BD2D81A04F
S3211019DCE067BC105E404BCF5A6824F70EAAA923702795327AD93EF48CCADD202A4D
S3211019DCFCD5B313149B0894673A53B810C32CF61A0E82C34D7BB6D3897C94F38D7F
S3211019DD185C848E9F1D0DF21FCCA077602C134A3CBFDE764C295C526E5B9FDB896E
S3211019DD3483C7078A4C3D1847A8EC1323A0BBD34C1AA179D6DE2D99A3E214B03A6C
S3211019DD5075141850C74B0312CC57F586422C4BDBEA198CFCE6B34A41D5CF379123
S3211019DD6C8F73082E008280806D8ADAC2D44073F29F8B99008C7D95465206B66D84
S3211019DD881DB782133CEF384C37CE5FBA385C591ACCEE54556B0A722695B994249D
S3211019DDA44A902DB2FDB7A944C66195691E27057C4AE69AFC0B07D26E21FB63C593
S3211019DDC0E2D4A065EBB01C054EEA8198712FF2E769FF3E57A84F8AA93B75E45EBE
S3211019DDDC48069A30148BFA659602D7A0244987FF306AA6C2CFEF4943BA3776161B
S3211019DDF8B39554C2C70C4FED48B0A2D45A21A62D093C58BC16721D01457C4FEEBA
S3211019DE1406FFC7BA9DAA98DCECD0924CFD0F86A49C880BBC83A81C9C856CEEEF16
S3211019DE309D15B3A1846901F19E5DC9CDE078470AA3F806DA15C9BD973EFB2794E7
S3211019DE4C9EB687E9736B1324C4E91EADD9DD6636B4B669976BFEBD7A09899E1B93
S3211019DE684E79855F039D40D3B9763E19B1DDB54A280AC188835EC1B4403D5C1E36
S3211019DE84386D105B551F419F827266D759B80969F0ABC8716C13F7EADE0A3A895C
S3211019DEA05B203240FDD1E458F0EE462A30BE951A011A41F18AA1E77CE939EDED7E
S3211019DEBC4DD958977DDE94E0EB55700024527A79C79D0579585927E5134D668336
S3211019DED8269A646B5AFB94B3F835A362CB4665E58C5D7D216D425007C618C09983
S3211019DEF413054CD0AAE22318E16B7DFF18B1E812E393CC276B7BB2154AEAD2BE83
S3211019DF10D0CDC85699AE2136312824A5AE45CE16CA113A02A3BEFCC1492039ACF1
S3211019DF2C046530B2EA75DE915F133DF9F16F17EF48A516E7B1F706486715288679
S3211019DF48954CFDBAC63D426936B2E1D5AEEDE434BFD136E5F3F6D7ACC51D309539
S3211019DF64B0D3C2ABDE3D03924449357D208F0CBC100DD46F986C11720040397B41
S3211019DF8094E35E2B4D4DCF22A608D06C99DCC403660D304735B7F6C856159B7299
S3211019DF9C06B56AC49AB0A3CF17B578BC14321A1A5BAC2A2EF0A6D0A51AEDCE0FCD
S3211019DFB835162AF398B39B1C5BA80F243E30C1568B6138B69B74F6D638031C00ED
S3211019DFD4B86A42B1E6F69B364472A865378992C57A2742C85F3397644BC57CC0E2
S3211019DFF0134CD7102E97C7E8F1975B317AD6DDFC8E394D293046E3E5FD2906D573
S3211019E00CE558B3BE437AB158F0A8D36A101306D994F42C0EEA351F560C9927D488
S3211019E028C1B54C9CA8F9118D6F81D30B59726C4952D70D95B5F67D983262ECD4E3
S3211019E0441538026575187F326B845524C0F1523F1E0655892E159EB161D2F31229
S3211019E0605A4E6B0FC8E85A1EC94736CA288BE5818F598BA54A4C630A305CD54244
S3211019E07C885F5C4B6FD44130E1DF32C667D4A0E93ACF96F8B76027885B54EDD2D0
S3211019E098CDCFB476A4897986E5E913F45E408FB4A4D04AD88343E30F4BA6223400
S3211019E0B4500ECAFB8F1147A6E7F7DCE9CF3602D8B36E6572F816AE1A11CF132C02
S3211019E0D0BABD7DBF5FBF6F7CEA19BD460593145650963C526815CC3B58617D1201
S3211019E0EC6EA84F2817F68E12C938BA0F5411AFD7FCE7260C5B5A4B4BC139A7C831
S3211019E1082DB0220EA650A0F38739D14CA1C1C50B877275130575F208930F2C1054
S3211019E12415290506704CB5212AE61F0251250EAF24A75E168736A63CB428E91FAF
S3211019E14017B883D68E5AE496C2946E914EA6301CE702F7EA0A9C93D7C8B57A9D07
S3211019E15CA91637D2354707A9F494933D5FF002790FF0B9824B496830D0FCF42D0F
S3211019E178B828723B545B2B672B98CD5EF74EE149BE72F373C81176BD9909FCB33E
S3211019E19459FAD782377DDEA2D586E1AC4E79D99FC478D8EE163A75539D1F990BBF
S3211019E1B09ADEA377E3DCAEF84C46A09B8186586B66CBE7E8B8CA045804336D6BA9
S3211019E1CC892447C18CD7F4FE85595F907BD34D5B6460F69744BB412AE10F2D97CC
S3211019E1E8F72E5F02137D2D6BB5B24B97764B6838608C2DFDB1D5C4CCECD6F4BCF6
S3211019E20422460C6B9EF6BC37D83E4BE4141FF33F5DD4132F38FB431C34552D51B3
S3211019E220113E063D0A77F509BFB1179E022F1FE0C24F5455A13100EF31011B7E07
S3211019E23CF9F21E10FCD67C556BCE5B9F5831C6AAD5A9478825C3D2AB5AE7E701D4
S3211019E258C01E42A1F9570556C3177936C88D78E585DFEDCAE99A5BADDBE06E7E87
S3211019E2743B41805AFF1C1C1AC0E9568C2983AD1516598D2E203FC539ED49304B87
S3211019E290D8E3C802A93A07E07F2C279F387185F6ED6353B68334CE50B72009A1B0
S3211019E2AC0183966ACB0E477A3275DFB797320AEB456B52C4EF77BF5CA8A115B5B4
S3211019E2C81E780076386F1F712DC93B63BD441589F12B26686913D440A58CB29BDD
S3211019E2E45E55F825416082FCD30B0028D8F4BC07C2F565C5EFB04A86A3DE1C017D
S3211019E300CD4CB2D6C6ED86D634864F7D1592580833AF123091E76038E6D28AD946
S3211019E31C9432F26CE75DA24122AF87932B9D8B08EC314AA1ACE83DA52BAF18AD08
S3211019E33804777E984B19225474F79387CC5922969A5D52BE6D3F9FBC156B016FCF
S3211019E354A94797B398B99FB15577B4C57EF52BA35885106276A00D16025028A972
S3211019E3707F974189026C3A16651E021C792D6FABFD7207A3765AB41A62D1DF6B2F
S3211019E38C22AC239391ED9B6C52E88B2897162F36A66070440C07646D35488A4851
S3211019E3A8D5F671C0DD445E37B305BF68DA95A0F403B57C6C678E132B7F3C3DAC1F
S3211019E3C427A73F53AE4C5FA4DCA1EA2266D02388E08C5A3724CAC83296202F0974
S3211019E3E075D70C76E8AF50C3694B2BF2148415B8C81AB1B9890A87B043299787A4
S3211019E3FC1374D332CA763C171E6C2159A785442A079D08DDFDACC1B3BB0EBD7C71
S3211019E41866FF0CCDC1D2A47C9F775FF5A8702854A0C3CAA17114EFFE8A7684897D
S3211019E434AF00EE1F34BA0CC91253A7686BD70992147DFADF48738A3F750D0C7ED3
S3211019E45035D724CECF5BCA1F08B7283490596405643BF62191DC000D6D42A9FC7F
S3211019E46CDB6BC01C2CE53FFC95FAE9A9F75EEC984299DAF9A97C2C6389FC37C11E
S3211019E488FB4FB4B06AF778605A6D5CA6A3FD461DF361F070048A1E010ECB5AC042
S3211019E4A4650A58D0594592803BAEBAAC6D6232AF6DB22209983CB324F1B3263AEE
S3211019E4C0182C3DEE42E3D0B0FBC61D87230CEC1DD7D0F8C441B859CEDB419957D1
S3211019E4DC03EEBFB414C1693A3E9833F24F3FEF2D0DFF1BD08F3CDACECC87EFD7F1
S3211019E4F8FBAD92F2EC4428DF20AFE5AC9589027BEBC9EFE383914ECD590B0A4810
S3211019E514030C81BBC88D9C0BCA475D4D203C19471166FED66F21335C11CF8BC069
S3211019E530447F9FA29B6563349B8A76FE33A78DEFD5CB24D61388B5269D1E5BE50B
S3211019E54C5F45901D39F65CCAF41C968E2A9FDBA7F7DE9E5E57FA8C528071AC1AA8
S3211019E5685629E68979D2E2566C1A3A222D6C661F8A2DD58D1B22D56CE93C6FFBD1
S3211019E5840DB3778BE624CF7713172FC27387DBF4C7BEE59FEABE7F771867A2236B
S3211019E5A0FD94449703325E8B8C34563DD30ABA27763A865CA7C4366AD2614288FB
S3211019E5BC698E60C1DE1619330BB95FE45D6E87E46BFF3A98AE0ADC471CAD832DEF
S3211019E5D85F363DA4D3EB8089D75FCE1BF831911AD4666BE4506DB8C70F5144F867
S3211019E5F4748701E19C60FD52E4B287F5A666B5821092CFC439270416E9B4D3A69A
S3211019E610CAED4108F99168A2001481E1AFC81F0462FBC1392E773A768B4D011A7C
S3211019E62C8E7FA8C9EDEB14C220F0EACF1BFE3192856ADEF9CBD324A3489FD64C9E
S3211019E6488891597B9E7A268C558517888ACDAF99B14485268A086DA7B22143D18B
S3211019E664C6193C6C1F4671DA13C40330E3B04F012225AD43D4719328CFB382B854
S3211019E68025BF67C5B64693AD55C0870D6B464F3F1C683539AB703A7D4E086E197A
S3211019E69CCDC4397B076200E292B6BFB58F751726A4816FD248BF6515B86EE900B0
S3211019E6B80C1ABDCF3853EF357A7593EA180F00C43052D5ABE752D1FFC3505FDC06
S3211019E6D4AEB1EDBD26881B087316741E1BE707AB2557E1B93AA726D3C35BE573EC
S3211019E6F0F5136F1CA18A9C2FD9B87EB3B335ED0988A90460DFF01A0122A5F22856
S3211019E70C08C81358780CBC345B8C491D847BFA376B507D589B76C508CC24E94F00
S3211019E7281E4F52DECD43251A315D9CD4F38C38E6F14E94AD1A26F9EB20983C493E
S3211019E744D99A082177D86BC130460DED5B20A09CDAA0165D6A83070248E2C4CAB1
S3211019E760DD84499606688CECA733788C276505AD2B656F410BB8E1F60CB4FC8D09
S3211019E77CC94B78F1BE190029468DC2918CF153B2D2FE370E085FD1AF357A70739F
S3211019E79821E2E8B7D35352A1B95605F082241D18FA9F548212E93BF990C0018627
S3211019E7B433605C71398C004DB59B480DAAFA3C3E411979D2C77BD69B376A329129
S3211019E7D01A0867DE2DF3BE2111B952B3B119DC7A72BAA89435A63CD397CE0A7C6C
S3211019E7ECE9CEA35AEA1BF19651619F41292EA6F66F6E65147B3F6434078147F2B4
S3211019E80883ED74433602C771B78E66365D9F5E232FF0B471B3E6DE84E72E3EE856
S3211019E824D678146E43D8108EC56672591F3D1470BDD590EE7D1B1FC0D867D4B8F8
S3211019E8405B6D57A0D5F9BB4D17BFEDD1E33E73FC1DDFC875DBC0CABF25CA92E511
S3211019E85C23C201EE14FFAE0AA2D25E346487DEA8BA899F233C935EBDE308C78238
S3211019E878F6604961B6013AD1F508942358EEDB03DC883111792C22701F219F59A6
S3211019E8944DE265EBB1D236A4DC4E7B9BD0F91C0098FFBBAD0D4F0CDDECD00DE447
S3211019E8B04066C9BBF46C1A2442EA0B2E8521AA85AD4271EA556A64BFD080F84166
S3211019E8CC2C4CA6BDD9664822AAEA258C679BC11E2959BFEC65099708242611675B
S3211019E8E85F7BA5869C7C491A6C9123AF473F8EAA9244C5D21FB0D01A1CFFC531A1
S3211019E904FC2E2FDDE8FEB3DFC7258EB24CCEA132A0667980C11B9C874C91CBD289
S3211019E920C75A4220AAF3EB59BD0FD2A47D9E424C75CEFE3DCE812629E4A327058E
S3211019E93C472D86C1FE96D30DF426D6B15FCAFFBA7B2CFBAB83DD156F314BE4321B
S3211019E958A4C2ED6E699F7C21EA841B6FE748089C81DBFF75778B2914873AEC691E
S3211019E9740261CDDD181C5ABAF472B7CABBC8419E9C96245968F9CBCB9191683159
S3211019E990C6CC76E9A16BFC2B700D4DFEAAC070D81A626CFAF353052F58489ED62E
S3211019E9AC04FDEDFF86CC93C4F4DE6FF5E5663215F8D97DB63CAABBB3E46798CBBC
S3211019E9C8D50F123C80BCAEA238C433F4D169BF4F13FC5778FB30B57F41949F86A4
S3211019E9E4637FD4E3752AB8B9B64DFB074D5194755B4A1C98DE2A64D5CF677DE462
S3211019EA006FC4944CFCBAEEF9480054F4B4471026F3FF5AAD3B36F22CB0FB65AC16
S3211019EA1C0950E5CE87C634F5860C97D07DD9DBAE92E59D1FB654E2195ED7C5DB48
S3211019EA385D29473743E3CBC24C81B457A0121E3ECEDA98D4E4F966D588FD58FCF1
S3211019EA5427CB052CFC0298C286723623B3DD42F5DAA73675D3424DC8F37933C42B
S3211019EA7026982DCCA3B5FEAB3AF7899B81227C84B2A02661F02F9EF8EA09081E04
S3211019EA8C9E3D9A376228569B26FF826D683F0EF1A9C692356F81C29189D26FA378
S3211019EAA80AB4DAE4666496DBAFCE1D42529F3F21AD88AF8076EE67CAED01756380
S3211019EAC411CDAB6F6A977F467E5BCA194CE5E6A8B1209B0E4B4C930E73A23105D1
S3211019EAE0CC901075CB6CA99A9F630E417A110AE3F7D370E382FF051BA8B033522C
S3211019EAFCA78447DB0B4FE4778C426E8B71368B93E263DD3DD980054DCDBB5D064C
S3211019EB18F25FF1C2A3F9A15D591D0EFFDBDB25CE0FAEA0BC5BAEF6689700FCF9DC
S3211019EB34A2EE8E4E730B34F194BF23BE3A6CCFB7B2C3CE6F68122EAE3FBBDDA3A5
S3211019EB501B33CB9D8F75926E8FA4A408FB48D06EC301ADFD0F9C2A964FA431FF64
S3211019EB6C332E7B119E64591BF6CC54EC6CF20A0D360537EC14D6B5FC84CB4CD11F
S3211019EB88FBFAA2CD49AED388530D05861AC7122E501A80B15403F8D08A682E178F
S3211019EBA46208E932636906A332486215D1C638C8E85A7E69391DD8214DC01FA759
S3211019EBC040D4B00C5898E9971B5B8F0D00F60888D8E7370E777F7BC76D540679B6
S3211019EBDCB503FCD6F89FF41B5FBB3D5D5DC83A76ED0E29324E2EA039BA510984F2
S3211019EBF83E20C34053D4128C6F352B55EBB7FB87973681BEB724418CA8E45B18B1
S3211019EC14EFD18F8FA475282F51D516C105082F9E5DAA471EED4454D8496E0FB74A
S3211019EC3070E6AE203EA88437C51D39A9F59C9D32CB134F7D6ECE1ACBE5727EE22E
S3211019EC4C6AFA9027AAAB3A617B43750C5DE0A61A21A0FC9487A451D05711AC91F4
S3211019EC68CF78408009746945E61A963EA0BCD15427200E644A657379211AD08AF1
S3211019EC8424121BA98C524735BF17DCDABE75849DC3B3C902E6554FE8F1A7557DF4
S3211019ECA07E290836C0D9227D66A7DCEDE12845FD729D54F37C022B36B6F3FF61AD
S3211019ECBCA51D2162012C7D103910E80FC79F4EC20408A231E4C4CC8E8B7B0E5E05
S3211019ECD838762E8AF776B98C85CE5BFDA55D58DC9A4BD4FBD2620C9C662E45D5BA
S3211019ECF45EDED1ABFAE79D7ED30E5F50B8985CEA5EEFB4B7BC8C35039D4AD95BA8
S3211019ED1059A691E4BF10954320E277755CA07155A3091D27B7C8FA66E253F6BB38
S3211019ED2CC04E48B4A915CB43952C805FF09E2FD2387349319120258A02D6F31730
S3211019ED48870A1AD8C9753B85B2502B42909643D8DF1887D148A2BCDF15CF07236D
S3211019ED64E07C5C727C46DEFAB1F8D870FD4026C613C1E022BAFB81E3146F7B2574
S3211019ED8023482148CA56D5C592E6908C120A0A173A6B83E710182F1EB2A4242AC1
S3211019ED9CC944B7F9CC3D757738A0CAAF9C83279ADCB594DA0C7955F5B17E47BF46
S3211019EDB8E285E79291CAD1F9C4F5B71FEAB71DE6DAFD2C5F5601EC242EBDA63549
S3211019EDD425B55C0A2FD3F46211A0F25B6684FDC1B0368E62A7E2C8916B9E05E30D
S3211019EDF07F9FC67519B76A49BAD23225C9608EBC7CA0F603362F464C60C5EA8704
S3211019EE0C873EB5FD305D56072ACB6BC59770533876A13DEA3F2A7AC45D29A6543E
S3211019EE28EC164741637757C7040A09833459121E20D3F44E18168D19C21A371A90
S3211019EE4471515CDD086FD267924F7192529CADA467BB8981D121EC78DCFEF01950
S3211019EE6019A9E05840885775A8144341EBA807753FB02E6B0D981FDA523383F864
S3211019EE7CF3E8CE2F2FD108FDFED24E9BE2003EF633C6E851C3372A1C3952C02FB3
S3211019EE986F939587C013E404028859157E00DDED16EA1881D97A2B941628BBDB97
S3211019EEB4F3297F03206D4E35393BCBF87C4C1304590634E6874D73127E14A469DE
S3211019EED0802978F7BF6D5DC2D51ADFD5466B66A60968B45A364141817A38DD31BC
S3211019EEEC09F4A2872408A214F4B63156384CD7A13E33C35B62D851090373249A4F
S3211019EF0855551E6823CA4FE43D631BE991DBA8314FCEADDDF4941DF350788ECF21
S3211019EF2401280A81970B892506A7F2B8DEED9EAD7F8AF5323597FF4E92A4451657
S3211019EF405363DEEECA2BBD7C2C0CA3BAA3D7D28F733C2C6C8D83D06E4D34820EC0
S3211019EF5C8685B3956539837C806B5BA7644A45AA7119FFDF6820848E8E3E838A15
S3211019EF7837BCD3FA1D50A888AED8FDD91D7C25EC526968B2D45CDDB13EDC1E3DE3
S3211019EF94C888D919EA4CA8E89E0D5570233B92660336E10F458350BC40D73D7E95
S3211019EFB05736DD235C37AD1A5424C7CE45EAA3CA9C833926DA3456C14A0E4592B4
S3211019EFCC15D0FC73C1AD753B321418BFEB455F1C35276A94A4627D926284D47621
S3211019EFE814EC338303F83814E8A42AB74BE8E6493FE66D5CE9BEA9C214383DD1B8
S3211019F004FFFF26B92B7CE61BA3FD7F1FD44609E162CE920CF3EE280CC11C94D2D4
S3211019F0208DC3ABCC70C2ED963E7E3D835C932F83B580D176E8B788AE41F16546DE
S3211019F03CC3F8E9F834EA49B5DA22DB06A7169CF52D9561E7B310F36CA04FE17139
S3211019F0580F431AF3ED4473A33B52BF24389BAEA152A1E4D568EF98A56C01B73D94
S3211019F074EEB5405673135751FC22B5FEC76C186DB172A8757975B17A8743E2FE5E
S3211019F090C67AB6BA2ABCEFB89D05E018DB0EF512CCCC1F25033147E537F1AA6AF6
S3211019F0AC90BC8E5CCA3E758D7520AA8CE246213EFC13DEC2F8FEA267DE865CF623
S3211019F0C8EAA230178FD90C12782D96CE255FE7948EB1B5403B2976564C17D30200
S3211019F0E480358ABAAD1E53D54467A405F997B3ABB45FACEC6FAFB8083BAEFFEA58
S3211019F100532DF8DF5D7CEB2BA77A1423AC2D859E1377AEA63C94F64CC795267F39
S3211019F11C81451D29096E1BEE0B90565B245123F548CDDC3C6E552DAF425B1D01BC
S3211019F1382BCD8CA949CFF3F05FC0E71C4871980F158E7E48903F840459D2F0C146
S3211019F1541643AC84C1F6F9C75EDCE47A501183A358A5EDEB5210EB49974AD3969C
S3211019F17033D9013EEDD727EBCF15304E8F9868E9392552F287F619F36C8CD72936
S3211019F18CE03836C67A2F63840CA1DE3BE3EE052CEDDF84329B5868C7FB306F4C42
S3211019F1A8D340E1DC86067B153C49E28843DA322D9F05C27D3063ACD1C1FB496C61
S3211019F1C4EFE6B60C1C11F06B0C064CD0DA548A6FEB21868625BB1C154CB95D738E
S3211019F1E08C493BCA592DFA15F346DA52336BDFCA438CBEA5873E97AED5C7FA3BBC
S3211019F1FC1F1868595E0481CFBF8A8EBCFE84F58959B7E9CE3D59253A0650906188
S3211019F21813F2A176365C4FE7E3B5C72BE8DD1DC0C0CA3BD8B2C16E7F709E9BD025
S3211019F2342E64C40425B6CDAE73B06DF9A78F3A9DA35CAF3AF63A5B77995CB57A3B
S3211019F25019F63654829C0ACFBCD091E7875A2E7FF8BBFB8778557DDFB24FEC4ABC
S3211019F26C0E468CCE5313D57F7B453A4C7CDA15F5D61E29F85C90F78D6DF5DF542F
S3211019F2884464CFEAA6D7FF016351EBACA41DED28663689131987E32D68EB898DEB
S3211019F2A4DA20DE0752D696EA56DDF534974B736140FE772A2BFADE2D03A84DBFC0
S3211019F2C0BF7044D9FCAEA7204166120864D5EEAC30134DEFE68093C1AFCC6EC7C9
S3211019F2DC615648DA2F160A57A03F816A6EB0DF8E33E7E082F293475AC929EB7D17
S3211019F2F85E12C57D4E60449CCA10F901D087A8008B6E73957562B411DFBFB07459
S3211019F314308A64A0C4DC6E5903606F4E31F766ADD755E2A63847372B7954DCD917
S3211019F330CBF934D950732BD8591673D8FCCE639A20C1A3CC7BD89622DFA4F701A4
S3211019F34C62CD1F71A20806DA00C51BAE44590492A45473A64957DC4BEE1D126D0A
S3211019F368A1D86A0CDF1E5145B25C8471F4207515AAECA955DF2B5B385C29C0E0E1
S3211019F38469D8728B0667D242B5E85F716D2B731FA1983B31AE042D48CE5080A2DC
S3211019F3A0BD280ECB246FC9BB2B2871F0135F806D6AEA49C875D39107581C57E149
S3211019F3BCEE308837F7B6EB40542D21BA1EAA8458C37FF5B9F8FFC8B09A4EBE0E3E
S3211019F3D86437D305C84AE559F3C32FC75B15BFD7C501D215EABF7A7A5DB6A5F182
S3211019F3F4265D7F416851F737186A85C98DAFEC5030152ED4BF6EB53237595A44D3
S3211019F410A4F12AE25209916CF52D34F31ED989496AF58E747315C30A0A458647D4
S3211019F42C98933688C5D783138EEBE60C7E29414D035F4069388F4A67E4EF91A152
S3211019F4484EABF81646018270BC58E98A5365BBA7F4FEF7616F2777227799258466
S3211019F464EDB3783FB02535679D7CEE69F8153F5AF3CE34B5FD3B4B278534D84C4E
S3211019F480719DA90209E426075971E7B493A86F497838DBE13D1A15D4D18EF30018
S3211019F49C99ABB623578AD79E3FE23021F7CF6FEDEFEB1000AF228E80BFEE9DDB30
S3211019F4B874A829A3FE3DF2A508952040C16762A201FD4BF81B29C3D76EF67B7AAE
S3211019F4D4DBE29DEE7465BF4080A90CF157F266C495200F59DB43C420AB9A45D4B7
S3211019F4F00391D288D840292443D270CD89EE10918F7BC338AFAEFAE19813E5F354
S3211019F50C4F5F3DB91812D909ED09B2C47B02641FC7FB934E794CC3E09A54848893
S3211019F528421493BECBAF3EB7E6218515DCB8931FB6F1679C8EE796C415295B5D2C
S3211019F544485D8F89C36A3BC1605987EAD8C8515922C240F4B501F80CEA51428F44
S3211019F560670C17BE38219B606F2C95BF20E451D7A383438CA9759AD5EE9043EB7B
S3211019F57C983EBA2AC4B2EA7BC5D70235B63CEC39263D3D06F89B8E062EC70BBA3E
S3211019F5986A0AC88F50D6898E26F70E50C37E985B9F079E17ED32AFBCD0D734F3BE
S3211019F5B467C0C507EAD8E94A4387C5F5ADAA61C7394B3C055C1F1C3256E00E94BB
S3211019F5D0E268D45E446F9533E8BA7F18C575CD09B0119121221EF44840AF8491BD
S3211019F5ECD2F79CEE73AA1EFA018D868544138A580A20B26A6B1D55F623935887CC
S3211019F6087EAEF8C5ECA50D94E786C5A01EA40C66E786207E600C3F7B22C6766F98
S3211019F624F24A31EBE52F4779895FD11886315928E95FF8191530C8F14248FC3F4A
S3211019F640AE7399EFAA4950FD47624CE1FD2F102047AA54BD5C6A237426A27526A2
S3211019F65CC9F7C0E12B24DAC4F4F85417EF9B5B09D2646AB1D7BB230F39C1931816
S3211019F678A6F09180365D1969493FF015E08DD80D744A58713EF5DBAE437947B6B0
S3211019F6940458B256D1E84747190632E3714F1BD8BDB887DFB513256415F86BAB4A
S3211019F6B0EE66D69E03BF0C0125D5807663C16C6CCD6E5CE6EF8CEAD8573ABA384F
S3211019F6CC7C26BBFC8838DD8D5B29459719836B2D924396B695A5F14BBB216B2ED0
S3211019F6E8CF1E2A1361007CD9E6516C0E3A8D891300F5CB1A8599CF401EE36D0965
S3211019F704079630662AFCD0C3D5EE2A2010564DAD770191832733B6ED817078BBB4
S3211019F720872FAF6AF7ABDC8DE99EBDDAB58CB0330D9F4D1EC6686BC84CAE12A45A
S3211019F73CC4F12450118CE438E35F31A18089FD73E1274344BC44B28D1550C31409
S3211019F7588BA177720B4FA7829C64A7114271808FE29F6A9EC6DB47258CDFB1465C
S3211019F774DB678C7CB1D8143DC870837D0A74BAD15BBC2D261DBDECB66C57592AB9
S3211019F790DD27BE35E5E2C65741292D445DBCA66250FBA5280E4159F658BDE1BBF0
S3211019F7AC6077353D1F22BCFB703C28D795A9BD805CD68594697FAAC62E3B70C36C
S3211019F7C801577740D515819165EEF082A7C2632F24E4EDED98B88E672942642015
S3211019F7E43893B42ED372858C55AA6BEDA7C57DD04CC7F8A39EB12957E3E03D73D7
S3211019F8000DE82E7E27D9ECD1FEF69BCD4A2C9CDE28498AD2D564C16D661CF7F76F
S3211019F81CDBB1B0010618A337DA46CE90EF0778FD3CB3F8A90DAD2CC894C109FDEA
S3211019F8381351DD374D743F4E05C97D256069A96E3A02A3082D80D9B47CC1A20A65
S3211019F8540894CC2568BBFC6BC37920D3E5980593774A3E3ECEA1416483C771A65C
S3211019F870DED70E214CECE2D7251C183D76238FDC3A67F6AEED69A39EF0F93A6D72
S3211019F88C8DCB233402B34C7486EC5BFBF338482E11A1705BB0FE3E360332192A8D
S3211019F8A8587E95BEB80458C4FBB5E4D864C77DC75429FE8490CFC7202B07512849
S3211019F8C488F5E9B006F9C65EA370754F8A5DC70CF54BA7A760A92575F44A97D554
S3211019F8E0BE6AA5EE40EE03D6141EE456B2BB1EBF1BE1249DC53F1B55F02056B31B
S3211019F8FC1E6B1B8B20EABD8F170B367DF2C8CF4F787A4707111DB71006C9679490
S3211019F91822CBE5ACAECE2F00D2A9E2EEC2581349E601F2DB9D16EB9E7359CC35FD
S3211019F934964B900D83210C9120DA4F2CB943F007D143F7ECB9C31CB755FE8F0D2C
S3211019F950993E06F3D780D3173198AA1ECBA65B948C4FF0326277610CAA497020A4
S3211019F96C98845FA23912A4522640880558712C05A622A79B65417496A71949A89A
S3211019F988024AF21CD61ECA8D25DC0E9F4566C5AA7E690A1C4918A2771C7F1F7F07
S3211019F9A45BFC6BB51F950764E5DCDA7E16D4E7F853B32F8CFA99FECDED1BA9F7D9
S3211019F9C004C05653FD196EAE5186C3C65FACD14D2F6F1DAF1CA3141E6CE108B56F
S3211019F9DCBB4151B142D11F6C06891E18BD3AF93138787DF89B15A07D277C39B4DC
S3211019F9F8EFE86C7219A1FD7473312442DCEA0C80B6368D6177D20B528299A7A99D
S3211019FA1478295BC3DC0DE40945AC35BA6F347158A222D80EF3F19F7FA252BE6EFA
S3211019FA306365E27DBEF0ED3C39074EFFD17542ACB20FED4666EA7B3C34CD95A497
S3211019FA4C8A58674E1783F46F6E652DC9C9E1DD6773A41A97483FEC11BDF8CEAAAB
S3211019FA68CD7695480FE888ADA5F75C85CF966E650235E4B85DCF45DA10454B6E26
S3211019FA841E5A86536FF2A0F47A8C4B1935607BF727E4922549D634FF9877987352
S3211019FAA0BDA1295E91263678010FFB6B62889FB9C6F559BA0BD3C5DF16CFEE8C6A
S3211019FABC350C37577D502C8DC46D7DCCEC27F5C34885FDDB52B1C3CAD115B64252
S3211019FAD8E658310F3FA6CDE15E06B53B296FDFD77D5AD368A659EDD83AEFADFC88
S3211019FAF4258017E75F37D180CD80AF7E502A6B485416B8E85EDD11CD2BF4CC7E0A
S3211019FB107D6001A698D29FCC12DBE5C85D1F2D7EAA7500DFE8DFB151CABFE971E6
S3211019FB2C0B56FE0D771C1C402E6D043DEFF79EBF9B2BD695172542E6E0AA54861B
S3211019FB4855E1F1AE1C64A60703978C29C19177102331C7F159B1938D920059B275
S3211019FB64FF3274FC19B5E8EC74876D40368B6E0564339A46F0B0B6C9F9BACDBF62
S3211019FB8015E040660869948FB280D063F796130651A9446D7FC0F80C22BE7D00B5
S3211019FB9C87CE5EF5AECB0339BF395A86E58A7328DE0548CA1256C3D7DB0642784D
S3211019FBB8170FCC2ABD44DB488ACC50069446AADB2A153B4C4103DE9926EE0BB562
S3211019FBD46418FF315B42FC89A1A454098AB3EDC047D939662B5D02D2982C7068D5
S3211019FBF0037F7577A4240F4753586B58300D4DD15132B4A2DD2FB9FD1A3C5D081F
S3211019FC0C5CB63304E2DDB71100B76F0D94F8D8CEEDCC28DF2B7361DB310B7174BD
S3211019FC2861134D548EFEF980121A6480F1A2510D77CB815B65E707CCF95A87FD62
S3211019FC44532E6FD234DC3D35711ECC226CC845779C951F9586BE1A990FA3D90D50
S3211019FC60A0B04C1A44D05E1C64FB4DC050B299588E2887D59707AD2CD81AF070DB
S3211019FC7C4DC8018DF7B30C2DFE54DC27F8EFDC516E928280DB505AD6E2F5AF5714
S3211019FC98995176FA3C73F2754580980EAB765D694C3540D12BBBB0801910A6E701
S3211019FCB4AD7A23DC754F16D701BB98FD8CB79AD346C6F9BF93FB8A130302579B47
S3211019FCD0CD26EE91338E91E20E21381674D51550CA362AF6E873676AB60AB1401B
S3211019FCECA6A65103B6A8A94C93A719C9EDD7197E6B659CFE9B2E6A025D61786925
S3211019FD0826425810CE112562BAAEC55AFC10280D8676A69A24234393BFD751EE84
S3211019FD2468B11C91D34B9CBDC546AB3905CFED3C236C3B20CE36C4F89ACDF84D15
S3211019FD4082D07923316371F60119815B91EEEE2FFB8D1A4458015277DEB5E8BEBC
S3211019FD5CE2201B11B0E1BA651C1A6C35F0CC03667C378AC91A067600EE53DB9139
S3211019FD780D899AA4BD1EB7CD4C8164B4853E5C6FFA05FECE76E750743EC9AD9F5B
S3211019FD9459DC9F6E50C23EAE173763152A32E065BDAC86B9D7D07E5D44F37DD6C9
S3211019FDB0DCB9B93F44A906C1D2CCE9696D83A98608B7CEC304CBDBAE578C448B5E
S3211019FDCC2C93CF199C2C3C12F7ADF3E406EB11226861504BA93AC7A497030575CA
S3211019FDE8B8DC28E4AF2569408B3752F746C9E6E7FB1A1871E2E69BD523AB0CA973
S3211019FE0415D1551B1F852D0B32DDDC01F5C879354E0B6AEB1E335ECF1F37A99B64
S3211019FE200AFBB98666B81F7783A5AA9B97774663924A15AF88F23D36A17E72C09D
S3211019FE3C24AD7730BB1EC9AF7FDFF14B55F189B596139881653A2E662182C0DA62
S3211019FE583BF2266904D777528F88454DA2243CAD029C17D8F324E763C1943376BB
S3211019FE746D6B06D1A0839BFABE83DA3F4466CBB5FE79B009269A33A0342AED1B2F
S3211019FE90EE8EE258A90F8D92021EA99F56C65A8C6FF4B78843FC5E1C703B149482
S3211019FEAC51D06C087B81E2B699F25F770D580F5EAF7550756E2204D5A0BC3AC304
S3211019FEC8E00B6A1A74B2E9F4D0233A5B50654FCC533C010B7BF340A0692B6F2316
S3211019FEE4A484FF994AE73279102BCC223115CD6E22D0F989B6E95054122CFB7726
S3211019FF008A1DD2FDD0CAF0EA20EED18015B86C9906DD22D8DBEB5623FC0C452210
S3211019FF1CB8DE463BC410B503CA169B5F2C8548C5E5B72CA5311595DA5526413B46
S3211019FF386CF14C82CB6B66EB95ADFC2A36C0D721C0D6306AFDA2C955743B87361D
S3211019FF547350E86339DD282CD6F02924979472E8F026DC4AF7E6B0D1E4BB2E2DBE
S3211019FF70FE38BB146ED7BFB42BCA400204008BEF62BCE0B991A9035D1E7BF350A7
S3211019FF8C788852419CB42D89426BEDBA753AEB9520C1085F15822FCE9F32786980
S3211019FFA8E2AFF2330C72276E6AEA3FA609F3D8F53AAB0E8146E040722075C4CFCF
S3211019FFC406E3079B2E54915306F2860A95F856DCE0AF5A34E74835B656563BB3E9
S3211019FFE0BF2E965E51F6D3190C112123BCD923BCA2D066D3739DE79603CFD54EC0
S3211019FFFC875A0D86F90F712831802DAA4496D94F32935120D0022682C88ECE1F28
S321101A001880086B4D06A72073C2DCAAC6EF3358ADD6BF20073C89F39D42F5C0E7F8
S321101A00348997365A2B25668CCBDC863BE3BAA8B130AD1C60A89EDCF4730A9410A0
S321101A0050312E0E80BC9EA8B07705806C953893DA0E4CEE735D130967FBAD56E7A3
S321101A006C520ECA23A4D748199432E4186F3FFF3F04434FF70C3C2C1D857ECFACD5
S321101A00882D1609B95368CFE34AB4BF63534BB8A121721A28AD57B134209CB44431
S321101A00A4DAF7AE6633C1814357A10360E5E46D6026F89B5D8278865A58D04CD34B
S321101A00C0748EFE7C264199CDDD48529D4FA6A01D42F173CEB95C2145690C9E865D
S321101A00DC52070969CCFF76487AD01D088E4A067E63854B8E10F5B7BBD98C4B3998
S321101A00F816BFF6FA1EB2534299788123AF913038F2B6E8D94699D96D7ACCD84643
S321101A01141D4750E61623B05AA00810352D8784A69AC8026819215C3C5ACB72AA18
S321101A0130DB5811CA2E3FE25F66806A7E3E8C2E64C932350F23D891D9FCDAD1D181
S321101A014C06A9966CCC2BE247631D67EA4D3B252FF35DB42E66B663749F576FD28D
S321101A016800B3EF192163AE5ED081003B2A03D94DCECD8D435D0465E9C4CF826092
S321101A01843D8DB57240D5C190387366BE9019A221AE0C9303EFD48516DF70163F4B
S321101A01A0C6A1B362AA98902E93055506D3F84CBBE42BCB4FEDD4CAB175A64FB053
S321101A01BC711C9044BB23BF06E81CF31B2980181B10F990E36908231D889CB5B44B
S321101A01D8C45C4B8A0C90EB5488912400F362A1B04BC677223623FF21FAADC9F2A3
S321101A01F48DDB234A2C8CF2EB85EDF105B15B95B6469A9C8EE044E492B67BB2010E
S321101A0210ECB2EF866A3D44496084C872272522726148CDCAF89115B7CE9E8C6B65
S321101A022C2A32895A19DB4F72CA91F6673855D253F8FA936F0334808465E0F0F9CB
S321101A02484FDA9C4541133FF83BCE746D0B733D02D849D77DF9F02487748280812E
S321101A026464407B8E6D0112BA5D5774399B371597E3B96963315B60D2A1CB08A549
S321101A028093E6EDFCA35B172BD4EC13E97169F2E6200A9585079CF6384B4858978B
S321101A029C96B640FA5DFCDACDE276039989F0F72BE964715215B69A2833C32F97A8
S321101A02B8E7CAE2245145723CF3ED8DD13EDF8DE03D4054093637CC5BDFEC21825B
S321101A02D4B90DDA23C0B22FEDD3CF788C2423969C115DADD3F665467BFB6DB21337
S321101A02F07A4F7824EF0D6B83B89C5A0A89945EA4F8D7681EBADD5DE3E7C6892D0D
S321101A030CC9711A7116B4287DB0266E92BB84A4DB097829CEB9C898416193D551F1
S321101A0328F76E13D81510E73E0B24CD9D9B13C0FD3AFF4B407FF2EBBF42B1B80061
S321101A0344ABBEFF123DE078118F74008DAC75433D677839E463B26DABA84BFB32D3
S321101A0360147AC2394767A36CAE43ECBB09D9400D465CFCD9977E638F1A2559D559
S321101A037C594FB8EDABDB09AFEBF29F096CE66F0DD260DF9E059F6F491C129ED0B0
S321101A039847481744C66D698BD227773C774A0AADC399DC1C3941D863749F278D14
S321101A03B4ECF372704FE7049BCBAC043F31CA9F0372DAC5A05689C08268AEA6D5AD
S321101A03D0ECE9F71DCB8DCA9E62A5852523ABE29F239FB49B725719D3BDF6124964
S321101A03ECA6EC1E3E75D87D82AAE8D7F5E41CC86DC442F8B899E3B1EB6493A40986
S321101A040853EB9D9459D814AB7B91DAF04BB8E48FAE08CBE055A2602854A37D2D7C
S321101A0424CD073C9A857463414255AD18C432F2EF14826D0FD6B677D91590915E90
S321101A04403DCCB2A11BABB70A58D4EFAB0B36FE78A086735FF86F2F097A00CFB977
S321101A045C1AF6AC6F095EA3E439293CB8D13DAB391026110F652779A7AA008F7543
S321101A0478A84A10C4B8231779AD84CF29F37210EC0712FDD3EFCAAE4627AB4F3F87
S321101A0494C921065524005A8A441C23284E3A757393FAC9BC69AF894E47791E6F66
S321101A04B0FDE7CBFC0B9F107569E01BAE29F63A0901A71D2E41130F6DA82C7C8718
S321101A04CCDEB7399642DAF3F3BDE12D22B6A008FED6414A310D64B9CCCDCCE0EF45
S321101A04E83B855BF1D53A28DB690AFDD7C5A098CFE5C2FDE2F7AA867A858F7BB62B
S321101A050406854F696D6C314D2AD83452BE1840C0D1D4DCE10FE05FC4CC7DF0C73F
S321101A052078F6D5D0EA7D015E70B7E7DB8BE7AE96D90F3601172B0CDD8C3FEEDB39
S321101A053C3D2C691357C5DAC453D52B54E28200BC2E077C4AC4382185978BB70A8D
S321101A0558CFB96A0F7216936836D7EBF101D77674979859BB8C3315DF129249BA8B
S321101A05747968B5FB75EA8B248A2E60AC35529C474F99FD92E4D7718DCE1384A930
S321101A0590C4857265CCFA007906EBDC2906E79F558C3031B50B483964DEAE0A9F22
S321101A05AC9A9D0AB910613F252024E087F81AEA4918FD359E5CB98051C180B6D6A9
S321101A05C8C337E3B0CF73730C9D0E05EC6F3457E5A739A4902C9AEBF6D02A0681E2
S321101A05E408D8893B2C26372172A7C02769F3BF2C2FD08FB672C8ADA9FEE8FE2C52
S321101A06006D142B98E352E678547E0F29E18895F295F82A63D07EE241A56879913B
S321101A061C93BA8D041991ED5C3F6DAC530529B92F08BF1DCE07ED8204198169567B
S321101A063817875D99C58253DB8C65D3E7ED0840F0198C297F72E24889DF4F7B1F63
S321101A065416925144D30988644F78EE117325C6590974E06E0DB536527672B6170E
S321101A0670A3432A3264BA26C94B5AF8F8EF3445865CAD198D0037FEDCA85048EC80
S321101A068CBCA4F806B5713ED4161FA61EBA26268408AE474DCC7881E4B7C74EBA90
S321101A06A85AA3CD99019F25E992006667721672B77948972A5802E1C151931DD096
S321101A06C4931AAA7A2584613D2A7D84E68F78E7B642ED65A4F16AED8CC1166C725C
S321101A06E06927AC70E81BBD7D93834F656660CCC2C49B8CA33E30B68E83DFE083C2
S321101A06FC5F2D675CEF485C3975FE2191052DEA2520E49E66FA6067FC8166657EA2
S321101A0718413651983B2E0587CA04E906C97C877C284C438045FAB3AFC74F44EC1D
S321101A073449EE501808F5F50270A4B9453335905810A48A7FE113B464B841870635
S321101A07506B56EC051118D4DA1C0A547A9BB11C8EE764E2FB51E7986ED27C8C9E0C
S321101A076CF8FAA58005296ACEE2732AD788B920AE47621FEA7BF9CBBF14C728614B
S321101A0788BA07DC4F137D433F23CB449C9F17CD07954DC04803C999B773FA8815BF
S321101A07A4009717CF5E4C6B9CF57C57E5C0378E16AADC6709AB161FD01037E2B50F
S321101A07C03CB69266B2E245EA4E201D3F6BE011E09082BF17B452C6BD3F17EF750F
S321101A07DCE11656B4AAD2245DCDEC784097B6A18D0DED7A69911383DD78E4F7991A
S321101A07F8F583D136895FCA94716E497484BA7C33A7089739EA60DD8B0259C64EC7
S321101A0814113C59508FABF99AC3C36F0FCFF7A0531A4A2D3040BA898F371D923B24
S321101A08300215C28ABFBAFB8FC0D52B56BE979B146DA37F213DE01FBBD0ECCDAF1D
S321101A084CBB65405B28E547C7045EB218B3DA9E51F0A6FADCE44A93E30B2C280D66
S321101A0868CD28372F90CE6E0917F5775DC19C288D826FA10BDCD303ABF940C52EFC
S321101A0884309B00C56D63D03A7F6AB44016B4C520BBF01717C06D870BA0E5B3F072
S321101A08A0E4629A920841E1BC2DB882CD18E518D856F0112023E64C8E6D3774CC55
S321101A08BCC65FA639FDB6E282265208A65EBA4F5A94E64E4F6F7CDE09754040D13F
S321101A08D8A7F96B11AD379353B77C6FC4FDA0A4894AFCA4CCC374A32BB3F9ADC0EA
S321101A08F4F465BA5C631A6A1E8E5092222B74E39DAB656C2230AF3B5B4F62BCC152
S321101A0910AFD17CAC06083994E7512239ADD339D45BBE3EE6EBC7DB2F48A7DC4EE6
S321101A092C3EBBD8EC43138934E1B07A8523B60628A57507361AE2D8845E334795FC
S321101A09485F18464E685D4C8962305CDFC01667AD92B57C0DA2DE4363394FA316D0
S321101A0964F1A934A66CEC696697094C0A1DEDF71E1BC6CE0BD29F34AE4EDE5EFC04
S321101A098092BFB604898F3FDC1CA099BD657E5EE9467ECD4673FADBFDD4DB595B32
S321101A099C76ABC827BE2A3D31EC8DF0BD7B4E00321F4B0AB2891221C6B99808BBCC
S321101A09B82B6A02DE20C8924595A963E280B6632C0947ACDA95606445553AC4E1CF
S321101A09D45CBE93DFAB7A0383C72B1FAA5F487F7E06A98C70EFED66E774E1856330
S321101A09F0A169C847A73F556838940D500419594C60BD8D385F00250761947A2F09
S321101A0A0C62E60DACDB9A59B5EA897BCC525F96ECAB033A79DFDD73F2BD5B353A24
S321101A0A28DAD2F9894F261FA8A812CEE06B4E6F93E2FF919CAA64594E72A4CC8BC5
S321101A0A44DF877A34A296A111A2DDA94662C0429AA9F16E146D10801766C22D8EE9
S321101A0A6064C305D21B91450B3EE53DAE7615E2FB3DB670C6EEF606826473D1E6B7
S321101A0A7C82654B953827A344DBDF81964F33BC0A65676C3A42E9C363DB213AF41B
S321101A0A980563C06C036A6CBAFE0761BAF28CC794DF1ADED2798D93FAC72AA821FC
S321101A0AB4CAB2D59BBF682CBADCBAF73943E01E781B8D49E5191E378CFD757004C8
S321101A0AD0228E983EC42C9BFCFECB1F1C0F8EF3704A7FA6C223FBECE9B4347571D7
S321101A0AECF824CAC897D09D01662EA6A13C999627E5B911B888F991DCEEDD36E068
S321101A0B08FE439BFB1D8AE93C6BCFAE9427DCC8AB94F85050F7AA036A2911ABB736
S321101A0B2457C14240A5E89C3CBF16415CCC5C7D1759C27B883927A58FCFD30F0DE8
S321101A0B407A55C44A0EB9A802A97B3BE41C9B93B74BA3D93BD2E02671A0F900CE25
S321101A0B5CDABA3B207EE637E08E0C0A9147D1B401AF6FA17C45F70AB6D1CF4CA31B
S321101A0B7851D6BD1792EB2E53EC7AD7E5EAF274EAB74478115328BFDC690B07586F
S321101A0B94DAD270BB80D08785F7E535745CC5229A281D2186D5D133290D017326EB
S321101A0BB072CDEBEB8F2041247AD7195D8465F4277D98EA6BD77901358BE5E0C203
S321101A0BCC4B3D7C5799B4743F18A41CEAE6B6CD7C5ECFF52532B83AA2EEFBF6AC43
S321101A0BE8C67AF3EAAEAEDFA02C50ED304B246514AC4F189292A98811170D63BE8A
S321101A0C0425240F09FC7F80353FFC4F2ADB50C8CF02422310CD80E0524945D9A49C
S321101A0C20DF10B48DE5150FF952849437E639B4A5558B673905CB9F9A73764A7110
S321101A0C3CB728752151D09A1534939185FA162DFF9DD391AA1A2AC43D1EFD317A58
S321101A0C58A9810B84286CEB55B336A87B86C571C25EED9A7ADD52484CF6CD2D53D4
S321101A0C74F15BE1CC9B7AF9044CACB6BF7F444E19ECE001F65CBAFFFD3CB8FAE4EB
S321101A0C90A36D9D69E6ACA9318DB7268D19026F1648FF5E924D41CF745F50443CC8
S321101A0CAC2963361FE329F0F5A474FE6236B89C6EC83C79B2787B2C560B60739C9C
S321101A0CC83D4D8298EFB2C403EB3EAD67CC607952F0555345EDE182AAF38D94486D
S321101A0CE4D4E1174EC5E311CB720654E4745C0147EEDA7D5A2D31CC89A2199A9F18
S321101A0D00A7F10629216D61A9A55AB3672A6F450B5E08A60F9C9FB986751317FF13
S321101A0D1C7C9FA115DB3748FFAC24AF12CB5D4E5B2FC66D91FA7B15D4965D04B601
S321101A0D387BB30D5258F21937687B4CE3CDE9F796ADCD5DC5CE82A322310DB82527
S321101A0D54DEBDB85FAEAF0C592136660830B2D0C14F9D79006D183B3E766BB88A21
S321101A0D702D8A6FB4885BCF429DC2C8C5454BB155CA4DDE5ACD9BA467EAE23175B3
S321101A0D8C3487B314265DDDD5B8CC479C575DC6937F77B3C78E9F85C03CFC2A4864
S321101A0DA83B9A2F7C6E5A7183CC9DB76996BA5889D73BE869B4DAF1E313E2817D51
S321101A0DC46CFA22B10D1804507D2233F319704B24F16F2E3987620910190B47F848
S321101A0DE0EB6C4D236B672D49EB98AA3E97F087D4AE089DDFFA003855A1AFA3358A
S321101A0DFCBC0BF43B07C028485C3F75B8AD6C21C509BFB64BF3719A746521075E91
S321101A0E18CCB98D7855138F9CC01D540861C1BE38773A57BC8A29889F6EEB0F2EEC
S321101A0E3436B10ED99F43D5E5F8DE265308946C8A21F0359C36FA89508DEABA7596
S321101A0E50E6EECAED7B3C5A880412BB3DC67694182B1BA76D3058BCD6390621E97F
S321101A0E6C35ED20968637E17E1A41740F632EAC09047A2ECDBA5C2894CCEBC1E37C
S321101A0E8834DCBFAB5FEFF5AC9A7D9B0600825DF5F16FFE286D53FC428201D3DF70
S321101A0EA4C2F7A08C4E3CBCECD2D12F4D23E4A65D4013B6E0EA6C703363B3311B7E
S321101A0EC0E5984354470A5E1116FB38D7E9095429E4F840E43AC938176DA6DA4DF7
S321101A0EDC412276CD486A348EC06DF48CEB2DEEDD64844CFADAB66D2A659AC23DCD
S321101A0EF88DEE1DF0EDBDC080BD623729AACD118FB242302677A9509EC54A371AEE
S321101A0F1489D58F1915C71A63244D88AD3EE5673D25C1F55851F8453A5A71D1F935
S321101A0F30AEC5DAD4C01F899B5D1324F3D5359CC48E730BF9A90DE14463CB767E5E
S321101A0F4C43217BD21063A767194106A1DE061910A5BAD6FE689846B41228E6B715
S321101A0F68CAD705C4105563483F53918DDCDC48AFAF3B76F0F5292E16434553785F
S321101A0F84D573E4C44CF2897149B32D4A9FFF2CD98DA1F3AA6A1D8959A83C66C2A3
S321101A0FA05B9F9E279CF3F6C9EC7B9AA6F07188BBB3AD27EF6CC45420EC74923A67
S321101A0FBC90D1162D834CA9DF7C9BF28DDB31E6FB4CD366AA7784CF0B3E18A95216
S321101A0FD8266304698234CEA2A4F331DDBDFDE57B1E4AFBCE716F0EC1ECD580B819
S321101A0FF49A12D239F13C58763B08EA165F93DAC7572C82E93E1B45B836F2E91FB5
S321101A1010D00E75B48BC1AED104DB040BB3A4B6A97301D86180545E4B1B6F441313
S321101A102C89272CA0722AFA0563DBC1218B5BBF2725F50F0104D67FA426C022DD69
S321101A1048BB1F294DB300F26C6D111C6537E82A68934F1BCC78E77237DC28B1289D
S321101A10645836A4F10C53A66CBA11CCB46B7D02565EC3B86FF72DF977676EC5416A
S321101A1080A200638866B33B488DEC380F8D468EA76F76765BF3C3028AAA77290FE2
S321101A109C22740D403131CC735D221A2CB41FFB5A827E1160AFAF63D93B0D7E0BBB
S321101A10B8467952D09FAA161F6818E50862EE879CF6508B21D1A3932B7BCCB6A3E9
S321101A10D4BA6DD22E878DC034DDA11CA73675AD3279BF22318E5919C1B88FABD8C0
S321101A10F03EFC8B9AB92C97676178F9D83093C62C93BAEEEEBAD213129287300AE6
S321101A110C92EB9739E32C74ECD3CA3D22CA93D4BA1A99A586A0DBDCDB44B1C89394
S321101A11285F9664C12E15E5BAB05CA302E74CE41505A3E5914E02983918E5E54B36
S321101A11442E0E45182642BEB6B3DA182A54EF88067284505608028C7A9F6ABE7760
S321101A11600420E9CEBD36DB3BC72EFC180524C1622C2B0843F690A1CC52432A5660
S321101A117C5760E3D34763E0061C875DF1131419F882BA13A507FCD9D6EC4EA90672
S321101A11984C6E0952F57410104CEB12886FF87D5F4FC4BE8BB5A76BA95097F86E40
S321101A11B45B79C19776344C966F65476E1DD298AD0CA573B3D6A186E1CE2F007454
S321101A11D03FB6A351748C3E6E1496E7D32A10B6F0CB38F6277882CEF279E2A426FB
S321101A11ECD3FBD5213A2B0CC07F0F55C30ED1F2068171BCD41D7DE3D6A66AE84A2E
S321101A1208A42E7CA1A9757F8D00CCD13DEF8E8BBB71D9091D6D505644E81DA7A8C9
S321101A122427BB2572D9B7ADB22B0DA4E566E7D2BA927B45DA38DE58EE43EAAA9E7F
S321101A124090AD65FB40A4B5EFB01FC7816DDAD1C99470CFF919C0D0C4753C19DD65
S321101A125C0A9F8AC41CBE74A4DF09D855E4B4DA0B4AE6CD69560960F1F50C8F3AEB
S321101A1278D01745F3A2AFB8308204409A2EC53E8756C16FFA36599AD3473BD32BBE
S321101A1294BF2574CEE21F3347B8F496BB3981F8A5F89F7A69EB97C924CE3E47FFDE
S321101A12B0CBB811650CB293653371B25A24E5340236C38AA3F4BE8DB48883B2D3AB
S321101A12CCB00B0EFC595A91C9C08EC8AF1D9B71596D7B7BEBEE07F65B97ACD4ED25
S321101A12E88C6A69374BE0FF8E1DF1D2F43F5C2A00762CDD1DDF7AD23BE665A96875
S321101A130487198607AE884A4FD19920BB8F2FFE3120F3C15EEA967CCCE86136AC4A
S321101A13209F354C93728A3C19596848AA37CB31A4A7BCDE1B2EB5AAB6A9E978DD6D
S321101A133C3E9A96365A222269A0F339DF77ECAFA01C5E080215BF6E2ADC664B05DB
S321101A13580DBCA90C684EB4D02ADE8FA7790BF1644AEB3DC5AE76B525E04F8E1D6B
S321101A13747DD15FBA61257E11A14F7A8C9598379C6FAD14CA16C0DA3975FCF0DB9C
S321101A13900CC5C4EA89C9FDB3816DBA235AAB554D5621C795FC5111C3CF2435FC06
S321101A13ACCE20198D9B736830696DE2F1FF5F8371E808FC1C296B2F3614A555931E
S321101A13C83926A1753ED986C4AC4703060018E357AAB0D873DE747CBB8DF33E4584
S321101A13E43B85DA085F6206DDE19C167CEAFAB984B89417F5EA30ECA0EAAA9C61B8
S321101A1400F462AD2ED194702C66925190F71BC2CA2462AABD59FAFC002310EE2575
S321101A141CADEF3DD9BF0FB0DE2908C9333464BBEC059098B8B69A8FA8271633220C
S321101A143886D245E7136B437100297B1D82FE82BA1B36FF9AE21AD5A5C041F7EAF3
S321101A14545D9FC9E3EE1C19202011A2B437A86528C77C340EE2494225396126ADEA
S321101A1470D74DB6B1C673488A6B5EA2433B39DC7887F5C4D71104A1E16BEBDD61E2
S321101A148C6B8434F44F39D3E5D89CAACE9129A283B1102A9FBA88378860D5C29ED2
S321101A14A87F67B502D5D1CC9EE3E2A34459ECF90182263719B9D6DA1FD83D1FAA02
S321101A14C4E8A04687A4DC8F597D6491596C25974C8DA6300A1AB2C7D7C91C16D03E
S321101A14E08185496E98887E39A1071D8311BD390256FC9AEC19884BF43DA12E2CEB
S321101A14FCC3B42CBA863E561BF42ABE424E95A03C831E973ABE9E3867904137FAC6
S321101A15180D32EC5C5D24F86B6F0FEF0EBABF4EEBD695F6D4EE86C86E1770C03792
S321101A1534AAE42A232280F65EBB6BB173F77A8C454B1CD2BC5B449B817710769AC7
S321101A1550A5AF25ABCB625490C3BB53C969E2FF6BACB4F7FCA806076F7E41FAA3F8
S321101A156CCD7BD73F7FBBB20B70F6617FA7F38EA0C2AF7F34021635B26729EF31FD
S321101A158885038D8E5D7487812DB1FB087D021907DA3D8BDBA58EFE1A4219C0BF79
S321101A15A4B7AACC433A55954C963E7C81897A259B6B56C3699A379519E294ECB108
S321101A15C03A5446B2304DD72F707BDBF619D45DFD424ABE3DC22E7AF9F8524D7FD3
S321101A15DCBE927C3EBDCD85B3784093F983F4246153A6CF575D8D59F0392B976DFD
S321101A15F8F867789F407DA2F311B3E41DA2D577A781DF14C146DF25F2E23E34962A
S321101A1614ADE070933529CBC56BCEBBED1A5062D05BD6B90A0DD0DBBF654774D430
S321101A16303F5759E7036708EC885D8715390A33E09400A8D1F7C95E994ABCD25A6D
S321101A164C2D5E3A34F4138A24D12692FAD484A5F7FCD17F6B8D6401EC8191FCAFDB
S321101A1668AE715607137DF9D3C73E0E9A8DA098560100070BD216741B1DC1B72453
S321101A168477CF3368915D6923E495229E30774B8522106ECD0315AE55B4CA7FABDF
S321101A16A04FDC9D111C8317A4A6482FB1CC546793199B3F2B03FE9C07380E336048
S321101A16BC1310B0B92E8C07658FD382D340DF93483208333F8BADBCA5EBA97A52DA
S321101A16D84926EE4B4F8113A575BDB7ACED94665E40C42104218B164204F73A9FBB
S321101A16F4EF2F1D16C4557F2B8C6220928DC66940A53B86CB9AA66E8C2B9DBD0208
S321101A171007ABD887B1D41EC30D5B287572245AF7F71F39140A06BD6FC1F60C9236
S321101A172C77047A7E0A41F635BEFE448BFD5C4C725342A0F7099BB13FDB4772434F
S321101A174848A0A88F986CAFC2D906B50725283CE6A86000814D3CCE8A6F8AFCDE7A
S321101A17644595FC5FB0F325DF31D1CECB487584AA7826989E5F223DDD3307FCDA58
S321101A1780CDFD6592B020D8C6863A04CD2792065B2F86C0C31BC0C1BB0D233D083F
S321101A179C6B84E7021647A997F97D80B8B720EA5F0874772E098A72A1DA236E325A
S321101A17B883A9D7C0BB58539A92E38A07145C36035011B754CC375B529AF28CFE41
S321101A17D4ADEEA8BFEC9B25F178457F3004C0B3D766C8149ACCB57D6568FA33CAD2
S321101A17F00A9D6E90B08F074D502930E5ECBAB0341B25F473DD1577E4C7EF5165FD
S321101A180C46989A9BADCCE7446D89607AA325F174C02DA3D03076145762E253FDD7
S321101A1828D2A31C0085B67F8D06347C7EC9DCCF7E9CBD215B5CCB1DE5C90835D79B
S321101A18444BAAE6710CC853F94DE8E406B8900A5F6CFE93E2DC2771404276336E30
S321101A18606325827441F181A0A840E94EFF09B21A2A6C642756B8E37495D3C3D8EF
S321101A187CC5A21837DE55E7494C9C7585311C55778DF686032F0839A76FF3A8B22D
S321101A18986364C8C64BCA410CA90D4DB6EEB047D07B8E9861DB203EC2E3C728E030
S321101A18B45EDE4BFDA65B4E92A13BD26541FFBF3CDBE47A049621C8C1575A24FEE5
S321101A18D0404CDCBBDF3002F55A58EFF0C1C1EE13296DDE12E44F631745C9C4305A
S321101A18EC92037CF3384595D8919CAF0234B80459854A316D34BC95B8FBAC690CD5
S321101A1908EB6942FC94F3E4673065000244B44A82644DF4ABB86420FFA763778840
S321101A1924B984BC0FB5E1A77154529E31A8A1CB2BD52A9DF2F9E6E49FD095A95CB3
S321101A19407E37EDF452CC51933782EB9170452C5F7D866CE2C6348767404E7DF416
S321101A195C8137D231186B7007D22D189C05D3F81F568FA15335CD98C130F67273A9
S321101A1978520E8D9BB17F3184BBF49C1E696B5A6F3EAFA0E5FAA3F7FCFF3CBACFEA
S321101A19942897C9663E39611AAE3C3C93B785A5CE41F5E2C62B142562BDFF3D41E1
S321101A19B055C87620C80DEC2B4E5C04270AE899A06304B24BF4A9D27470604D1ECA
S321101A19CC945DE0C24FC25DE6549328CF293E80EA4239D46AC622FDC24DA273086F
S321101A19E8C0E4ACD1E7A84D9878E260230C8E9245DEAADF24163F16958C1D84AD6B
S321101A1A04C69EA265F191B0DE47B72426F788B23048384542484195B422C1E1A233
S321101A1A20FB003CD8B553FAC065E2B10B7A12032DA2B542B66CF9EE15EE26920885
S321101A1A3CEC3EE2B2A00233375EF4A2A1D1B1D06CA4F53C6F072A0503B7FA2B26C2
S321101A1A586E41961FF4DAD7C02EB771EF362C3BDEA8F8F2EF8A31F3058B3386251C
S321101A1A7430255DCAEC4E0CE66B285F732F40A6E04AA6790332F1A93AA9C6ADC5D1
S321101A1A90B247B64AA65768C9590B23914FEBF7A61FA0780FB7EE671B4C2CC11F2F
S321101A1AAC1100EB9F934B7E8F8BC94DF3460DC31BBAFD82287CA292B025389204EF
S321101A1AC8A79F4EA3B2981E1BB95EC0DD1B7CEA0A8ED58E3C2A0C5F7A6EC72DCD6E
S321101A1AE440747B144F54C8BE4D07415FC63B90A87D9AC5FD7CD6111B052E671C10
S321101A1B004F103D1BD36FD4794D14896AE03B0701079B997AF4A4EDC1C1A0F92C5B
S321101A1B1C2BDE80540A44669556E63A8282A4D043CB3D9EEA63960F1DE5AFEFF9F5
S321101A1B388D28A756265DBDC6A15A4ABAF6D87A93C8618D9D1FCA0AB6B0E23D768E
S321101A1B542F78F939C0EAE93B5EAD435C0237CC42430DA6684567AB2BF74934C099
S321101A1B7048CE83068F9EBAD2B84328449CE41B0BFE8B2A712B8B40EC81C9931CC5
S321101A1B8CD24A3B8ED4392B27F192A2D0DA699C5CB86A3DD847F4CAC15ADC33D75C
S321101A1BA884B869F7A51EB7DF6DE6CF7EF145BE12B913A88A3722DE4F96557D3B2F
S321101A1BC4539DFAEF947180DB6B1F8678D2B4CD33E8C888468C409D0172761B01A2
S321101A1BE0DB0FCA036D368CEC3BDFB9B2416192FF3B14700D1747D3989DB7F3B49F
S321101A1BFC0722FED87EEC1D837E113062066C4BF09A01FF1DEA355959D33CEFE957
S321101A1C1858621CF5A0BC115709DA29B7C42D7C6016A256338D4EA36447B5ACF6A0
S321101A1C34F0946E05E02BE7B4A1E0BC530E7E16C4577FA72025DAB9A5DA96E25C29
S321101A1C506C6AE83409B79797D4D31E9BA9A05A1F3C58565D958D818E9EC4D5C2D5
S321101A1C6CAF9192F93FDBA2EF71A0D405191962CBDC5C65E3575C3E58FAA8784446
S321101A1C8837A01F98F3A0DDAB1BCAB814E2D34CE33AA27D2E1524179CEBE26EEB39
S321101A1CA4524293ED2F2C3C7478EF34C19881D4F2E2EE83BCEA266004E08FF0694F
S321101A1CC00CA0FBBB104278400AE2CDB545B377F0AA155C06E2576038D3B4E73B04
S321101A1CDC382D677FA97B37D488792313321957FE7FF89BB91B3D94211742EA7CD4
S321101A1CF843E4681FC9F35D018DAFFD4CE4011F9765A3A898562E1BC3CEAFA9B92F
S321101A1D14C79DA7BA40EBE408693C4537DFF36D7B5140E83D4E6514E6A2F02A416C
S321101A1D30B1DF098542CFB28ACD7307B5B8949057FF3E44F88617002920EFC96E48
S321101A1D4C8201FB44C89F71327DED5A2AF9EAD2FBB2864AD1C582486257365402BA
S321101A1D687D2CF86D54EFD91882B98C4AF962B8FEE055457D871710E9C0682C5D8C
S321101A1D8434095FBFEEB242E9A6B4A3A6B1B6B2FACF1AD7D117B1F09DA7D7002CA7
S321101A1DA0359BAA994D82164F68924BA0ACA8DF8375E21079B86DFA8058B57C0A03
S321101A1DBCCAEAF75676FE8D5DD984470027D4F31704ED831EC5EFFE67C3D100F4A0
S321101A1DD87FA7CB2188A6D9061010167E7A665271C75FE819F1D279E496CCBCE103
S321101A1DF42ABE9E6EF10B675A51FACEF44F359B3F8C4D5418DDB2456F4F6459BF34
S321101A1E10DB69A743162F9D8D6A3CA798A2AD0A6854A58B7385359B5C959E869949
S321101A1E2CCDF5C04E925CF712E8F7F4F4638FB8D5B7E9AC4AEFBF99677F8CD3D665
S321101A1E485D8B4798C35C23B455E37C83C3ED8FCA0347EBE1B11302E54A3C59FFB2
S321101A1E649CAB96910FA08BE1F2D8CA6D9E942D5A0E0116E4475971A18102F7E3D7
S321101A1E808915ED951E3A6CA29302E56B13B788EDC43BF89C8EF54DAA5B10C2F63C
S321101A1E9CED79A38CC194B4E6E4932632E57F7A5BCBAFB5C53209CA855CD3F1F1DF
S321101A1EB83B756E0EE2D37B5E34A5EE3B38724CF1013B57A3DE44E80812F304D01A
S321101A1ED46DF615BEC444568F6D9BA5FE8553CAD0D9EF1FF4F272E4C19308CC2611
S321101A1EF0DF02996AD8288FDEBF40A8F6092E41549DC454CD16FA23F2ECC787A665
S321101A1F0CB535D34E58CFF2960BAA0C7435EC7C766F27563B757318D4FAC4C130DD
S321101A1F28A55A50E0E5F6FE9365F18120570A4BD7444A2B78E67BC3FBB7F2D53852
S321101A1F44590BA2341340487EBACA16C9BF9F6566969AC3A2B5EF40208537399252
S321101A1F60BE1F33BAC8525731B131D2B126D51B30D7DA87672DC0F62970980D0559
S321101A1F7CCF760B937ADD65C0165B2C0F662F12BBD620347A963DA5C131D4F50CC9
S321101A1F98ABEAE891673F071EA671703CFC3534D4BE0C4102AE235443DE95F53A11
S321101A1FB4E69BB10AE0EF718D2CCC56493FAEA415176C93A2163EF3AD737F1FEDF1
S321101A1FD01F4291C326B314933A068FFDE89070056B58F046D810C6475D5CFCA193
S321101A1FEC40BCBABFF3E5888366A5EC26FEAB21351A79996D9EFBB49697E44AE113
S321101A200866F77265484075700B56AB46E72A1DD884CFF6CE10A0123DB994EB57EE
S321101A2024E1855273C13C031221A6F81686D7EC9B39BD01CF8BC699CE934A8BE2B2
S321101A20403E4334146AA6AA949A30F26BE66E83677A4478778CFC14377B6ABC5A5D
S321101A205C79B12EA709CE5BB54E8A43D26F440284FA5FFD27C1B1DE004EE6F6DC59
S321101A207855B1337E300E87ADCAEEC04CC20E5E920AFAA923F62420C28E7DB1984F
S321101A2094C80DF75AE868A3BDD1C9B56BA7C8DDB25FC7DB5ADB7DA75E88EDA7CCD2
S321101A20B0CC52F49D16AC3F34F787D4CADFE02BA2FD49D551C4EF137462E1FBE292
S321101A20CC930BA339D50748C77EDCEFB6CEDE2ED565548C7E6A8A9FB9C1D6635A52
S321101A20E83649AD74321A9A2BCE946E8DEF4D36CA26A11E57BF2CCA790FC5CE4B0B
S321101A21047C107B7EBF1382F0F517B7E7C9131BD8B85B66FB6417B17929C2718850
S321101A2120D11A1E6C9177F55CBC56ADB75F595BCE8FA20DB2470B5ADBE7CDA7ED8F
S321101A213C4F25EE6460E677EF0A072D8BC32BD94001B06FB343212A078D6448B1C3
S321101A2158B4B34CC1C205F72C60EBAD325329EE2CEE94B95D2F30453F4A92311D78
S321101A2174CC60F1170CED07B58E3471CF661A1D1488CA702117D89A9DB1FDF200DA
S321101A21900D3E11B511F61CEE78301B2A1BDF86FB223B86BE2085B2BCD2C11634E8
S321101A21AC9DFD482D31B61805F9CD849601B4052B421C4E65421CC3BF2660FE405A
S321101A21C89657AD47F05A86E411CB6B60384A36482694359FA3080B0F3AC7591EC4
S321101A21E4AA5CBBB04225C2FC6DC566DC9A08EB1F594152CE815CFBB2E9B4807523
S321101A220000641FB7AB6F298A84902C19E56FE96778184EC3DA3A23E98F11C8BDA8
S321101A221C1D832E477D76729AD5B8635D15EE9CAD2BACE2AE0D9E1669B470AECA9C
S321101A223810E2C1D2E0B411F6AF9E0041B1E03E2D792AC9C6BD14F03E40C2D52484
S321101A22546C597D2FCC99ED5CBFA3CD885175C40FCC32211FA809679A55B1830B4B
S321101A22705F3DBD847E11A7ABC043476230C44AADA14C6FAD3421AF4C1F9C63DB7B
S321101A228CA810E5E546E39929B0E637D1AAD6DBD8F5A63202BC78CC50CEA661B91B
S321101A22A882107BB73B95C2E2BB3D2BB8468FC95F841B0B817235EAD0D7CF9466AE
S321101A22C4623F7AC185774553E40C8F8A5BB14B334EBA59983D046459925732C0F9
S321101A22E051E22FA5C8427A9046BA242A05E92D303C1E54F927D4BE970A2F54C2B8
S321101A22FCFF15A007718974261195547E6479DBE7902BBAE6DA2AAE189CB975BD84
S321101A2318B53B24BE800EAE61E971A8631AA74DEF8CFD2B7DB1147C5009106E0C53
S321101A2334BEB59525CB5CE8FCC3F69885EB6BEB231F1785AC0E8FEF3C51819EAF9D
S321101A23504FFB6BAD69236C8B195C35B3F6E15DCE08B1F18B9D6AE6B9552DC9E4F3
S321101A236CFF352C0BB0FC1B93F08CB62692AD51AF26680666DC46C78DEA4770496F
S321101A23887EE7DB1529FDAC58C0196DF4DFBA977302B930CA805EE11CDEC6ED3F4D
S321101A23A4526895A2E8A13166C2905D0B9F89D0EACB11815F8E1658EA2C7B9D401A
S321101A23C00C53665B0855C078579901E641F2055D970185CC70B30D6B0E12716D2E
S321101A23DCDFD9B9BA44F8C0755F19E4CD6B2CD8AC7F72A6412B043061C30F806883
S321101A23F83154A0248DD7CBD14A41B87054B9E462059622FFBDD6CA943B9A896AD5
S321101A241485AF40FA9F82235FD0B1A2B4EFDDD80740B856CEB178C1EF9339735D58
S321101A2430A3A28D6394A9F4B5B7DBE2C26F60259D8D6FA8E1BE2E2894C5F7AE36B1
S321101A244C27611B0C44D31F4A6E54A3B6ED2C571F9F5A223A58642A07559112032E
S321101A2468AE83BAE450EE77DF5A39D664A3D5E24C1E277B7A227C0133AA502C6AB6
S321101A2484F64ACA2C339D1BA6502F3C7E6CCB1DA5F46BB7BD7C637B0CAB4A18725B
S321101A24A0112DCC8DADE9FFB96772E1BBA32A5608D3D5FDB450BD030F687FD28EAC
S321101A24BC5E2A76B606146501FC143D1AA135EE4902496E3122EF58E63B06297B0E
S321101A24D878405A2C566B188E907971A67F362886C5A46341000810B52F2560A65C
S321101A24F491BA6326AF928732EB5FBB2E96F2F1AC5006BBFD09F10C7FC6C3B30C9B
S321101A2510D1AD07D70690E4AEEDD2B5F6D21D7581FFA6D14BEE9C35499D9E14BDD7
S321101A252C9CA0DDA62C2887E7728726957EC67B66E1B5BF911D45CCB42C615F460F
S321101A2548851BF05141DB6B6AB399D6608F97BB58CE9039920470B051F2B84784A7
S321101A2564470E4BD2A8D822E390A76425647B1B91B4FC9EA8FD83FA46756D5A5D9A
S321101A25807B0C7898BF6BA4EFBD11F92406C69CD56D1C21AB83602E1B5A5AF27EEE
S321101A259C5A6E69FAF6B9DCB2F00D031053B83F2D7889F29278600B527375C2E6BA
S321101A25B8522F1E56B9B8F235852D1A2554995F97CF34A7971C021F2987E8C10F90
S321101A25D467DF420CD0ADEB8E4A99B6373D148B18F0322CE6028C3F513485D24947
S321101A25F00AD8CD6957F7FF6C3166D3D0B68CAB456727F99BA0F8301B95A8757932
S321101A260C49C72A1233818E9038F2560C78E0DB52B84DEDB82FF954EF5A4A41DC7D
S321101A2628F7730813028A66EF2A0BEBB81A8EF29A4DEE335FD1781B013FDB019017
S321101A26440693127D3D4919EA7378B44FC90ABC075B8350B738523B27E9440F0DFB
S321101A266036BEB24F4F613FB28F1241BF9F93DBCF108731319A722069389DFE7347
S321101A267CA1D389DDE0C32EC22EAACB3ED3B7B37563FA9CF086818454E8A3016E50
S321101A26980AA5037791296BD254DEA6D016A441155BD4AB8C800D6B9D49BDD6F94E
S321101A26B483671D6AEFC524FB2BE3B4B326C7B31F457E22A523DF83DA0F62F330E5
S321101A26D092C82724736597FD9F44D6514C96C2A1B3C1ACCEEAC40C80936F3A49B1
S321101A26EC30DFE740FB54232F1205955101C25EA4091E8F5DA3B9545383123FF42B
S321101A27082795260376F07AC60AD37BF61C82098EC86950374568743D7723860140
S321101A2724678DC971D272F9E316AFEE2F6CEA076A7D52E5C760ED32ADFE7FE2AFBD
S321101A27407BB978A6257146AA5B9AC01CF9A5EB7E70429EE041D09C07A6DBDB71EC
S321101A275CA4779E9018E60B8D50FFD1C78FA674B5B6D6324243AA0892F519C1A512
S321101A2778033675F600CD166ABC93492CB30F11BF9AAF7007AAC9FBC8CD5FF100BB
S321101A2794E3D1E1B5144CE13BF53AB5D95FEF5AEE8DEAB06D4870A63385EE5DA546
S321101A27B06F532AAF9BC225765C807463FBC570C0183CB00186060AF663EE0DEECA
S321101A27CC4802EF6E36AD75339F44F27F282A008920269F8FF079D3C3E690DBA5F7
S321101A27E8758CDB4219BC3D14C9ED10075B9BB81957EE051F4E64997ED823CBAA2B
S321101A28040A3AD06F386CC6E1C25D65D5A560C31AA429B86747522E3950B4662EFB
S321101A2820C46E76F7CE9F1354FD509243A38CB0C6FA2782D358F8E5FCC77CE070F8
S321101A283C68E552E86C50373A70ED9BE9791F1058B3E3AA0B97F74A85F86CD48457
S321101A28585BFEB42D22E1F1DE1818BD2A9CED00A1C04E7268BE851459932DACF3F0
S321101A2874102B07CD4E3F1679661DF958D6D286D95CFB5B1AFCDE3AB55FC334E047
S321101A289068424EB7397A9491D118B522C56880FCB0EC2C5E3671608C1E132C1BDB
S321101A28ACFBEA111967E790162F42349FFAA50DE2B42E5F801069A5CAA3E1AF9D92
S321101A28C8FB415852AE4EC9D28E68FFF9F3AB09A3D57288B0AEAC4854FA0AD008BE
S321101A28E4E061B7B66049EF0216B838DAF5BB5ACA731E582886565BFBB5CB85DB89
S321101A29003908164BEBD36995A75D0458A71A151E4DA7028ED7A54E1207F0DC6343
S321101A291CA1C165DCD7A168B5CB1559CDB49FE04892BD11695F7EA590DCF4BEE865
S321101A2938288968B42BC609BB06CBC7C905166E8F965CB87E299C53C952AF88AB1B
S321101A29543D5790749A14F42FC831B32383A52ED2233229DAE2DBE4891722A45A1E
S321101A29706892109A1118883E22EB65BE475AE7048C3445A45A68C55895D22D812F
S321101A298C970914474CDAAB9F335FB7A7F59796FE2FCDFBCFFA3C2AFC5532EE638A
S321101A29A83CCB76F7B4204A3BF60D727004D39BA778158ACC49896632EA7FB6D1DB
S321101A29C4A986C7DE72CD06DE3AC6DE6301BA761940F94E2913B87A93BA378F62DB
S321101A29E003C3D810143DD965F4FE647989EF0F6301BA18AB8FC1FC212CBD9AED5A
S321101A29FC1AD5DE6EA1023658C6494DCB634326B99C3E24A6FE0204E6BE9515A2DF
S321101A2A18302FD377662D8357BD29DDD7A1B1A7D0B6F6E7D04E8ECB652F1A4F6D85
S321101A2A34EEEDD8742A70BF7CC60AF22E25C2666D2C6519FA0497661C298931C547
S321101A2A502445CEF713525657541DAABE371F7D7F63A160A5E225904324A879A9FE
S321101A2A6C2E3B5E42BF781AF5D2823C3EA970473DCC771179B33DE64C620C55743E
S321101A2A88E16E397324DFE8476493A9DA03950CE42CEB9F48E40D00557B3427F9C0
S321101A2AA4ACB15C0B84238E9590F2C06EA465B9CE5BB77C14368C08312618E4BB9E
S321101A2AC086A85A86442DEA2385C3B983ED6C13015198103B7A4ADD84E19B4E60CA
S321101A2ADC174D4A92B06E8B9A386CDCE7A69725663663A2A56C05E1DD60524BD31D
S321101A2AF8000AC96D2B4CB085EA0A4481A914687CD033B67C4097D005540ADDA58B
S321101A2B1412017FB3C9A5189E0410BF61F7A8F0426034C0EAD44251DF9D0C9F6DCE
S321101A2B307561FF045BA7F3A2CD3DD25D2AC66135AD02FF83600B3BEF024CD1CF76
S321101A2B4CAF0313D032044AC990E1AE5DFCA9461B09E169D506616493229F46FC54
S321101A2B685FD4B3F38C284D6625214DEFCE1CEA57FFC4B0B6C811EEB34B28551EAB
S321101A2B84D6C6E04480A6C0846ADE586D19B1386E1BA46A215ADCD282584C080DD1
S321101A2BA0A4DE2D8F163446A793A1CD1C99CC029FFA4822E7C5594A9FC9E404F856
S321101A2BBCD29BF050DCF256EFF0FC1B28ECA743A86B385FA0620586379D30F44396
S321101A2BD810F9ED2E86C52BEB0F1FE26A35921B03836D3458DAF13B900170EB5807
S321101A2BF4F2D07737C6486F4A6C9939FB19A7E4C497EB7FF6BE84C6A29115A67759
S321101A2C102A7B1C438E114530AA89728E7BFFD6528AC0EBB83C7797F09388B1C6D2
S321101A2C2C5C1C281B220AE71DCEC08C50C7B95F9B8C0D29238B0271698DECF12EA9
S321101A2C489A08CDBE3299D15071A92B01E3B6EF2180F8B4580E349B07E693F24421
S321101A2C64C1B3130B534B7BC172D8D7B6D2EFA379C5A860FCE43EC673DA1BBA66CB
S321101A2C804CC9290D4C418D110A6C4FECA1EC089929633B6071E8F391590FCF89EF
S321101A2C9CCB3C74C2A06E85E715BC7FF2AA88E1AD7C4FB26589074EB6D82044F48D
S321101A2CB859A8C2DB353B16C9B721ED111FC6F568184A2DB19956A46EB109A89197
S321101A2CD4360BE68022FA9BFE59EEBED87C8A29A7FE673A0CF1D469E8B6F289CDE6
S321101A2CF00FFE8A93FC600B45C5158353A9E6E760550E616B33A888F3DA594BE554
S321101A2D0C7254FA3F77DC79B3A3F71D3DEC1CCCAD34F316978120AE214B0A540992
S321101A2D285E33747B967748D408A3EC7C916E2A33A4F59855BDA4FFCDE7F68E75B4
S321101A2D44D9AC0D219C93951BFFFBB24D3FBC3FCA490C9168C82CA3D8D5A259F82F
S321101A2D609213832E372F12604BF1A4D638B45188B32D633F762BD0399559A6E0DE
S321101A2D7C6E87E760D395E9B6EADCD3B01D346C8F1255876F1ACC55EEC63BDBAF22
S321101A2D98C0776232E7064D0441067A2B89B19726EE9B2E544A87EB488905989836
S321101A2DB40BCC7B8B10755F454D6D8ACE7A4489BDB4591F5EE85B02C75890AF7317
S321101A2DD03600C81824653EC3F5ED3764C5D1239DE6276168377EC8279C9D4D1A2A
S321101A2DEC81F54D774CDB76FDC22362A55D6880BBF824CD54AB5864D411DB02DF96
S321101A2E08B1B91E347C988D9762FD948BFE31CC14A835ACEA88F42ACFD3193FF7F3
S321101A2E2456D0FBE2C2F9C19E12F91B26BA14119A11D58D3B3F1D0861CF214BC60C
S321101A2E40EEE0CCD5EA00851E052AD04264FB79746DDEBC69368FED758127F2C6C6
S321101A2E5CF8B3F23D63E8422D040C87973836A5BDFD2BB71D6F16674E6E7E11D095
S321101A2E78715EDC66530CFB7FBBA032DB293B071F2E0EEA6E8E81FB25CA4E0A51FC
S321101A2E942A8242597256CF9EAC67A6F9138363B5BE541721F6B5BA717BF55663CD
S321101A2EB00B946305FBCB6F6CB1D1BFA23AD3DCBD382E14E6F393EC8132AF4CEE37
S321101A2ECC4B68C7644501EB8732B1A9695AB6195274C68F49B73AF1175997A7E42E
S321101A2EE80B9DCB3CA6AD7A5E224A48F8BD50E688552B2501AF6A089F8B95E35CD8
S321101A2F042AE297B8495132159F1507B08FAA3E9F9BE6064A2013D3A2F5394DA32D
S321101A2F206E9D7F26B9C0F6AD56FB61FC7FB208378A63AC28C439EBD4C4E18434A1
S321101A2F3CD370C70325D360FCEFCF2118896949C5FCCA6C0CAB6040EFD280258280
S321101A2F587FFA8D46E132D3BB12E26E46A66DD9B9BBE11574460B06AC61DEE8693B
S321101A2F7431DEE0D1B995ED49DC5DFD315BECF5C2F6D7AE794611B9D5464616806D
S321101A2F90448E657AB9FDC921C8CDA2F11CA97A6AEC04571AB9287E1645EFFBD4FA
S321101A2FACD6296F2DADB63CAA142B9958BA377BA477E2189FA0F308A6F072B83416
S321101A2FC873DF43CE299CBC8C88E789F50ECD511A05B83D3B7337C505CA56C5C2CA
S321101A2FE4E95ED321C8D7609BD115506611BF8E5DD8692A8F7E97C8BFB42B354B80
S321101A3000D69231976BE23C9AE888BE5CA43CFA44486D56B7FBB39253E22E269E60
S321101A301CA93BC03ADD8B111F74FDF39F53F7B808538B8B249DF1E059C256D13078
S321101A30384C5D5988E0722D2C7F740F27FB3F2830CD968E1260D6F71373C9AB50E2
S321101A3054310096D9880CCFD6624D64077A89AA1B9302D6514243ACDDA6B1F57EE1
S321101A30706EA108B72B211DC50F17232274A998FC4975C108EA3F0588FD187F85A6
S321101A308CCB0DDF44B1D553E4020597240E83F7614787855C701C50D4FF113C7B6F
S321101A30A8BEE155729BA52D4B9E9787857748F82ECAE7AE1A9902ED9185BC5DCE9A
S321101A30C42A6989984AD8A1B8A018C6B279F73206D7FC362C6B1C1480624366124C
S321101A30E05D267FE2B5E6E51E3E1F3813C5405ECAADCC786EF35EC72B384890D3C8
S321101A30FC60CFC302944153196EA03C5AD2E881597C0B3A55BB246F64795C1AFA6A
S321101A3118AC0FAC4D3BCE80D29E8561ADAFF75E68B2B9CFE1BE6D1EC7731EFCFB0C
S321101A3134788F0B0BEEA5B609038FFF99E2FC9F7793A61B26C1A166F30DCA4CB9B1
S321101A3150FBE227713C9B76251ED0383E1F79D9AD1633ED16996E4603B16FDB8DA6
S321101A316C3FD31257110A380A410CA330245D174B9EB5205C44A3DFEE6424E82524
S321101A31882BA9D8D3F73480B6D7826FDC0FD744E13F4F06CADE6881E3226C2A7B31
S321101A31A4F17985D186C9081082AB6F0A853C0BCC6F0EFCAAA9EA50BF718716CFD8
S321101A31C0E5C7F065F214C54605A530977F52A3F9739F6E0E390F56EBBF186994E8
S321101A31DCAE937B0A03C79A0B4B4CEF28A4014ED4DBEAD72EBA419658C15B4DD20F
S321101A31F8B26C7DF9F947D7020F3BB133CCEB2E7BF263CD9C155757FA19DAF9A247
S321101A3214D7C9CF1CDF373E42CC12B76A53193B05C1C24E0AFD9866E94593762570
S321101A3230B571BEE5DD21526195CAE18C66BF5DF9CD09DD9693957CA45736C6BBF2
S321101A324CFF38A4BBAC1AE35202B6F6FC7665028CFE58221AE03631413E3091A1D8
S321101A32689AF56A38B12C6157644DDA013BE6B79B414755A097815DD6A591C95B33
S321101A32844F0DFBFC7B0A9ED69B5F9CAEF5AEB05A90781B85705E64CBEFA9EACFCB
S321101A32A03DFE9EE478B353349592B9C8683A4A5A769D1FE55A837497F50BC92C91
S321101A32BC387FA7A00CA1E2CC984C4C2F860E72BBE7BDCE1B9B175476B18F36DAF4
S321101A32D8553CF72D858CFAC1812D1B2618C684C323E8108D55A3B46A821E9367BD
S321101A32F4A12C4A10CD87DFE0FE86150C71C0059C68646188C99A572110D3EE522A
S321101A3310EF1D8C47B68605428EA5C81995394AFD25127572EFA071DC9624F5F746
S321101A332C91DA97363A949FD1194314CB5EF66EDE69CA2FA8021B77BB7419CD450C
S321101A33482C700D20F605FDC0CEE29D87E3B10A50C1EE7220874A962D1D8471EF20
S321101A3364065A58BBB0BA2ED16DDF9FDA1A508FDBC536755C094ED11038319A059C
S321101A3380E34DC1DCF5E14BAAF7B04168C0B9E8E52D8C54AB140BA38DF042A2D127
S321101A339CBD0F762336D74304BF4908247F3DEF7E92FB67D431E2156DBA341E79ED
S321101A33B8DF0C3D4843511A86295EA948F7CE2BE961E3E9F7B218E5F860C1DE8F7B
S321101A33D4979689AFBBB2FC0B075EAF4D8131B7A51E57E21BFF006DE619C01FFAAF
S321101A33F0B2FA459ECECEB5DCFFAA8C3052685B49134907E1B9F6C4E69FF514A726
S321101A340CB374BBFB7A9C0ECD625C4C001A6C7501C07D7F9C5FAD92A9F993CF8F17
S321101A3428CB4E4F9F774B85CED3534651BE72CC7E2758FF87C48B93EB9C3711F15E
S321101A3444777060871DB1F06EF06D1101B96C4B54B648B77E3069BCA6AFDCD0BFC7
S321101A346083EFD175A6CD6C7EDC9EDCEC2809F722924740458D9B25D7DAB1B5615C
S321101A347CA6DDEEA492E4179DD7B416B66DC0EA4B83A27D4D92F9943701312C1A4F
S321101A349884EDA3B573CC8F21BCEFD0B173064B8E61AE91B724F01F86CFDE8D99CF
S321101A34B48EB5A1624F06B4F25D76FCF077AB17C3EFA7D5107C2FE95F7E75E44F3C
S321101A34D09588C43177BB0937D77A4EBA59798DB5A30B6E41C9D60CB1373D8AD92F
S321101A34ECDABA4B847C09870F7413671004C360578D23A37CC91B5EC3F2F4F97C6B
S321101A35082E6AE5515D6C0EB04B955A61CA68E8E15AE34BDB019A82675CE41BEB5F
S321101A3524249368F225B1B4F04BA056D1BAAB10400AA60CFAB15AB54A07C107B7C3
S321101A354003B2B4C4CBFD87631D2566F39B22D3556B85B350BA8212D0F215EE0CCE
S321101A355C6FEB7F5741D6E88358E94A2A6D74E333CF4D7ED436F8E7491C131C911D
S321101A357880D4A7154DB0F512795EFD6F4CDA7D3AADC5ACC7807D2F03312F2076C9
S321101A3594374512AB4E6A98EE309FBD2C10CD60ECBBF3DC3D7E488286978B792B38
S321101A35B028DE20888E9E94A597BBC462039B8C3C1A032B74BB62521E53C5FD5C24
S321101A35CC6D3B1F76C3B544DD8785800DB622702BADD455DB0ED612CFB4CAB280AB
S321101A35E83B98C1F66C95C073B3FD339707C1D2092EDAB0A2D2A0BD268DB089C087
S321101A3604723C7777E7D8A632A96B3E92C1031B2AA50D16EC8352C5FC6BED8789A8
S321101A3620E087ADFC46A5C7B3790BFDA25FC3F766432D1D34422590820084155D17
S321101A363CD443CD2D501CCF6B5D4E1F15658553A23D8ED6166C9065E60D763932E1
S321101A365812CC5E88D39134005A7F669D6414FB18CDA5D180D3389597E7C81A9010
S321101A3674FB8846E927144CE206182CE3DE904B65046183FDA77FD5502C856B0553
S321101A369025DED9B53F991913041DF2ADB2F7716A389D48AC055CB618D7452FD6FC
S321101A36AC50B46772D612B55E3DC7514554D783A7ACBDB9A40FD22202596688D920
S321101A36C853349AE56FC74DBB1C5F08DE8E7A1021DA13C50092409CA64ED2E20C04
S321101A36E48647C99661F894D4011F9E1A659AA5F451F951EF8D16802862900C5C0E
S321101A3700FAA979126A1A521BE04844CA052A3B1A86AA3DA4E5FAE59EE2D49CD50A
S321101A371C2D7CFC947B489918EDC9C750EF4C58224414522CB3C487F91F8DBA53AC
S321101A37389085AF18B502612BE673F9397EB47B42E91BB29EE11BC1C73EA1527E25
S321101A375422193FEF893E27A00FBFA667504067BA022A58A53A3E9779C9C3C22681
S321101A3770F633D962F5A30A33DBC65B56EBFEA13581647ADBC9EE4EA3B9946D9C8B
S321101A378C65C6BE1C3863ABDC0499AA579609CEE77A9AF16CCA079E326E7AB383A8
S321101A37A8135E56EBE0C57178B0CB8798EA9F68FC49E7EE8BC23E7A37666E7984E3
S321101A37C475E4D6A21C64206B2BCD75C70574825B64CFD290E42A28804E7C850BAE
S321101A37E0E04512805F15BC11B9967622E5C156B3D104ABFFD27355E5FB59EDE8E8
S321101A37FCBA7C76EFB64EB656082F62C684B26D7E372BA57DD99EA363D64A72744F
S321101A3818E04531625E8DBFF40BF3D9C0656FBF687C19DFBBBCAC8B9CD1E6A189DD
S321101A3834C02219E2DF70331908B22EA86AA36F4F65823D35CB3B01139AEFFA3649
S321101A3850B4D0A83C96863AACA7CBD68761BF0DFABD3AE66948B3C4EFF9987A903D
S321101A386C19CC13BD4E4756D34992BEE9A2ED92098867FE4B8D628633C2D6D7EBB7
S321101A38887AC83F28BF2FE51BEB8D0E0C3B72F85E09EEABE0CD650E3595F9DA6306
S321101A38A4C4AAE376C60F69ADF68C2D4A61C05148DF20F36B9D59AB12B12D791DEF
S321101A38C00BE66A18227ED23F868FF46664CB2128DA09AD64A2A506B17962CF1FF6
S321101A38DC1A51F90CF03CA6EFB7F6FFC226CAD470DC2407E13CB711E93415205837
S321101A38F843566DF974D944C071D05706327DDD4027FA83FF6B88FF408462179D5B
S321101A39149FA3E8A8AE34C36C3C7E5808EF1CF2B33DC1DA197E807888AA60F0765B
S321101A39309CA677FD57D795B4494A04A6FDAD1E25285B46588531A79B38EB12772F
S321101A394C41EA71BC88685F10C3F763B079D4EB792F82331011F0862CF9E5A4577A
S321101A3968D971CAAAB04998F1FF4F7060C8996DD3DBD943B10225A651959DF7F134
S321101A3984FBC2B9478E4D3D3FEA566DCA68A12EB089C3689B7835368B2BBEDD33CF
S321101A39A0E069DB18FDEF53C6882BCB5379C975B9421750C320D3CE5E9E4044C4E8
S321101A39BCCE396E184AE0C337AE8246210B3A56CC5B4069D03171192448961E7AE7
S321101A39D834FCEB395B180B71662EAF2E63F5CF5E7577A6590CE5E1A06400584A07
S321101A39F47AFFBB5851AAE9C858FE0B4F8EBD3C788E67B4B963DC887051539814B7
S321101A3A10EC64EB540A6FEB903D544618574F4BB386C98FDA21F22C97A497001F6C
S321101A3A2C2A7B6A2BCCB3DA7AD015A5555483318EACBC6D28A55F61F1317541E1B1
S321101A3A486F07A460C422F8D61405608B423807FB50CE713F8EFF38FFD54B9E092B
S321101A3A6437DFDDD9747EC3E60B90AB3184D14F2037AC3BDEF4F70959AFD9495505
S321101A3A80A5235B41EB655DB879743FE1529AF203163F558179ED9246FDC1C3D980
S321101A3A9C597B61C93DD58AF0C2EFA6E883FAAF08082247512C67905CA6C9578C4E
S321101A3AB8C49A861298CFBDB2FA59FC4675B0914755DFF947053861A585F8A38508
S321101A3AD437DD2F2FB53A6612E1BC24FD608EFCDAE255FA9AD7B163174F46DBD836
S321101A3AF071A59DC62903207CD0B3DAFCFC5E68C5EBBD151C4EA4C14272B11F4415
S321101A3B0C7F6364E0660667B2615899F02EF7AA3FF939FA2B4B6685EC7998FAD11D
S321101A3B28907A727039F6230C378A5E75273DD311B46D2FED952C45E866183F5CE7
S321101A3B44408DDE74A559EF29B0D760534E6DFCE3067C83CD2394297AAFA1F6F8C2
S321101A3B60BF1D42A89C717DDAD4512400D539B457AD90628EB3F7C5FF2B623A53D8
S321101A3B7CDBC37C0C72D638A610D73A2E0E9A22429D286C4F3CD69F7A74981D5C26
S321101A3B987FA0BAAFA3308FEF5CD6691F053172E51A275D829594E8932DBCA3630E
S321101A3BB4A55510FFBF4B344705CFDD13D8F7C774456DE7352BA5084252D0E4FB80
S321101A3BD04016CB4902D63EB4C6509D8BD021F6FDD8217CB18D537B3EDC7DA27029
S321101A3BEC09F74E074E0F069EA8C9560EA18B5D8F533E113DCDBDC1F0161B39F7CF
S321101A3C08F4A341134C53C178F146FE1F309EEB1DCE155883D6DB29F1A34013887C
S321101A3C243F51520C1E419169D457644CC8305FF92F858CE11A2807120E7FF8FCE5
S321101A3C407E7949A86A20FA9F420A86317742C2E5C01494CCFDC22B3A11379EE0AC
S321101A3C5CC0AC5D4B2D01E3D225D1AEAF24DFAF7A056D81DBE6ECF037C4BD6019E5
S321101A3C78556A1FA9220B8CA3F962CAF92C2FB3B58DE5A310FFB395EA793D3BB243
S321101A3C94F48B18E424BAA4601BFFB8BD5991473C5AF4E1192ECFE29E6E9AEA1FB5
S321101A3CB0D4FA2848D00E734D995147E7F98D2F8D7A54DE9BBA865F87262D97C675
S321101A3CCCEEF4632401AE6A90F44692B3C400683F6B85F39C760CD80B7BA68E50CD
S321101A3CE8AB58F9E59C0D9B2EC18C6EF3AAEB947CB44321A968B3718A8F30BEDABC
S321101A3D0430D781196BBC6F900CB0C0D6421FB208BFB7B3090FD0952B37406B117B
S321101A3D203D497E06B28E4FDF0A8EC761B281C8806594A437A79B80B4E65D3E8E4B
S321101A3D3C64EC997777119477D0972B2A78F854D8A84CD8D54ADDD428B6B4582F3B
S321101A3D58DF9FAE5B6012538E0637D9D50F8835A76CC8D89DBF56E9699EBCFB5032
S321101A3D749FF6A1391C2D83B994D177A0E865B5B1D9B5084068E705582BDA1C74C9
S321101A3D9076F29FBEE524EFED14A478A9744360834AA36C989AB73698DBA8C999D5
S321101A3DAC84A5EBAE524F4E39E7B53112FEA8F44C3187CAF8038C8DE5743AAC2F18
S321101A3DC8D5FB38AB30FADC393B96081F90C78D1BD73655587CE3E79E5CCCD2EF3F
S321101A3DE4EAB15AA5FD17235A72D86F9300B0CB23BF3BB84424FB341EC89D188317
S321101A3E00E90A33296EE8CC4EA1405DD1871AC4C4C34BC53D81671123643E7CEB4A
S321101A3E1CEDD1642C70145550BAE85D0BE6448E5FCC6D776F9101D273D460E305B0
S321101A3E38E19DE7A87DCAAD2571C8026905E493EF5074F0504378A7D0C6DF288A7C
S321101A3E545ED051576924B2A3E0076DECBA19780FFC75965DEC2CD747CDF4CDB5F3
S321101A3E70E9FF4AF3940D04FD48FBC0FC643704378A4D1494C539B6C582F146B405
S321101A3E8C3D50BFDEF30F423E5A58EA88A035ED93D62AE7C3F8A66FDC11114A20A6
S321101A3EA89F91A7DF2BE009E527F2BC6C9DAD29813E991FA7565393DF53EFE2D23C
S321101A3EC47DB3B65E3BCDE3483C8A10EF0677848977BC41702001F5195CF6B3DBF9
S321101A3EE0962AF5EB5057F44C13AA2C0043028F5F1583A8C60C8D4D43E706CB8D7F
S321101A3EFCA43769A79154F10190C3119AFE6DF5E33278573887900ECE3926006B81
S321101A3F1878EAF40307DC66D354E714040A8095EAAAB5CD57DF869701579FEF9A8D
S321101A3F346E4190E4299B144457F8ECB1466A8AB81151F7F530B533BC396D401606
S321101A3F5001B9DB925F7828389B9CA145B1A8161534277B6150BB7D66F96B626ECD
S321101A3F6C872518E84CED17D9B07586CD1342EEE679943526D3A5DEED7CD16774C0
S321101A3F88402CF1D73A58821FB3E1E3E9CE5088E70B46176C4477852191E139EECB
S321101A3FA4C90BDD32B86FB7BACA9AEF9BB1ADD784403B20F18C2B7A401414352431
S321101A3FC01831CC25C74EFF9D9E7C597774DAFA49FCAD9DAB6873B79739ED9BF67E
S321101A3FDC38A3DBEB57F2E6466CB29FB995B204AD753B20E22CBD8D2725135C34FE
S321101A3FF87C8D050102CEBE2BF85EC218CB38B2225506CEF2F25AB68CC667EEF7F3
S321101A4014A6D83EC9B4351A37E1228B754FA73B7B2069C09DA576E1F3E509F9CB6B
S321101A40303507612C61B2A00F80DE91F912C9EFA06E80F8ABCF3F276338D5962F6C
S321101A404CAD405CD2E53AB8AE8D26F03084BA663EF5777FEFC6DAF65321FE6CE99C
S321101A40683C18BB117525BE86DBD4B7CCA99F4B250E983F330FE3D1C3E86E8EE7BB
S321101A4084ED8CDAE743E77A8A5F59256829E8D9AAF6485B36BF016F719B8B7BA7F8
S321101A40A00C3298EE063A5E255C8CC7CE235055DB7F2127A6F4686CBEBEDFF93F65
S321101A40BC215431A2FA8B6DD516631BEC130C0D2CFB23A67FC8B3B289D28FA81EB1
S321101A40D86060382D89EA29FAE2DB102C75D8445BB1EB7097A17716122BCD627A45
S321101A40F499E3456483AF2FD472EECF104E3DE99EA80CCBF633F8D73763E4026678
S321101A41106B44814B9BC7E2D9B4C896B2C807F912B3A45F353D891CBED97E360D08
S321101A412CD048E79B41466D5FFC786CBC6DD20C3584EAC4AB76643FED6B5801C2D5
S321101A4148FEF8E57FA480906E0DB11F3F99914F2E11E9EFF383E66BB4A443DEB60D
S321101A416472BE4B6C282376C149DAD6766693CE694CD0A3A396F1832E4B8B8EB059
S321101A418012CE7AA4EE48C232938C6258204E0D480BA2C79E641DA90783543603DC
S321101A419C7C8C03E8CC8B7568770BC599CDCA34E4C4CEF5AD2767A9923102959CC0
S321101A41B8602D2F5E82BC8989D55DB21392DAE4579D1CF87948453594154832C2E2
S321101A41D43E89E7E0F1F1604E8101F91C7ED933D3B76A0FCF61DC5C53E0AE08CF3D
S321101A41F0CE01D4D4317994059E7D9A84D749F78D8417B7C3D7FDAFA1C19731A288
S321101A420C9075F4F0919D916084C9F973992F6854F47B834BAED43528D67B0E6442
S321101A4228CE52C2A26435DE4875A5512D548C2E2EFA1A41936284ED1D0EAE85001A
S321101A4244992AAB2D56905E598D38087BBC1B7117D5A38DAC620CA856606BCDF3A7
S321101A4260CFDE6DC098EA7E4EA9A5FBA42A59C878B2A55D0A8D8951E7973E3BBB63
S321101A427C18F5FD4B0F0166685933DADA4133AA7B33764B72438D1E76764D868255
S321101A4298044B32E21857C2FA73D2251664B983FD4D1DE1AF200EBE3EEF2A4AC8E0
S321101A42B4AA4288293E7D9310676376E955F534771CC29E1B5975E619AFC3EE4E93
S321101A42D080F70AFA70B7F74E2506B0511141FB5B24528AE79A3B8D7558D27A790C
S321101A42EC6A2DD6F69FABD1DB9CAEAE7989AD20B44211FCC4086F81C4A539C3A59D
S321101A430892D8D954E6A9ECA1F23D24A41C75BA6F1A27C7B72ED953FA3549B7BFFE
S321101A43244F45F6D5F956522976D3E7F8C13C755B2152B890C3B935F7BD76121770
S321101A434057081EAE701C1E9F86320FD5B07C17F96370673AD0CDD9D6ED39088572
S321101A435C62244F22D9BFC18FAD50CB1F97F1BEF107844576396A10E88D461671DD
S321101A43787CD74A8469D12035218460784CC53A86BF671293DF61D5A45B20BC2F11
S321101A43940CB9C419B2505FF1DA916D9116EC06A7A7BD1F88D4C664538EE83E7F42
S321101A43B04E452968E0EAE1FCD3D0E135E5D7FBA2525F017F710F317E5284F24E6E
S321101A43CC61BA7D2B51023ECD4AB2F578710D75A10F7A2C553695637323638B6C5F
S321101A43E89A65DC5F049B0A550C14BFBDFEEB62E7E3FF88085F5DC836D9BE9553D8
S321101A44042B0D8F7C323B74BB8951C437DE50F0111BDBD04370387BD14AC68AA250
S321101A4420E27283B97C367341E3289A62929C7EC2421CDC7163CE10318FFBA52D6C
S321101A443C13FF62C97B52523AC7F3D77356DCBD56DCE919B28C94B10F7268B2E970
S321101A4458FAB9A1E84996E75628FC654FD75393E9C830D75F92FB5E29172A052991
S321101A4474C15845A5C50CFA0F3D086C82F41BEF88126EA619A28D8E6B07679708F2
S321101A4490CAD3D515E7F00DBF587B500C22DFA91BB6C3C4A127A710BA31B2D4EAAB
S321101A44ACB8E77187621C33AA47FD5889D53B1BE5D40CCE864E6F6438741513BEB6
S321101A44C8C1C147FAAD9111DE5FF5546DFE16D26FD67F79C9BD5737F8B9C5DFE730
S321101A44E46544F92A1C7ED21C7E65855D5AA8893FDE879117679D4676033B940FFB
S321101A450047971AD89AD107AA2E982ACAADB182A2C14777A0C5AE85EBCF7B9A6DF4
S321101A451C4BCF308BB9DBACEA3FA415933225B4A203224AFA1EAAB3F798745D7167
S321101A453841EB5A529DB0968DDE717C71C60474203201F2FE304FA02B13FB9EFF3D
S321101A4554FCF52BB584E39C060B0670741F42E42DA79E8F17D0808FB4730F12F4D4
S321101A45700A6FC5B3C3229836009E38B6A9D8B2A3982728A762BF9349BAE0F29C46
S321101A458C477F710015408B047B2CEFE52E564E5F80DDFE8CB8878D1F3F01F38C8B
S321101A45A8B7EAC6305263F8FBA549DBF88272555522E4DD249B211BDA0448E15AEA
S321101A45C4DACD92C59883D5EA828DADBC27C02DD79A8DBA82117293FDD1FEBE6904
S321101A45E03D126B9D67F100EFD06602EE6E0D94CD01BAB66D05F7AF5B9E5410DD2C
S321101A45FC9D92EA396C49351FCC93D99DCF321908FCA158ED3CB17A54D28C02BC68
S321101A46181CA5BB85AEF366DCA27BFF47CF07EDACF2F299B2730C842BF265EBCB36
S321101A4634E142A3292A05E0EB83205BAE0B258432741EF9DF674FEFE4BDB57BEFF0
S321101A46506A824F29C1141890F9FCD849A62A429D1F5D3D109570DF2106FAF1DADF
S321101A466C5A86A4E3EAF2F2DD120749AD82EE576AD094BBF32C8647F1DB28BCA154
S321101A46887A4F19880CA30A7F733114EAAC92D31ABA37CA016B7043BF413ED0DEB1
S321101A46A4DF0945DEE91106FC8AE0FAAF1C158BFB979ED3D3A6AE87A0F7CBAA86B1
S321101A46C0E8155144FEDC8C02BF25D52AC1A9BB77E0188AF98AD75B052E702934FE
S321101A46DCA9CD0C9286D4B95AF5DAFFBE789AADE1DD95CB2E4A767F3C141C4F047C
S321101A46F858FE1ECD109A7762FA302E4F0390BF3EAE92594FAB465919A9E519CBBE
S321101A47144608287576FF895393B9F24FEE9BBCEE8DFC0590524B5D819CBD5A60B1
S321101A47301281AF6550D50C50735DDB2FA4D19C136C8D23060D055FCE31FAC3B612
S321101A474C56098DF6C2E6F0622E20586F3ECD27D2DFBEEF7B6A71385393EC661FBB
S321101A47685891B3EB9346C1A58B5838B71AD3A916B1FCAB51D9F9528591BD210AF6
S321101A4784F261032FEC2788E153F8DC853250D8479F641D81E8834FF8FC8D56F673
S321101A47A0E73038C0748091A316EAB085370B3169C8749DC0B74DE402A7FB855388
S321101A47BC550040A3E3189BD7E57B8BE33D9EFEF3E0E7F056AA27263975B504C93E
S321101A47D86BC182B8C4C29178336BE3C4F57DD39EFD4CA41132608338B4880546A6
S321101A47F4B7A087664A99E180EF48D7E81B8C08964DBCA82B0E0FE72249F842EE43
S321101A481098CF73BC5A2D13F3743083827A1CB8688DAE6D32F48176746C27D11429
S321101A482C5663F1D0EC32E4978E79E54CBA6A754CF74B18A611C7075B4C606ABD03
S321101A48488E511D9B1CB726579A38080D39BBE7F43C32D92ACB53AB50F4815AB17D
S321101A486421A84AB1538367FC746FC8FA8E32AF2A48125A4E16DA7CDF141D79597D
S321101A48807983BF4B2F3CD3BCCD4569D5AEC493EAAD5935F43E8377559B8DBB5FAF
S321101A489C56889B23C6BA6A7A1B749087D6BAAB6A8311B7B649193B0ABA7C179000
S321101A48B80001D660CF0AB663EC4731996F5F834B11D69CE17911BAEC54EBB0541B
S321101A48D499AC1052CDEF28DF606BA91ABA075F05168F3D2218A525D1F82A5F093A
S321101A48F0C2FEBD5458D489D64478DC45F795866F7A6D9778556D8E3FB85C2AAD52
S321101A490C9121088E125786AA540A47B0925E877645B26843C5BD0E29E1D9BF79EF
S321101A4928E6191696AEF6804D960C8DD387EDEEE162A8E394B316577A4EB1A24BDB
S321101A4944F5BBC4982C301CA264E028EF063F49A5E29C822666A6A7465FFCF5D82C
S321101A4960A441310EB24D890A37A737365BD46841CDD9F6B10514E7CD133F27128D
S321101A497C82AABACA52816A67A53CCEE6B323A4DBC81FF75EC19195B4A41887D5C2
S321101A4998462EDFFC19DFB336E714A6358FB338FA864BA28B9C0A001861A85BA594
S321101A49B4C6CEC510BC40359618B7B9DEDC08F8B97C698AE13E805719CFB5FCEEA0
S321101A49D06359ED0A8D41EDF4059F1380951078C8D0A905528EAB694DA0D5DA28E7
S321101A49ECB64D509F2794AA09BABCF30B872B29AF15DC906266F0749DEB0033CFEA
S321101A4A08D05ADF00869AEF8E58C12B0727DA0E704AB0EAEFDC345C07810C97D8B0
S321101A4A24DAE7255E6388848C9D36B8828A1E7CB3C5BBE6A00EF11EC7FE0F0A0F13
S321101A4A409C648B06F47A7D88478C7FD0A58FA942F472BBCDD3209F78AE3C7BC3C5
S321101A4A5CF93DEC7A75EF5886FD0E358DC1B3EE2D891954C729BA30D88F3F5A1DE7
S321101A4A78D0A2DE132FF0F6A6EB7A18951DA742609AD4084D05F279397C528F6D26
S321101A4A944175A10CCCA758086B27759B0369375DC21E6C98D506B6D3D8F29B2F22
S321101A4AB0D567D0D1DFABD24C0522D891E7CC6D886BFCCEFEE451811E6607033F47
S321101A4ACC3ADCB4CBD557768864DACA163F7E542C48D0EB73686352047980979AC3
S321101A4AE84DDDE10BFD00FD81313D30257F90B0ECDF73DADFE930A80BE0DC12CF0F
S321101A4B042E5DA0846BD77AE212066D19C227D7E515BEBDBDE2B7AB91EBAB5E932C
S321101A4B2076DA01951E9DF5483E32131BC96738711C4C1F6B0FCEEE2EC9E13F021E
S321101A4B3CA571F758B286DBE52FEC235903609CC615040D17469E8A9C6AFFEFE2F3
S321101A4B5822077842FC5F116E2BE89B4EA9C909E62301E5A3F1B9D456D0D026664B
S321101A4B741A897E607B273B7550E330BE65A78B74C130351606AEE1CDF78E7EC095
S321101A4B90D2C949CD4EE832AEA42EC5A9BCC91C0775F44448F330D414536167E827
S321101A4BAC604CAA2DAA8AE26752820D3B852C68A2EE8080670192F86631BFBEE50D
S321101A4BC80F099122492339DA843C84372227B77844A29565D5090773DD84DE8F5E
S321101A4BE45B092CE58F855F56C2C09F33D11E8A2DC0F5A4E6A20CF656B83172C3F6
S321101A4C00A1977B6D57E0AA1267D1023A2C6EB724CFA706632BB7FCE5C1B7072B20
S321101A4C1C4221AEB55563C92BD51B7744386D7054EED1D99347C808C846C6D3508D
S321101A4C3842F56BF154D8698C28253D8DFE18E4B9C938FAA37E7A98F143ECC26240
S321101A4C543C67EBF2F4AF958DBC169E442F38F119F92333A029FA29162E0743EFF2
S321101A4C70728658B271585C5A12776ADDEC8CD917E0EF8047C288F606D4F1D3705B
S321101A4C8CFE490DA9C25131947A9F0D32C1E3AF97E309A347E458AA35B70DEA8E98
S321101A4CA87A704100757AB0311592F10E3EA8DA25C20E0310CA4596C1E53DE17579
S321101A4CC4F68E03D45F0ADC7267394EA20B3E6E8442CE8A26D277F3E6B25A3D5745
S321101A4CE032F363FD7441116E19293CED8BCA7B3AEA2C630ECDEA8F55F08FD911CF
S321101A4CFC0380D24D6D44F16B07B7C549B35B395528E12D1B92C917924C3C3A2C12
S321101A4D1880CFAB41BA39469CFE74AF0BAD8E7D68D79F9CC8AD2B9C278C33265049
S321101A4D3421E656F5A5123E241AB42C42892B1CAB64886DB815C7190A842B4F2CD7
S321101A4D50432A09AD7D6505E539B30C3D192183F48B434DD4B617978F58A4E7B6C7
S321101A4D6CAC88C196B42A0D32D3594618B7A302AC6D5A07B76C7DCECB0138FD6024
S321101A4D8882F48A25351B4ABDB58C3FA24D8BCD52F9C3AC275255645667A5556297
S321101A4DA4DA87C5115F8F7DCAFD3940436E4C3E073534F252DAEBDED96CA65AD139
S321101A4DC047D34A5E6DC37A0D73FC1A2BBBF24642FBABAE69AAF3BB5436FAB8DF15
S321101A4DDCA47475F8546C6C90F6BF375B80E5195A9B758ED26DE0C15E7C4C951AD8
S321101A4DF845E6B6AA00A546561B5FCC4DB5936826DF9B7942CC7D8C47747DD98B94
S321101A4E1456A601693E08B59FDE14D3A47C602F56820B8FD7B02BE32153C70CB5DB
S321101A4E30B9D320C3C7D96DD75909D37CC54273A92D4939E0F797D147A3B79802E6
S321101A4E4CBD64624CC756CDD754DC48A5B053B28BD7949A30648AB0CCF6AC03C128
S321101A4E6812FA7371D278951EA525FB17692EECFBA9973EC9FEEC2D6B0714B2EF32
S321101A4E844C5E61850D1F7B951ACF741E2A0E3B50A057BB57700A0FF6CD305BE711
S321101A4EA03BBC575A32272D3A78D27FA929FA7AD447DEB770BD79D66621334B110D
S321101A4EBC1AE88A5FCE4B9244162080DE3582CD62BC476218667F8C7E44EB327A0F
S321101A4ED8AAB9B4BCD767BA029C105001DB03BF091953578AE364F9BF257E863772
S321101A4EF476E18E8639F334443C04A31FD0AFAD4E9906AFB35C457FECA86B4DA4D6
S321101A4F10E3ACD3990222F560DF651FFDB5A8B15A7CE2A427B9DB4FA9E5279E3189
S321101A4F2C9CB7A54660532A15030350F28C259A545D7DF736D05F28B15E2324D09E
S321101A4F48166A39ED16F060BDC4A3F73839B1BF544942CEBCBBB47C5C1826FD32F8
S321101A4F64AFCAF5D61D045B574DDEB046A84022F6D260993C4374EBFF1AC0688D52
S321101A4F8088BD68C7D0DB6378EB60EFF8A9705BB5BB4396F2FE863D0F9037F56618
S321101A4F9C7720A96504F45872ECD2E7785606458B23766AD47DA8D37A8F7853482E
S321101A4FB87473FA36F390C7EB8817664355A8F6811E929ABDF89C6F34F8680E7782
S321101A4FD4235AB7CD1F6AA11396B12B6DAD76DFBCF42646DD41739AB4F93E3F5DA4
S321101A4FF08061E7193A3AC0B6774D5F581C111F65812A59BEEF359D918D8AA202AF
S321101A500C36C94E0C71DDF29A84051CD5FD7A2B3A825482DCBE0B03FF39AD82AFB9
S321101A50284B8BE352824A0962246DB6F9E718D2C9542F916E903FC198C09969AA0A
S321101A50444CD49A8F8DF4A56F737BE714C62E35CC3AD2DD70905CAFA419437DFCF7
S321101A5060F2D16CD4E0611EF65CF6A392935CBECFAC17789D6DC09F931F2F9C5F29
S321101A507C281D4604377ACF6FFAF00CAAAB583E1A1AABF5654870F8F7180C39CC80
S321101A5098CB96C6DBDD02368F005CC063752D2966F237B07B8A46F2391FFCDB56DB
S321101A50B439ED9D5B7005B5F857E93735958D30F514C69C4B4F87ECC9E491E34792
S321101A50D0E1091CE3EEFF635B17D4BC79ADA95115C715334FFD5AEC23B8873CA93C
S321101A50EC9BBB6B688499D287DA733296A28151BE7F1C384ECD2C7CDB3181469990
S321101A510897A3A5FA91382486A4AD2749A6276B22BABCE1E385B1F2F3652AA1D699
S321101A5124997E88889FF8161EC016FD3874167D6FCCD383544D5C5FE0F2B30B912D
S321101A51407F6E96F493BD3D4DA0729C90B88BE165DAFCF23F7E4ACADCC8ABBEB5B0
S321101A515C9A6C2AA2C795B70028A52859889B91CF3E058D3936CB288952C59FD50B
S321101A51783855AE17DDBB7230CA87EE01F442D284D0A06FA2E57387D126884C2543
S321101A5194B13BDE4E13CCABA09DF9E6EAB73C2CBB6570290B1F79DB1C22716E4371
S321101A51B00D778A97999D31F335A52BFD0EFEB214C57F8CF46838A383350D0ACE3C
S321101A51CC2D45B0FC291F3115E33C8E8E5B0498AFB9A7827E123CF42D077DDB36A6
S321101A51E8D9786B381030FD0874A9E2E8F70DB0061AF4EBAA702F5DB7C9F6D2A218
S321101A5204177EFC950F50B79123014C720120BF881B6EFBF34F5BF195AF53F0911D
S321101A52205A398E3B9E019EF74E6B1357E55E8162E443FA86C6A712A44F0A4748B7
S321101A523C2E3173CD005975A22E747BF18D0DA64DF21AE1D045F1A7832FE8B59BF8
S321101A525867E972FA95D7A3435642FC7EA7D89EA8F5D2965ED39938255FBE9A18D2
S321101A527449EE80D995B8126B3BEDD803BE27CEB9605C1BAFAB71A7DD2EDB1C21B9
S321101A52909469D6D089FEE561CFC8ED6FDEC85A3FC45BCA4234066E89A03F460AA5
S321101A52AC4D2323C8354CDC70ED1D702F6D4426C0DA8CD18D4431E9393D5C43CC4B
S321101A52C80843EDD5E9AA5119DB3C6CFBAAB83F27DE1C9DD13F026CBA1437A70188
S321101A52E42A9EDE739616F343FB029A276040EC3F7680DB952371CCA7D771333DD5
S321101A5300BDB0477DD5F12E1AA2F487A60E76495104D71FBFC9764F864A04356F82
S321101A531C284FF0F41AC0F3019EE9C5478E9454ACA8225E8B0E95BB0508F5CD7A0D
S321101A5338AA2C77FC046F939157AF7255698A630C7BE8A845663065D60C428D5CC2
S321101A535410C33EF661CD043F9A5139D93C62408F09EA6CE0143CC84C7113F9B358
S321101A5370E3EFA27ABEDB41DD6BD5C15B08765361D3BC0FAAC2662670D950CB8341
S321101A538CC945DA61288585E15D4395023C4CA9ED2672AA2479E09235FD986BEFAF
S321101A53A89E5E8BB180C240447ECAFC215B96964C70101227F383907E9E21D95A54
S321101A53C47EBC0B30F01FF8ADB8127241EB0F65B943E57BC51AD55035D42620F2F7
S321101A53E0A94B55E25330A761AD1E77A762D3C09BC6EF7CE0DF4F7D31DEC7AA8690
S321101A53FC6AC729DF0734F54D2DC43D3E87E10FEC184BE7C533C457FEB41F644509
S321101A541856A74EA6A43664CB9D2ABF510CE3830130AB1A990CAA6BA0AE9AB3B307
S321101A54342B2F2458084DAFA0F963390C37C7E581216388158A886F33181E3DC5A0
S321101A545006BA9208C03C634475C10C923CB7AE59DA6591BC47933B6EF8BB867687
S321101A546C24F6968D75D75AF1566374EAC1A300DD9ACD423E4FAF382F33DB537D9E
S321101A54882A5EA485281095C598921A0C61B17529EB78A8DF3955F651602BBC4D42
S321101A54A421CCCEBC4A5A5EB32A2504635016BE1BB67176BC7E98B6B1787C14AF0E
S321101A54C0E83E46136F7BBF31AE5D9A8D318DDDD326D9FA4F394FFAA50E131D02F8
S321101A54DC57015A493A45C49ECECEAC4D42D26CB307331D4EFCB6750B39CEC5B588
S321101A54F85F4F12CC598B5A88651D13D3046595D9249A1833551A0F2363653847E6
S321101A5514D3A3C97049AC4E8E4935BED48C7C698608E264ED8BB57F410DBFEF9C32
S321101A55304B15D4340B235092F05371F7DEA4281F122E3C89927077E0FED19C3149
S321101A554CAA3DD017CCD123D80A70711980B87096F9FB5C400B63AC93CC94189E18
S321101A5568A64C0CB75DEB4883E1C5E68C5AAD017504D07A8D219EE9A7C5672C53C5
S321101A55849B5AFDD63D17B0CA63D2773F38C87A19921FF51CB32B94DA15142B97CE
S321101A55A0FD090C1FE271CC7DD3CA02C64F4808085BC9AF6107275FAF933BCACE10
S321101A55BC09BC15E6FB4D7EE0F9DC88791B4C779E5FE82DCDEC5106AA901517659C
S321101A55D8C8FA0CC23EE8C164DD3DC3FFED7C20F7A67B600A8B8D51C1BC6B270A43
S321101A55F4CB40DA505DEB4B3271DDAB909BD37C32CBD731B04CA05836E9811655FA
S321101A561032B48E2FC6C5B1573909D54F66124F9F1DB041631671B0C27949272BCE
S321101A562C619F6E11814FF960AECC5F1D2444E36715313E336B5E2CB13A3CF50F0B
S321101A56488D8A962D66F1585AB125A0EF25E329DAF66E5EB7EEF2556968064E549C
S321101A5664A2E3A3793D585041B6ABD46271120B0E71CEBE9BF957854625DE2242E6
S321101A5680C795321C8093FA8B88C4CFF657B9F1EFC4B728E189D6DE9D5D92A48228
S321101A569C88DF35F0130DE198C8CBFDC9BDDE98B600E3586B4B387176076A202B8F
S321101A56B8D70E68C4B0F0F6666B6F14AC392397615CB9B0CE8FAAFD4AE8216A2CF9
S321101A56D42434F3847BED30757091FA346E56B4E544AFD9FAAA2146A05005538182
S321101A56F036778B5D517054852139091D5B80298A0D075A17A6A728939D1D7C541A
S321101A570C65453913C2F53489701077734253C1D86282803BA51B64ADFAC61F6799
S321101A5728073BE1048F0FEAA9343320E021BAC4929690014ECA945914FCD0FA8CB3
S321101A5744B0D646D9B4E8D0270A243CD1787992D2B5AC84A013204EDE1ABE827C97
S321101A57603C78A518A8625BB6A91D1288CCCDAB519DB61BF67BE97B8F5E286E3B7B
S321101A577C11BA6932C840B2424C72250D48DBEBF4AA112177681A4564A326F8B49A
S321101A5798FF49DCF4454F397A5D6313BDD0BEB6869CD5B61028D80F9EDA224C33AD
S321101A57B481D730B919F0D4F6F06B2A92FF2AF6593075970B836007D625D5B886C7
S321101A57D05D3D00A5C5002D7E6D61DCD91BF84A8D3311B0E3C6C561720238716E23
S321101A57ECBF27CB40AB9C63443856034A640FC4F7DDE71CB4D3F2EB72EEF129913A
S321101A580882A74DC5CBCD17C93DCCFE2255F8419123EE2D982A69C16F3F21D56A21
S321101A58241F2E134FAE3E44BBF32F1FD134D4BA7A06E715621ED66224ABDE0DB428
S321101A5840E40921F8E575753F7E746F1581DA2A2DB5E9F2AD47595EC2C4DB93763B
S321101A585C10DE66EE2CCF9BA7B48BF026E38C745C0D841DD2372EAE2492C1C5E737
S321101A5878E0F6B1363935E2BC0ABD2A7C14246D6AB5CF1D4D0CAE1502B1C9715C99
S321101A5894A8B55E398970E68CEDE1BD0AFF0D6BB16F1631F44527B53526C5FD3094
S321101A58B05F9E758ACF0F0BCF8E80F101CF0692039E2A99A57F1C5892F795307DCA
S321101A58CC8164F98CA5B5F58F00AB7E2F428D4F9AB9F5E411D9AA2EB9E1F370FEE9
S321101A58E82C2912BCE73B15825E2F59EAEC50F34BEF90DA6F060D293016240C3B99
S321101A5904E432524D231A93EB264BDB03867191E965F5B524D1B5F55F34A364538C
S321101A59204C486E592A127DBD3F857743F5B3CBFD8155599F9B5997546E6ACBA983
S321101A593CC832DCE0E6487BB9DEB51D6B91964621CB44386B988658C09172DBEDAB
S321101A59584ACE297C9EF0AB871A499F16073D9196292991F00E96CFC8D83FE6FAFE
S321101A5974D4BE7786BD943D8703BABEFFF6D4F9A9B2C130E3B202C7FCD8631E4EB9
S321101A5990FC579E1B17024E8D0A4C266245B0B2B18CB8B819F05B468843ACB5D2F1
S321101A59AC82297878941EFC80523CAD2F966A731777B2607DDA763FAFD8032B8E1A
S321101A59C8CCD2D9473C40BCF9AAB64E19183C393C8567DCFB9423F9A73AA2E6C771
S321101A59E4AEDA96B88BE8658F8254D451E75096DEF5D6D97EF9F43EC7CF5AEDBFAB
S321101A5A008A2E466C667223241025C383CB1E713CCDE1B244B084E89CC2331B5004
S321101A5A1C73854EBA4F2642A075A255B21B92862ABC461861E588689EAC56FD0B74
S321101A5A38805D9C99113CD912E128428AC2402344E1EC1E7448738927A04BF402EF
S321101A5A540D9298ED7ABD22834016CFC4F774E065838B68286129A5EF90034D17BA
S321101A5A705DC6739652CEE40F752A15A45FE295F9CD1EF84764F4F7AA296710744D
S321101A5A8CC21F1922C7B325E3AF459988CE0B04013ECD29B543102D3812D4210D88
S321101A5AA85D4F4B3CE85D4AD5A2E5A963B14BC11A546A688629EF6CBE385D3BBE35
S321101A5AC4F8B0E54C3D1A01698931B2354EA8DE1E361694545BB423CE56D78EB9C1
S321101A5AE0FBA2D9DA52CD9A3796B080C07E027C700755AF6677826A031257C5B68D
S321101A5AFCFEC2044C366AA57E10E475811ADD5AC9D51DAB04E0EA0E3C6171FEAF53
S321101A5B185A1D3021C22709D73A440F2A86C8F930E8F8BAFA2CEFDD2AD885BEE7CA
S321101A5B342E8852D939DC0E314CA0A15397216681B2638D29C2EB73C08D89E3C904
S321101A5B504F69780F30F9A05A5768D7AAFC2C52399FD0A90F0A1816A330FC0B8DEE
S321101A5B6CC47683E3D5B9404B58509F1754E3AB3A42E67211EC30FBD9D659607020
S321101A5B8827E0EAD56986BD72BA7BCE95E13F0A06D55412BE6D60BFC716607831BA
S321101A5BA43E5B019174AE53D41CAE46A42087574040C68589CA9A56986B9F145B70
S321101A5BC06C33540965710F98E022EB751BCA0F2F1079E929BC1E920A31649CE970
S321101A5BDCE9E004BB3BB15CB44C9296A762856C430C0635338F85A6F60AF43B28BD
S321101A5BF88052A636D509837ADBCD574F3F8B9A331E92814BD5F970A68B92F8EB93
S321101A5C14E68706164EE10CC5F44BAFB35636F85086A640175D5C3A45B53A8649CD
S321101A5C3019251BD3FB273BC4EAF0B3EC20FAA0B61C0B63A046D7B0B82888C3913F
S321101A5C4C81BE2974619E6EA49D53AD4FD900EB1E51A151B545D20EC926A3CDD302
S321101A5C68DA2C9FADE4CDF4F9228CC4ED004E6EAEBFD9AF7B5CED2B96423BA766E1
S321101A5C84D72E20BFB9C369E38FC358B130EEA3E74740B546A875477F81CECEF6AD
S321101A5CA0D7E82DC794C497C26DA3191CC7F2EBDF98DA7BF7D06D267A5BA8003890
S321101A5CBC936281CE4B44AEB0369F3D8F3FB196843E349AC4B1CBE12D2A4470097F
S321101A5CD8BFBB8823943B99E248F30EE5A7A9396C8FF1D2B08101DF9E41400C5709
S321101A5CF475A58846F6851C4538162F65DBBF7274358B1E88764F37E08D1D8FE3E0
S321101A5D104F1AB6C05A75006956C6E19E5748ED95C99CAE75C192246791D631D89E
S321101A5D2C9EE96EA3C7167A0C5524865F974C276BA9BAA48497A7DC8A7D8DCDA4B3
S321101A5D48B1253ED8C884B984A06F953A475022F6CBD1814988E69C1DBCD347B0FA
S321101A5D6467F7745A1606CBC75A4FC2D607A4CF5D01E97202789C9C6957B9FC324C
S321101A5D80B149CBF331BAC780BFD9A73C170ACF286F0AD7EF0793A3208ECF431806
S321101A5D9C628D0A0D8BE3E73785F43C39FA58277E429DDFD1D417D9A62E7609C0DE
S321101A5DB82F36407066AFCB05D11B441836C3F80A990606361C546CC8F9B91ECC47
S321101A5DD482BDE8F9818B655CE29085AAC291AB44A70B43E6AB38A1EFF2A1A341EE
S321101A5DF04DC109F375C659B912AF3CCD4D9FA936A48EAEC546B3EDD7F6E0CDA9CD
S321101A5E0C7CC6FA5049527A5C9AC4AF9AB5BCD6EC44F10F765538417C05CD818A92
S321101A5E28ED79B3685BA7AD81245CBFDF2ED44A10B037B074B0F3C54BC83C4157A9
S321101A5E4485D6257D8C849C58BA01FC52A77C546BAB837DA823E46AE75B426992E3
S321101A5E60707391CA7B447A0B37B54CD2360E291E4F15B5DEEE02FC5148B2EB596D
S321101A5E7CA01B54F22C6368F3E41D9CCDA74F97EC39A876EA13343829D4EC90A033
S321101A5E9808CA1C53FA42D23F2B9E526D8684F26EBFC773DC874295C8CE4F7FADFA
S321101A5EB426F93BF476ECAAAED677F05FCF5FA50D47E5C0163DAA72A1EA9D3CD08F
S321101A5ED0C6E882AED2C2764AE69915DAFD6D3CFAB4AF47345B6125EE1F18CDFF96
S321101A5EEC52EE4DA20383947160BE31FB7D5594C3570D4FA3FCE74699A1369CB3FF
S321101A5F08E2C9367919CCEF6B73964F25431726485B4CD8E154448752FBDCEA7E5F
S321101A5F246534BCFF265420AB785F1D802E1CA90FF695CC33BAB6756B1256547715
S321101A5F40DFD127655531DF325056A70C4BCA33C62922BB0CB8C8208A73089D384F
S321101A5F5C1BDF82D51CA5A15F7A7C19DBEB2DB30490E9DA7D93AA5C658B3BB6687C
S321101A5F780F397E9E1756F296AE2B8B71B7621B2D4F3C8C62DA50E3383296201D8B
S321101A5F940C8B1F9C7E412B506B86C116A67C60532BC50D50766EE59A8AD191BD3F
S321101A5FB0E31907E72A363D51D723AFED8517057F6856CDBC104CEAAEC46CE9C6FD
S321101A5FCC548B4FD164FF54A7382507F6DBECC1E6BDA0C84DA038BF1AD121C76820
S321101A5FE833652FBC9891643611AE8E7156CEC8EB4D63428AFF331185060F6DFECE
S321101A60045033FBED758B163626C0A4029363571F875666DE06381E7DDB6067BF46
S321101A6020C73CF2882DEAF584A01CBE728CB1D82B4F487596FD9668434AA942F5F1
S321101A603C1201DF1D451DABB4E11E06880CD653CF58377A2F740D24E130E0AA211E
S321101A6058DA286B5361275076351193B0A87C9061E0FCA4469A4CF376E9D2932CC1
S321101A6074AD7EA1E0B33B59301269BF8879BD24147FD27015FD514F129012063F21
S321101A6090D3145232B0269468C1E15ACC6DD8FA4A205AF5E9E9806F657D4F55522E
S321101A60AC3EEDEB60335EC29DFE7CA115106E61EF7696CD5009E750A162E613B42B
S321101A60C8E9490BF2E4C29A84AA62032524B030E594CD647CE10A4121D8DE61D403
S321101A60E468C21D6E31971268C99B9E0092A937573955D893631B2B707E836391A7
S321101A6100C84FBA92B5249F708DA14143886E1D35F19DBA1D42A0353F3EEDC863FD
S321101A611C21B7C985328ED33FEA3920BD7E516E9F7931CA59C5261BA51CAB9A0F7B
S321101A6138DA60FFEF306A68D05FDB886C77DA7B2213D1E751420BA06C8DCD9CA0FA
S321101A615405D7D72A594A7D7F99BB2269C3CE885A7F9742654A7C5C1A79824528D0
S321101A61701270A08F59221AD843CF07B959590BF7E0AB9C06A34546F867BDA3091C
S321101A618C969A94F5B888A5D6E30471C6C0975C098C12303AE0F22D1ADD303A36DB
S321101A61A8C5E2047CF6BE9986E950AD525EE27BEB46FCF2F0CBF03179F2BD571034
S321101A61C4929F2F2CE99C107FC57D89D3FB0ABC618BD27E7E4DEA196746C4C459F8
S321101A61E04553B25441B872B0F5928D2FE11EFAA7456B9600500DCFFFDE4E0EDE4E
S321101A61FC366ED00FB5E933634A74A97A7B054E5B09B2CD7B2397AD81D924F4CFEB
S321101A6218EA7E9B76410560C7D4B418DBF2E0CC5C949E555CE1E5561A3950C284F7
S321101A623432D507855AEF77D7B0CA0B8EDA7DB16AB1C570086CBC771882FCADC5DA
S321101A62500EBEB7B9AA07F10A89971623855C8A8B90D940A660AD03BE378179BBC2
S321101A626C02D518D2CF6C44B0A10583A8DFCFA42D87BEF7F90B891AB6AD5C2E1DB9
S321101A6288DB17C12C3D7D88E9F2C3C793D22B02C2956EA48D67D14A5302CDFDFB20
S321101A62A473E8E98B5FC9CB40331DB81734D557EC54B3E886FF4F103615462C6051
S321101A62C0DEA22C1D67628AA761324C460AF863FBC42DC9FC6AA856D62A45C64DD4
S321101A62DC4B4ECEC866C3DA1E70F85A1BBF939120756B9C75A54DC256FF00086BD9
S321101A62F8C9CB911740794134CBA22A7E0667505A17C7A08B4C7EB4CEC6B05C8C11
S321101A63140350A32D870DE20D13C59BACC03A54D2A04BE894F8D790BAEF43BF6780
S321101A6330F62F8104632A42E696C07AABA1F335F2F86D3A2DB8491DB44008DA319B
S321101A634C04CB076ADFC6A854F80B2974C3DC03B81A09C2339AAA6A41AC49F21329
S321101A6368FC0E410C421F64E40221C32E29259D0FF111980FC47FD22D0F36A0A368
S321101A6384738FC7D5681D9F440A19B8D33660C5D0F458A47CAD59A48B4CEAA14E28
S321101A63A074E969CCDB4BAEE46F944C651391CB0BA0939115BDD718DBE42C69BAA6
S321101A63BC230311F95BD8C1E55D6FC4E8F3BB7882A3D5E7AE56E22EF49B97A644E9
S321101A63D805315CA33470FB0E3E71BB9A90811411521D676F71BBB73355AA8DB1C5
S321101A63F40C13860C312C5373B5E5DB272342E4017362068806114180D91B14C0A0
S321101A6410C10BBD2EE8889DFEE0D235B89DD89BFFAA0746882BC868EA4E6B58CB30
S321101A642C1CC4CEE66E7B2F001289B92F2B82D87FE3D01E4C240B76E75A9F4BFF05
S321101A6448BB728750F442607ADC88988118041513F4A74A40ADA11DF60F10A2529A
S321101A6464BABC3589D5E7EEA5BB7ED7883627B77B22118D59F025F6B89E68BE5250
S321101A6480BAE1F404EA064554743CBE9963F7ECBB417BB75C382DAF82E094CB0305
S321101A649CC5734E43061A347BC3EC78DB72855BEAF0245793CA3A360B36EA087300
S321101A64B8FC7640981F16D2D50F8C335E78F2CA83A764FD1EF953D27A366004CA6D
S321101A64D484EAB597A8FA84EB2221519E3103008F8DE885B0F2950D03AE0522F6B0
S321101A64F047927C03AA7E6BD649087677AFCAA2F15EE4FA5A5EBAE1540837B51A64
S321101A650C061309ECAC3D40B1E51DBD710E1184324FD265EC7C91C3076616AF4B97
S321101A6528D50119F2F6F84F9F85C996738DEB078582E7C6556DDB3CFA0259A363AC
S321101A6544673D3D17275FDA47CCD0C27E0CC001715AFAFB3890BD47B3B099C6363F
S321101A65604A0ACDBF3F980F8A666A249F4AB804FCF6454D1F7D2ECB76C11F43A1B3
S321101A657C20F86B678275114FCF6814E6ED149398B934CBD10BFF4191EC191701B3
S321101A6598A3C685CCF195C2A35BFA513B993331DA72C47DE52B9667268698FDA8B1
S321101A65B48B1C21003DFDD7410B418D837E9F0CBFB5039366FC234E7D16799AE099
S321101A65D0389CF2C9B733F8F1471EAC8E5C5FC1B1652B9BD6D3992C06A3965DDF3D
S321101A65EC6CD1AC3AD848B2EEE1A55D8DA4F4C493409DA8F329FE6F7BDC9EA2512B
S321101A6608B83D8F44744DF433F004BC002C4F8DC6990D0BFC9998483F4BEF500B1E
S321101A6624D7E236EA199B2634230BE67F6D21F7F5854833C5661050A3C869D5DA28
S321101A66400A6A74F1F96C229732E089596AE2E7B6585DC9B14131209DC9EA925443
S321101A665C7C8D50442FFFE9F1B5F12C546DF938CD169CCC7FADD84B0C4974F1D461
S321101A66784BE19732662A75CE468D7132F49A97B5BC362B65D80FFC7A50D17DB28F
S321101A66942D5F8B4147B16E99DE38FAD2AD6A375116F4DF2F4B26FEB7E0F9AE2AF3
S321101A66B02C9D290C04982E15AB463E416CB00DE45AA588ACB31BC54A082EB9E65F
S321101A66CC529867C28E06CFB6225626F89480AA0ED6698A5D8CF32F67427FBB2A13
S321101A66E8BA4D11151B4EDE6E133C211FD2858A0FC915218FAFC1DE9BF30E949762
S321101A670492465B6147364B4EE79D34332E1529DDE9CC46F3B4D1982B8048ED2C54
S321101A67208243495E3ABE92FC191AB953D81E9798563B402C4356AF4144BC917E42
S321101A673CEE4083791AC5A400C4DD1A4A1D6D83FED34030F6023560D14C61B5A4AD
S321101A6758FE8ED9AF5449EF7BDED84F7C9EB01715C1D78A7D79FEF22CFC228FFC02
S321101A6774FB396D91BB7190111BAB4F18A1B2B9FE4B02A04D56D82A43A4942580F1
S321101A6790C1B941AE24006349CD792F8C01865DFEB56344D6131BCABD9F03DDB08B
S321101A67AC572C04DD2D3639C92F686DB0E42AA4C7FA729EB1F084C94260E990EFA9
S321101A67C8E1E7C76F4CB67EB17BC5749C5D865F3D3C11CAB6514FB32444609D1BE7
S321101A67E44B1B29A74D4E60149622024A8E43EC77935F4103AD92D94D54E981E6AD
S321101A6800E480C011A9AEB9C8361C88AA2FBAF8D8F86BF03E5FEFADF7959DAD1D83
S321101A681C577551AA54297827CCD7567A8F41147EC51A5D36A88F32764A927711C3
S321101A6838A2A98F1832A6D93484B631AF14BFC7EE02ACEBB87468AE76F58562D19D
S321101A68547A70666B661F77206B3F37F3A86490B772AE7264BCE9CD9E2602938AAF
S321101A68703318E6B60B9454810FA5D866143344FE04BAC6C6FC949FBA91B8E15752
S321101A688C81E6B8D2FD63D16935124324DC29784DE1F125A1315C56D78AC15ADFE7
S321101A68A80CE2DA331F4E88B46F7B47EF78BDFECA1AD92A2DD01DB1DEB914E7ADBC
S321101A68C4C43500D35D40622975DE7BFCB9C2FBBF99AED6AE946558CE184246C249
S321101A68E0E5C20984AE052823C41BB0F5BC90A77757B0BEAFA25126E2B373CEB138
S321101A68FC782853D384AD6AFE01DE60C664D5B0C44224CE2DCB43122E0C12E1CDC4
S321101A69181D0FF660CBF0BFD995496BAE31E4E45ACB4E0C8545DBC49396610B40B1
S321101A69340D2F002AF757463AF051F5BB6CBDCAAC41D43273D942213F90EA313340
S321101A6950668FF1EE549EAD21D8182081D5CA2B71DE86699FEECD868CA76595853C
S321101A696CE6F6FB102831C2824410E6C042CCB3A6279F153E6DBB225BDD04F7065E
S321101A698893195B990D7A8ABFB636E0D345D7200449267E7944116ACDF9ECB7E204
S321101A69A40653A5384A724EF3B7BB9A13FCAA1CCDBF1DDFB389332A104BA3D6DFBF
S321101A69C0EEA7671E9246BEC78C38BA95BB5270E02B95D8931FF2D8D69A14812C5F
S321101A69DCE7233B2EAA6C729668BC2DC89DB8362378019EEFB2A0CC2A01491078F7
S321101A69F8DB7182D4EE59A6924419B99EE88E47D9D998242EA12146A2CFA4F08692
S321101A6A14F906F19F8A23C71AFD40032E13C537477D166972009274F26830BEDFBA
S321101A6A30E27CF267C02039F08F6CF1D1F9BD25D15C5052665D5D826C803B97C7CC
S321101A6A4CD72152D0D3F25C7DC29373739452B22B7C67AC5E22908449B94D0B9A31
S321101A6A683550EB98C4A70C250F1DE97FDC323245964B8EB1B2BD389E6B9CB9A759
S321101A6A84BC61C49BDF86D3153002CF5AD59158305D3204A78FC5123C8962336258
S321101A6AA0B1009EBE6A9FBBBF909CF9AD766B108480F5DEFA78BAF09AFF3C7AEB2A
S321101A6ABCEB41C62335D8FB2370C644CA372BC5F13B85FA8C98016A704279B85F67
S321101A6AD8BD04A0ADD092887739EAC003CDFB7D0F0947432A579B56845298F3AFB4
S321101A6AF4803CD65B1977F09642401603BF596EED80E19B039F82FD4106BE2FA74D
S321101A6B108D0E28D0DB2ACFEFE243720A2E7B5D19566A2D1DB3F90CA6D2DED40A2D
S321101A6B2C371CAC1FDD5B3BCE139C8568898EAAE913CF60C08A63527F974E20248F
S321101A6B48756E8E562AE0A41D3AB6C41491BD5E7D11675B4108DD3E16CD7EC1D352
S321101A6B640C229DBC8B4841ACEE36127A13B22889B438F59CFFF873D91C34B14E69
S321101A6B8036907B03FC5D1D33680C5B39B1EB7DE547DBE1CB1435F25E3BAA9848AA
S321101A6B9C62C2CD2EFABD2B19FE833397E46D52CD9D2648B3AD7383A03F6E2CA45A
S321101A6BB8927593C1A8042CCF2CCDD92B610958A4943FEAA241077A8A49007D6754
S321101A6BD4BC863409123076E3AAF24B895DB18A450249D700C5BE6EFDB5D7A0735F
S321101A6BF01DA2DCF5F92A689A3868EAF671EED3CF327B084E2C791345EC58FA10D5
S321101A6C0C5FE9E18915B1B25EA680A115D042E996DE5EF65B6CFE44F07DF3FD317E
S321101A6C28B05E2D33A53DFBA7F5C17DFB885FA1917BCA9209B816C39BCD25832A3C
S321101A6C442DFF6EFAED483C73E96694DE5141905D1FC28AAAD120C3B0A5CE707C74
S321101A6C6031C06D00335BDCA2D5549B8434D6794D3A7170F0721799B7E0E3D39359
S321101A6C7CF3D90387EB554531446744C83F6E220A631D2C66572F6206795C4FB359
S321101A6C9899EFD86A8945730BD4A34B2FA2CDBDD0EFAF85AEAB70CCB900E9ED4521
S321101A6CB43B0051ECB9C5D9A52100D3EAB38F439316ABEB4050FF206DCF62B5C8B4
S321101A6CD0FEFF071224AF575410510814A44C716452AFE7CDF0B01836BE46092CC6
S321101A6CEC366C88FCC840CCCC6F2AB8D8E107EF6BEFEB74FF32C0B6D083CD4B8942
S321101A6D08C3E356742C7338AA3E677F97C08AB3C453A529EF342C83675E628642F0
S321101A6D2405972359B2DC69DBE471CF63C0B99C00A061A53FAA8BCA7C82F968A3B7
S321101A6D4096045FF32B39A8884E884A3A5212282C52247BA36542552CC4C953B425
S321101A6D5C730F995280E75D0650878BA8AFC8A9D9792BBED1049266AE4021D97E1C
S321101A6D78DB1F80186D3AC2C7333ED6DD518E05A885A8D86D980F256C8DDDB38016
S321101A6D94188A29CD511D1CEC50906C75E490B0AF9618FFCC3C54BB82E10F0CB51A
S321101A6DB05AE73201074336ABAF92B384EF0B002E8CAD8E150F4805288A7BD9B565
S321101A6DCC125686A6BECA06CADB2427E485E467924F1000596A4033CDB61A414D63
S321101A6DE8BA7A3E1D92F7993F5980BD38B74A1722D678CE8464E808E1DE5A2B8AA5
S321101A6E04575D6A47D60F1B5FF50E1BEF3223AD3E41D87BDB38BED344EF134EF075
S321101A6E201B93DDA179ADE7D3D99CF5FBAB9DD0EB9E59C49A9C555F3CA44502489E
S321101A6E3CD4263F2D979EC76061F41A49114A4F4ED6D7785A9CB9258B8740E971F3
S321101A6E58E449B95E5769DD55D01A4D9ABBC95D22D6D6F143B313DD6293141455EF
S321101A6E74137EE117B1B75EB1638CC76FE35358A7630572F0D1A996BE1E6A4E8387
S321101A6E9065C85D593157B110ED21B76D659A2D45FC251B948C388DDF7B03638B7B
S321101A6EAC70621286798E54B4CA4A463807183A30C8B6AF5F9D55C86CB6A035D9F0
S321101A6EC82CB1CF305D189E1E0A1ADA2A61DE0419C52B1678F1C9E45F48A4807096
S321101A6EE4EC19CE41EC241C1113C7197D567DCB01D9EA2B4AD716D008D8B4DF7D1D
S321101A6F00877E1D3630B69417533FC3E3C0D8D1AF8036E6E9AB9ECE840110DE05F8
S321101A6F1C5EAED134264A95767873F24538188A6A62F741F265BDBD5DC31F897A8A
S321101A6F38C3619FDC754262E6FC45FE59550E20711277C507BD3CA4DC25B06F09C8
S321101A6F54973B5D89453F4165A9BF3835F6499095547D733830853110A6B04B6B58
S321101A6F70EF4CA002B6355913C9D340EF2C4BAD789EFA02861F77E6C9BDBB942F9A
S321101A6F8CA5F28D89ABDBE7B6BAC89D0474A4B162188839D01E27DEC74C927CE8C6
S321101A6FA87BF2648E827A427A957EE4B58A4209AF5400F06F3D0ABDD38563540F81
S321101A6FC4CAF2681F39DEEA49E68B0C8DC54323F32FC055DE0CA7035CB0385FA2AF
S321101A6FE08601D503D5929F69C78017294EE766AB2FCF928D0E65FCADF86843C02E
S321101A6FFCB55B83F9B154A620BE8707ABB283C64D9B8A823117A4161320DAAA3A19
S321101A701805E2285B8665F1670B6D7D5DE08FBAA6D1FDDC481FADD7B980BBED4B9D
S321101A703455521FB4AE105780B14A5453CF4030FCA538DEE9D16E8B3E4DC70E80D6
S321101A7050737F9EA6D43325DE8B1CBEA66B463A5CCE91D875AB406F72FD81EDDDA2
S321101A706CEC1BFB0D19860B28100BB81C098B1E3B94B80C22A37FF32CB20D3E0261
S321101A7088969494E9D2EE4A036CBC61B08096B433B9A960F78E8603350102882A18
S321101A70A4249F9779EFAE8D7F6E5E6F51C2B21CD81DAB4C2459876C5C6631DE2AB1
S321101A70C08FD9A3C84DC5B8D03D0C975AF7EAE663710F0BD348DBDE8B4760924B45
S321101A70DC31B03E4F6DA34D4C5748032C41A7B54BCA2EB3AFC6611631B9F5F39B97
S321101A70F80D78A287FBC4A1C7786DDEAD850F82803B6F0DA642EF722FA2B9AA80BD
S321101A711426DD3F7342CDE5A689F3736CB9A7844CCC4D3F0CAC6D92B1BE1183BE85
S321101A71309911CBBE0342C57B810FB9FD6878695E4D3F657D44405460354717B481
S321101A714C276E1270951A70FCB572D3E363C39BE7E8457EEECFF2FACDA98EBDD556
S321101A7168C1E9EBFC8FD3CFA171835D6155292CF9725D31D3CB41348AF8806B386B
S321101A71849CF8E94B39941325B50BDFD1B14B1A006DECA789E9EFB83DF8813684E3
S321101A71A05D770AE5D895D3BA85EA275769E5C6921AB0C2E9C023F5583136B84B44
S321101A71BC776F9F1A3871032EEC9ABECDDBCD38921635E1DF3E4751AB75A7A8C774
S321101A71D8E27D5714F0042606BC2F67370DB8598A19E889988D7274967E0A632515
S321101A71F4976249D7C002F3685148ABE2384EC5B78B7794814E3186AE9577EE4DE0
S321101A7210979A928D004280DD66985B4EAD677323B73D12CEE7F84BF9B6E611E46A
S321101A722CFA287312D69E4BA3246B38DEF1E745A8FFF137302EA977DE3AE309F802
S321101A7248BC05368EB3280F79D754C8F2600793922C368DCB44E171B67945BFE638
S321101A72644627A9E992AF4A234473BFA60484F3E9A1A965A842D94D7D3E846E52F3
S321101A7280F67B2675CB57155D058DFDA127F3902D7268BC499E5938D93DFE390CB4
S321101A729CC659FFA2613C012AF827BB2F97B80E7DE0BD6878B724A039FB927667A0
S321101A72B880E46EFAE206F0920F61ABE95714CCFCCCD0C8834411C0D9C79BC6A878
S321101A72D4F412B1703A652EE109780D89A408227C84B556289BBAB6D89783C7437A
S321101A72F0EB49EF9AA46373EC52699B1E608E2819F6F2EDABB4ADD128F372AA049F
S321101A730CD869931B75015E74DA1FF4995DF0740EF318FDA88076B1484A4607353E
S321101A7328B7F55B23C431FD99910D57E0C03F582449C7DF0909BD4DD8E5BE96A652
S321101A73445786FD4953FBF2EE14F77DB627ABDBBDB411121AC4C2E938856EA5A133
S321101A7360C7D339FF5C79D3FBAFC5C3976C88DE5962C408EB6688A1E32CD325C202
S321101A737C8974DD11772ABC84430BD74330478313AF4868C02EBB7A449281FCBAF5
S321101A7398F35B527997DCA058ACF56699D1697AD96EDB4C27A0D62FCB4AFABE5C6E
S321101A73B47C505FF9EAE0D7EDC1DC2D65544D4984FFEDF596F95D052163325283E1
S321101A73D08B0260C6FE37AFF44146461C6767533EEC175FA02062112101A30993A8
S321101A73EC2CAAE5A1DFB3CDBAA68009FE7FAB798D9FC438E598780C53E52B243F21
S321101A7408971923BD91A6ABA02762CA053E6ED796BF575FDC7C81A125BBB08ED6D2
S321101A742469D73E2B894CCE326C04244FB4F0B01812A0C33936CCF22C6D785975CE
S321101A7440DE9E30B54751ABC98A1FC415006E1F36F7A475026E26F7E70454E39EF1
S321101A745C18B360B46B1B36FBBEC55D9D46B9E442AF4A3A0499B95C9FD49BC518DC
S321101A7478687AC55774F346B18C430ADFF47B589CD7931479AD00F34001EFB91FB2
S321101A7494712EC22670AF3EAAA932FD8D1E4AC0970747CD0C7BEAE2717C4D6D2FB6
S321101A74B06205641ED1B3E010691FFFEED8B746ADF96FBC967DE7C7F6754FA7FDF9
S321101A74CC2C01D5BDCBB52307E41E77E11D94E2333A195CD2286314D8521CC15470
S321101A74E8F86A482DF44E5A86940958719BAACE32B14A999E0B56148E440588B3FB
S321101A75048DA0F9861024A4E75019AD692588899C3D15CFF0528DAC4581688142F2
S321101A7520B9A64C79B5E528CD511F49F1AD8552346BF39535AAD8D4A13698A0F28B
S321101A753C4428057C5B99E638DC981CDDE8A0F27CEB3D63710953C7085F6964A5A9
S321101A7558D4BB83A073B011F403D9DA40D729528AD83D5A2261C5CEC6E01351E1CB
S321101A75749A3938B04A7068D17B69CE76432DD8E58196F7EEF3E327722CC22654F5
S321101A7590E5D04C99BCA190099B35309D87F257E822597A69A0462671026B4D171E
S321101A75AC6AD9458A37A10DFC523D1808A6B7C550C602EC055070EB202214A3968C
S321101A75C8F2E5751711A9C11825C694BE49519185571971CB545573CE04A07FD10A
S321101A75E47136FE972726810AD552929FE67AEE885DCC12579F99DEFC6BB411D273
S321101A76005A36981E9571335AA6DB90C88E14F9D7DA5DFC16A5249CF501FC5B5EC1
S321101A761CA14FDB6959C08001197FB68169E58227A032CBB701FD859AE391C419CC
S321101A76380E2F6E1CB5333924204DD936BCC52F94E9BACEA49C4D2CF3BDE7CD426A
S321101A7654ED782D6CA3D81E402E5291B3EBEEC228EDD4FC0A9E709B2D96999F9988
S321101A7670C7CFA1BD5CFBCA1914A5DD657E55A179B61C241AA2997FCE2D0308DD0B
S321101A768C26C6F140E050E44C3CE94BAF110F1B9DFA8083BBA2BAFA65DFC76F1D99
S321101A76A8CEBE7B3ADD1B2CCEE5EFC0B5CFC01E131DAE80AEC399393DE5F32EC5C4
S321101A76C4D3299F1D809339076FB8AC7C816BE379BC24A30678FCA902899A904538
S321101A76E05121A7ABB57412411D9768CC20B007A9847A3ABDFA9D6D1BE16BCF7611
S321101A76FC674DB3877D3E4346942D46E3752D269CC0D3AEC3F13E12CEC5F6B5F748
S321101A7718A15C5C400F57566634FB74335A13B58F49A0A2B09B5BB13C9675A6BB59
S321101A773484D1AD93AC0F770E37ADE1E99DC88F7E758A8765AF5784F31F525A16CB
S321101A77503A694BDB62D5514FB2010A7E7473694D21DC4B744345ACADA8E69BA609
S321101A776CBBC3F3A3CE0A89A7E7D9025FE20C922E96995D47E938F76874B53DE944
S321101A778829D6A3E478BD0F3CF56F6D2DBA8A71E4FA7F7E29F526A99284B69D5378
S321101A77A4433097EBB4B95CD2EFF657DE2ACA80AFE902289A0DFF5E9807A0BFD5E2
S321101A77C0B4439068DBBCBC811FE3C2975F832E3F69866DB53DBC429D3FF5B73309
S321101A77DC496518FB8FC069439975D421F6421504209996701D85722B6A172BD1D6
S321101A77F873374C99C9581E0CAD24199D54F98030015562D69F9015BC0333DFF351
S321101A781443602B7F024F1F1681A3C299991B8001B46F25B0B4701CBBA00937A22C
S321101A7830052A1C168776A43DA9E9853FA47592A1983E756964B6B8A906C98FE3BB
S321101A784C060CED6C15AA9BF983EFCFDD2CD498C179EB73CD2E9865469B97B5D2ED
S321101A78689780DF2D4894FEAB0B84711CE5C9AF1617B87F1677A583C8EEB5DA8DC8
S321101A7884F2CD83110D3BBCAA8AF3AC6482A9825FFD6D16B90D18E77D81C94311BE
S321101A78A058E01E4502B62115FFDECCF3DB97363133DBC896848D776F36579561B8
S321101A78BC765E8D4033904F577BC5CC73D98F9FA7C644B71CD6196FB3D5594DFBE5
S321101A78D86996A8122FB61FE5F8E19FBB560787F377D65417A6E02D6ED935EB05E1
S321101A78F4F804F81C2A7C85B8743850F7F152B7C844FA9690BF2FB19B382CF208A4
S321101A7910839420AC169B6FF775E4553D64EEDB8D2A3BAEF1C7ACFD6E4C107DD2FF
S321101A792C9C900ABA507FFEB9CE1EDD0A111F9EADD703F00608AC55A22F6B9ADCC0
S321101A794876AB83B9673E8142353FE2A479A90C891F231C8588B3AA804FE6BA291D
S321101A79645C0B6BA85D6A99DC2537EFCDFE48298FABF404D7CA2E600E7131C0D4F5
S321101A798031FCCE8D2C4B6476597C62B695F656C9C34FA993766D31E4777B9FE094
S321101A799C6A0BE0F1076FE3FB5B2FFD0144EF5C40B85809F0CC267383BD598F70A8
S321101A79B824F0F4E6E3EBADAD2703BBE8DAA212B2E73D9A0A673AAF4B7C4302DE5E
S321101A79D461CE7AA3AD9E40926FEA60A71F3C64DFA97D669B4D067F2852ACEB579F
S321101A79F0FDD94A46D5DC718165E1B9812B5CB1D0862E7ACC62D32C438FCD345F2D
S321101A7A0C08DF64285AC56684992EB4F13489215312247BD7BCF3688576DDD2B418
S321101A7A28F2557CDE6403C849E8BAAF295212C7F3EE696B200CF553A87839DC19DD
S321101A7A443B94FE91FAEE3620D1B2608801E328AA54D51BCF294AE6DC838AFCE503
S321101A7A606FBCC3EB66800DB7D17B424778D99279381FEDA3A51FE9C2D9F4472993
S321101A7A7C2CC2449164F17401199DCBD64BA14DD3425569AE184BA7DDCF14FA7AE2
S321101A7A98C71000EA6F247835E0E7814A3C33F5B522755234798709435EF301D368
S321101A7AB43D7A7E3100B561F87C80F087556EA024E3AD8DF634D5E1A79FDBAD71DC
S321101A7AD00E55D05AC020E2740998F4B522455DA7876E7014F5A723142C3B05AF8B
S321101A7AEC158CB6FF75EFCF48F0540820646165CFEA367B98C875CFC3CB3EA990D4
S321101A7B08DBA16B205AA79DEF1F3D53C1B6EBCF518F9AE23F4B5214E57239BCF035
S321101A7B24B7A86F319DA174AA7A3C044DCE4752F9EC15F034F5D96F6CF149456C9A
S321101A7B404F1D708EC878246D518057FFEB196EF9F356858E20143792E190E0D9A9
S321101A7B5C8AC1C7A09B30BE86CBACCF5730D8321F83D73AC2EFB1E6F59864EB1E50
S321101A7B786554A2CB867DCD907BB26A32434921215EF4FC046D9E65F222E50B15C9
S321101A7B94179D6716965CCB2027CB915DECD410E5696285DFCACE753C8ACD12E839
S321101A7BB0FF89E9858E2B221B7ACE8C7C0FB320C3D7582BC2B1CF560B9555008B36
S321101A7BCC339A177878AD5ED8F37E3A4C0FE2E285B8F73471EC85B1868F54CB9F1E
S321101A7BE8BE6CDC10A37FA47EE70EE153DC4AB4D2FE572FAA3101D50810F1AF64D1
S321101A7C0456010F4437E8E982A9ABD6F637CE0276C07B6F49D0F352656B6D8B9102
S321101A7C2018216C9AD782CD35A745B82760ADE4889B47243FD0D4A5C53DAD98B8AD
S321101A7C3C2FEC77264775C9566DD61A9709DB2E14CC1094BAEA3E3F65A1702BF528
S321101A7C583C8C4F0175BF84D5DC117A649327E247466FD0B2EC5BF3B52B1FAA294A
S321101A7C74BD66A56522EBB88312809294D09688E9D40FBA1A85A98E82E8EA9F91C9
S321101A7C9065E3934D56B58D097A695537732E0D2D98865B1F644E37CC770B254B56
S321101A7CAC7D8DF3A995D3A7A46765255E44F2DCD7DB5BBB696B6C7C5C942653F7EE
S321101A7CC8D313509DD7BE2E29BBC8BCA3A262ABFA4EAB203F743FE45890BC9435CA
S321101A7CE41DCEC5E9363859BD643EB2373EAC063C4AD7E9309D795D3701A8B61528
S321101A7D009E056291B2B2F429D64E0FDDC2C2E1B3A59713676E8896DF4D4BE9F165
S321101A7D1C2370864D9A26594BEA98ABAC916116300B1722FBE3495F5220BC7B8F3E
S321101A7D38C37BA2C7C0682C11178C71FA123C11F3F065D68E280DFD7B6080BA464D
S321101A7D54157A0592E8F969D7A552689629CD9AA7536164A6AC3418EFA6D35C3EB8
S321101A7D7039428D93EAFE22BE67F3DA491D6372FF829FB766002EABF851D5EFA52D
S321101A7D8C4F42A5D097C172CC04758EB02BF6799E577EAA3E7342F7E0C04AF2D902
S321101A7DA88D45AE02541756B33DADBA3BCA68A49AF6359DE1736F4D1FC0B5137655
S321101A7DC42DBFCE41986103525C8F91E9CACD3E0B5BC7A40E8DAAA5430D871FDF60
S321101A7DE05BDCCED5B6C0DDADD681FFD4054845F0ECCF3A9D9348E1B88E975ED870
S321101A7DFCBA02959E99237F467D926B5381766BF1467BE1652AD50E794996827647
S321101A7E187B3B68CD1F9C2D135D219D23C4F50B83481AA0D185D41D9235F508990D
S321101A7E3426FEBC3AF7244F7212D475CD902C5CDA4004E587605856C83BEB7414BE
S321101A7E50857D9700C0D81A546A9FD3AE95A6526005CBBCD873981AC9E9475A6490
S321101A7E6C6AA3EEDAF96541E2241BE3CE0F12F1EED9815D81C89FF7AEB0A32ADDE6
S321101A7E88F28C373B84FDC5EBFFD80EAC1F6855C21FADFBE088EA8AF6BD1B7ED699
S321101A7EA4149B18A5EAA3FB380559E131CA2A253C60728672E9D8F8BE7BC37DDFC6
S321101A7EC0CFE6A54EB83EDC8DC83BAC1F170DFBAC667C987DE13C8A7B131268FA36
S321101A7EDC88F013E68BED9A8FF7572AA336EFA97008D47B6740A0A1658525C8B227
S321101A7EF834E973D6A85DBB7A415C09B47762C738B1232E951F12565EB49501386E
S321101A7F14606365D9EDA6D77428FAEE14401CE688F9BF4043C013590ED8187F3C34
S321101A7F30A7A0A40D25DA0C4F28121607BE5614005F8040541EC2B82015DABE203C
S321101A7F4CD03A7EA6D89856F583A4546957E8F59B1D509593A47E939F9DA39D6621
S321101A7F68F1C570E7E4C880A7FA40E7609FBBD45B514831FA4D06C85E898F818E7F
S321101A7F8499843AD2C248E86F0FACC81CD912E86AB7827CEFD976BBCD8193D9598A
S321101A7FA01C43BF2DDD4CB6F79636C6A08E85E9390DE4D558B8FC70BC03281BD3F6
S321101A7FBC02A6B776D3E2811E3DBC9E03ABC3EB4C82A4E251DD1DE12FA4CAF1D976
S321101A7FD8CAF4449BFADA079CF318DDA9B7CFEF97CBB93B7F399D83929F42F5F0BD
S321101A7FF4C2A0C46A9B7BDEF2D25DDF313A8D33A31656D5F5CD8FA86E5AD2D03615
S321101A8010F1A27CF022379AA6A87508F41D4719045F9A49E48B35D3F650B746F402
S321101A802C492E20AE94321E43C7603ABC3E0BBE58B946D83A5F9B9271EF5A61A1C7
S321101A804872EE1924DACEC7A3D9AEAE5FEEFBD87623DB1BBB8429005B97563BA5C9
S321101A80647F0EB8F4573F0DC0DF852F518716E02F3B88C2C70E96B20645600FB098
S321101A8080333AE3E0E993B195ADE8324F9C4D40E653C8B4A5B1BA7ECF4D5014A917
S321101A809CC0D387549A4ED4A70AFAC6B1E649F6CA77EE5E369C3A069B9C610B568F
S321101A80B832BA16A267D6858B65CA49298C59B120771BF813925FEB541640334B93
S321101A80D4FAEEF9F92BAE51B63084CD33B4209E56D15BA45C496C70159B01AFD9A0
S321101A80F0A3C12A6FCF7BD379B77C62477E51660FC5CF73FF64699116B1B4D409D5
S321101A810C16E2CFA79ABF9D89F1D2F952BBF376A85C825D97FD25F899F2BF082DF5
S321101A81288E9B9EED44097E53AA71CD0653012347111033367C5E58BB2C7EA4D0F8
S321101A81448179C72609EC8F64A7081E5D71E09403C3C8FE3EDFA0CA1E76E8BF992A
S321101A81606D898E43C1707EA0A1833399ADC279BA8A644D0F1129482BF1DD99D2FB
S321101A817C622991512FD9A5D6BBEA36D4FF32EEC7055D23ED121816C3CF20D07D81
S321101A819803FD340A11CC329B8EFD8BE14854AE96F6EA905178B564210BCF0CEC97
S321101A81B4C9C39F844CE8CA6FAC9E9E95CE8D2EFEE3F4015EDBF3578C0DD2F7A9F9
S321101A81D0FC7A9D67D7DEED43B0D52F754FBF8D77A0F951EE2902C3ACDDCE1B464B
S321101A81EC20D4B6F29A82E297A51B17271DA6491EF6CEEB3A717150D2C2D1759F5A
S321101A82082527E468F59A940EBA5A189DA80A3E82F69FED17D8480CB9890F0E639F
S321101A8224DCC074D087B306CDB8E4F272BEF97ED9367FE54BF1AF52E38B528B0BE6
S321101A824024275F5463FFB3948E5D1E54FC04B1255456084E169500429B1D08C9A2
S321101A825C1AA65106AA113465BF696C7B1315FBC24C1891417B68FCA70724395FF8
S321101A827812E2BB9F7D89397FE6EE29ECD864DEBB86573924C7F3425C2E1F0B7F87
S321101A8294C15C6F22A2A07C6AAC1C54000048E6F6E5D14DA3CE3D60B3F03EAFF9EE
S321101A82B09B4A27DD6D91A8F65D1D4C7591C22CF8B8C036328CE315E687255EAF48
S321101A82CC50C5523AF8C7BCB4FE13F0D25614B5752C405DBDC814095140E9B04753
S321101A82E8D50A5C5BA353DABCDF3BA8C8A36EA5B8989FF2A98CB069CE80347CE2D9
S321101A83041DEAE7E1275EA26A9DC944CAE56F0D8D3575DE7D50A1B636F8E49968AC
S321101A832010EFBF534051B70FBDF9E5181FE3A8C734E85FECBA1CCDA4CBCB369972
S321101A833C9A79F318FE4F568540F25289CDB8C060C5AC090C0A515FA3D8B729B2B0
S321101A83587811064598EC1D719A4459FB6F6CD58B957DEA1BC96D7DFBEA6BAE3D81
S321101A8374AFD5B0E9972B87F36BF712103EA5E97B8FEA47CEF30605758BC7A4376B
S321101A83904CBB8083BBF343C685285E1A3CD5098811821281FF3D87885FAAFB6143
S321101A83ACBB56E4C0E321DE1E9C96732F1B103E5C4F7A3F4686B628FC0D09BD377F
S321101A83C85B368BAACC5BF5C78D055CC06BFC1C868C08CC39C9822A35A011EED94E
S321101A83E421453342A714A4DE99FF293E25313F421EDE5F2E508402569D7CC87257
S321101A840052CF56AC400241F611662BE576AE313C2231460E0EE78C59859BA591A5
S321101A841C8B3BDFE3C6812CBC3CFE87B2A2E88CB055FFA2107D2ACF6D3AA416BD8A
S321101A8438AD6E37D437DF3BAEEF41B1FEE704076A84E259950B6E7126C1C378E355
S321101A8454382F605354756025E05980DD89EE85C63DC562A2089749D90B6455A9E8
S321101A8470A2C432CF0D5695C3115EEE15F6F1551D93BAA84A20D7148D7779EDFC23
S321101A848CE26042A46222DCA2D2390A9688A349D58867A573AB4A29692AD5FE7C7F
S321101A84A874A820F3E26931EC2DEF8AD5AD023CE112801AA574A3325B0D7E0BCE51
S321101A84C4282EDE67720C52BDD6D40D55B9B252EC20270E7215D523B9B6CD2F9DB3
S321101A84E0946E1D97F4F6F486B23962891D1660342DF118559F996B54F90B0A1DEC
S321101A84FCC9A8D422A229D65F38E14D03A130A93D28413CC91D8ECEC2FA7715FD81
S321101A8518A17FCA35F7A8C92CBD19054DCF978492DE337CA31502D19A188A1C1A36
S321101A8534DBD7CED7A63CE90F050B295FDED11B4AD0DA0D5FBB73F1F593B52B077A
S321101A8550A40951A657289414057829C5500D5D850393F230F7AB98FDF027C91A81
S321101A856C28800B8FE64DB07E2B7E3E6D89CD2CFFDD290A667F23E6D3299FED2E97
S321101A858858996FBE0148B142EAE3B11DA3FD3B2ECE16032AAE39C15AA39EB85449
S321101A85A4EC11457B28E9C53970F5BF07EB631D63EA7BC2C6877E4E5555B4A0A9DF
S321101A85C00531C14DE47ABCA793343BA0CA077D083C0ADC78972D588B4791C1692F
S321101A85DC026E3CEF0CB6839ED6013014D9F531089FB5D96310A66383761B1AF9E3
S321101A85F873D55758F403CEB90870EE9AC8872FD1EAC5569007BB0B791389BCD769
S321101A8614557B114D4364662468F0DA1B2D5DAFC065C0FAD8C7B558EF5E83A084B6
S321101A863015874215968E55945083233FDDFC71D40360E0A0686E8F875B4FA0E7AB
S321101A864C34D4CE72C673F70AE1984C0E11517699F6324A67B00EE75CE234AA2F53
S321101A86681B31033F5A1F37098FFFAACFF4AD083705EDB5D18C0B677930D2A1E323
S321101A8684B3FCDFE3F731DD12982E2DB5AC3A6106DE78EB59E2AE387322C3A1A82A
S321101A86A01ED3EFF58C4A80BC14156B167C9430AC1E7D9CC9ECBE15DFE564E9EB56
S321101A86BCB6594FF160FB31C6CAA0B59EC457FD8D9778E37632D0688DDBA973AE6B
S321101A86D89908040A5DE9E48B43343099CBAAA0D7D828BAE62C7031244FA01442F0
S321101A86F45A28B50C85B03464EB57B1EDE8EA871FECA360A18620DAD7A94AFBAF4E
S321101A87105222035F516A839E93FD8F4650E7C80AB0B5E87393BDAFCD927C4AF425
S321101A872C0722009A34A1F2C3E629564B25F9BBFA2D4C1EAF4ADAEFE8C4677BA0AA
S321101A8748D16492B657F60E1723ACC86DCEB728DC7872F7AB8164FF4BC8F7C8E245
S321101A876489D8A86288459154460500B796D48382F4542CAAD201603A18B7EDC430
S321101A8780C0E9AFCC367A45B105C97A6F5DC9B0F66B0AD8CC0C11472FF3190E1486
S321101A879CC998E3BDC0E806D590FF9A295CD2A037266800F6B0B2522AEBBFEE526A
S321101A87B8EB47BB52077A7671653EC1D38C9C76B0801A0A1D9F86E7862FB4F8FD1E
S321101A87D46FCE5B6237FCBDF02DC4B5B217F81ED7EC39E351C23FA206C5E1BD1F9F
S321101A87F0B250B317CED1EC1A968B7F5AD1C51EF15C65BB4141ADFE156686FCB7D0
S321101A880C91FADAB3C30571A466416021DE7651653AA28375BEFCD48FBEEE6B5F92
S321101A8828B2D6B30940C5252B5A8E1A1F908BE3F1A7985896119D887EBC4A62A86A
S321101A8844C9C676ECD0F2E52C172EE4AB3087075C506BB0ACB263504CEB1548A87E
S321101A8860D87A7A46909DD36820211E1ECEBBF567DEA77F32EE263DFEC41B0B95EC
S321101A887CFF885D4FF2891E4DC490815B66A9F1F4FA7542FB53AAB2050B55371765
S321101A88989C1B472C92848A075C1588467CD33AF6E91EB150BEB655BEB5E0BD6ABA
S321101A88B4C2FD6E649B670CC9CE67DEBBC249AE51B7FB4ACB012BC4111DEEB61798
S321101A88D07DB272F21C34C6E5ADF4766203CD70C668D14505EED04D9627916E9F66
S321101A88EC4B0BB611E3F3C916D656A6DB268C2EDCFB8B17558A7B324DB89E35887C
S321101A89089F7C6A81FB4A9F7EC3165E7C481FF04DB6356D9ECDD1BD130D0070EA99
S321101A89244FD2CE4D195F1F74553ED80A960C97196AFDCC28A9D7A6748AD68C0711
S321101A894057072D309F0DCBEDF3943A68A80A6FA48AA0C032350F5F490BF4C23CD9
S321101A895CD21713C970B8D7A048888058F1696FADAB70C651C28F7DEF3EF487990C
S321101A8978F31800D8F706EBED943DF1C8C83579F16C6540C97EE9DE7C946984E20C
S321101A89944A1D0467373A9D8E1D7B3464BF2F8059D36AE36BC50DB406C613E62C30
S321101A89B022E3732617C29C5BF68413DA5785EF5D23E8CBAFB877E6BDE4BBFA4F3F
S321101A89CCA7A46C75E9831A57B4C6716AF98C1542FA0306131828578C4BA4F616F1
S321101A89E821DA78C29FBDFF7695859A6B497A1FDF8874595DB3B2F0B36074F923B3
S321101A8A0454B3B80FCCD120B5BE9BFDE93890712B6FE74A2D859B6B170A827BE9E4
S321101A8A20BCB676A34CC0ED2547D2E1649ABCA2045EB0E72FAD5DA621CC26EE65CD
S321101A8A3C1EE7476B53DE55BFE2184370B31980377C1D29D1553C288C55B13E7036
S321101A8A5899F17ABAAC6B49435AF0CDE4F77ABCA0EED527E45FC57E9B5C8EF76D50
S321101A8A745D99DC2AF916D5BAC5039EADB94E101B3B28C783C8120FF482F3E35F96
S321101A8A90E335BC5B11DBAA49B69AB97C405591DF1C2AADEE37729BF7F8F5717810
S321101A8AAC382FF105A549778ABFBFA53280737A702AEAC6B496F59CC1A392FC1742
S321101A8AC8734387878DFE126A37AC81984B8B4ECF24FE350C00A08E28B0FB37D23B
S321101A8AE49FEE7D255D7368F0017D0907DC78C14CF22498B124810AEB05B14345C9
S321101A8B0087AAD789AF3DC4C609AD906EC43EBE4071922A66BC448428AA177356A5
S321101A8B1CB6263399C55B50DE3FB4C2308F6E5E8B5CD02F0E68DA0B155AC64A54C3
S321101A8B38E3319F76BC3D6FC44FB15794E707E6FCE0698F6E86850CBB6DB7794FDD
S321101A8B5462ADECDDA9F94BA8288E6B461D22B746A30FC980A9149D38934D2D6FBC
S321101A8B70556B8C6FC89B7D7536B90D96C845DACD24C591A59FD6A410A6F79E14CC
S321101A8B8CD85ADD434C1E3DA0B43C7D7883DA4622586D423F496E83559CF4CF8B9B
S321101A8BA8985918FDB2CF289B5E0F3D888B7DCF3B3A9CF88EB4B69463593AB78B61
S321101A8BC4062FAD18CAC30F698DCA9B041971B7C3479A06A149D3969E76A9EB3F4B
S321101A8BE04AA699F66AF56B1EBBA047A507FD57F4CBE020180A6408F9A738B7E084
S321101A8BFCA041CDA5291084F0D2F2733407509AFEB27DC7687CC01733D6ACAF2B93
S321101A8C186F4B7E9D32B4EA972B4E8E45ABAF5CFDB3868AB06AF6710DCE90CF381F
S321101A8C348E46D2DA195A3900D125BD73C0C1C1802DCAC4B9137F1F7F346389F725
S321101A8C508B2A7F1EBA4B2588D3815C7A643535EFF722E958CA59A407D46D4C98A0
S321101A8C6CBB5B5F239FAF0DB8F2DD265820471563B2767E0C5FECCFDEEF0E0A9A9A
S321101A8C882B5282E3DBF0641DEA3A30F01485D7E9F687CEDD9DC29E82BCFA10D98F
S321101A8CA479A4C32C1EA7856568879E14F1DA3CB683AF3EDD4E6FEB6B3E12D5578F
S321101A8CC09BD2218D2DC77EBEFAF216B9216B535AAA604E7EC6BCA96C82F47102D3
S321101A8CDC4358F7D9DCAF20C63A0426E0CDE2827370D2B446C71E515FDD8FEB6000
S321101A8CF800848C35EA903FA49E31A64C476EA45744E4225703FE51D312CD10BBAD
S321101A8D144165D38DBE93FF2EE776862CA39EE9D849950CEE28F12083291C8EAF68
S321101A8D3091949658A5E04830662D2DD61177C8791B41E717D9A288BA4EA38E2EC4
S321101A8D4CABD9C1F00E1BE3F8FE55E8A2613D5C9F0A57F88DFA7462D7D17314F84F
S321101A8D682D8F3291AA5F0E8BAFDCA7064D6E756B0EF74B8EDD8B774974CC80D431
S321101A8D8459C2F648776B4AA17932C1DC1C5EBC3FA042436E3CA9036E7AF05056C7
S321101A8DA03E7C2AFBEC10D6BE9C619A54069F3562F07F70352F04DC6BF93B6623A6
S321101A8DBCD92A99E7495F4A1E98F5C6EF4BF7D9F0CD6CAFA9EB9313127D7769609A
S321101A8DD8EA1166AFFD61D997B5A4742AD1CB6ABE88965D582878B5E8CFFDDA30D0
S321101A8DF4328ACBADD1391512247016A6BB0D68685BD95BC7E55FCFA3B32DAA4C04
S321101A8E102D558A139A566FE6562A5C40682AA502B4DF5034FDD2FB74EC7A3E7EE6
S321101A8E2C506228ED1D98F7752B0E1C11FA89723263C61AFF48238682E1A4BF8408
S321101A8E4896AFA91D861601EA9F2263F588CB0D08FBC301934BF145BBEEB9B59849
S321101A8E6483A7208687D26AF1DE1DA472D9B50C8D5F146BDEE13AEF1BBB89475347
S321101A8E809E9C500A9101E106248DB318704E5F0FAE5C48E6DD44B920C93ABA0FF3
S321101A8E9C187A4947EEC6D6B05635BCECF2494B4AD2AF5AE92DAE2F78B2341EF8E9
S321101A8EB89B5364077D219A3B674D7E1A4F89E2CEE557186FB205683581A93B93BF
S321101A8ED427BDAA677610A62FB62A2E1D4F74C556E5A75EBCDAEC9E99F3C258E663
S321101A8EF0B103A44E558AB0B27B6C429D6EE12D543E1E4E213D8F2AAF55E7EA8D96
S321101A8F0C8B68B916AF69053D5D4FAC88FC1698FBDC51E4720A3A1A410F10994E50
S321101A8F280636AC77FEDDFC58C263404AE3799B57A5F9AB18847B9FC1DB0A7A371C
S321101A8F4403918DDF64E46CF1D34B2AD0BFAEAE56531CB3CC49D550C2FCEAB56793
S321101A8F60FC83A30A5DE64C5F94FBCDC1A9B03DCEC03367765ED8AB7FE0E7CEEC79
S321101A8F7CC895742F780159CA21A76F58C2774CB27DF52ADE3FC626A77EC2FD5F5F
S321101A8F98AA83E48AB4EE96A1C798A0D7999190FA96BAC2E1764AC309031E7BF282
S321101A8FB4E6F43D40E72B12C7251261AE156A236F00171F9FEDC71ABBCD2B291F3A
S321101A8FD0EFA90311EAD75334F0F0E5974E137ECC6AA9983A1425E7DDFA80713F4E
S321101A8FEC50839AC6510DF89CA31582A15C09D4C7933F72D3C582EE44D2292BB8CB
S321101A9008CE7B9802138CD23B528BABDA6F39E4102CDAE94230A68F3921C6872A28
S321101A9024E5DA190EFBED78DAF3A2C96B4722F8AAE491AA4981E261B1A0156E4DBF
S321101A90407243DE8DC26BDAA0534C4A94C096D92ED2361EB673DF06655BDF363901
S321101A905CAEBC390D89C0C38F2DB4FC5CA6858BD0E238D8F140567DF1638080274D
S321101A90788200707F36231F1F96A595CB00CCD2B269CA209B5A4498E4380085D123
S321101A90941FFFA57D2C5F695904481346F7F5E651A6EF46AD1381D4AE2DF8247FD5
S321101A90B0C3E108DC35C82161206010BD8E45F8E1BA2FC9EFDC8226157C48000472
S321101A90CC0E72D036F1715CEA4B691C38DF1BA408B3FF826BED64AB0B0902631256
S321101A90E81098BFDCE9B7ABD437ADAE9D1A7F49940EA02D2F34ABB44B08229BA6E2
S321101A910446A58DCFF8522890822060EA4CA5792E191CB4E2BE33E88FB89B683A2A
S321101A9120F5BEE6DF7245131CB308C06074E73262975B7DAA34D2D693B4D197EF48
S321101A913CC40E536130C7997E6FDBB967120BD34548565A4F3887C43D2C4949AA45
S321101A9158A76A850A133B54F89127FF0CAF76CFCED93134385DF65998A5BA2B0CBC
S321101A9174E59FE39CB7A108674BA97527B0AF3EF425A8CBB8C6886FC205AA7C507A
S321101A9190045B584B2CCEB645904F62AF1ED1DA5DADA0AEE85401CD3790FAB5C645
S321101A91ACDC29B0506C5D1D0AD93AB35EDB984276DA543B12692F671434CA405314
S321101A91C808009909843FF9BF1091DF0DFB6BE19D08AADD0A87231A1E683FCF6272
S321101A91E49E8103C40D60BD7FBA35168744093BC4D3468EBC3EC4DBC19D9999B058
S321101A920001CD81875B313E3898D814647B6F56B446F91B27C8D177085233E53D2E
S321101A921C1BB18C11270DBA8C48A3935F1C3D5B06BFDF5A864563B9DA1239178EE3
S321101A92386E16CA3667595A65682434AF95FE9F2F99A06A94104AD0DD55B7A166C6
S321101A9254906FA486890AC8B46AD023CB6B555A284E45C743BC4B5827A18F146D58
S321101A9270FB14A74B0AA776E450B2D3DDC3F4B9ABF6A94509A029BF419D48F060EE
S321101A928C9E2F5F4128C3F474332E23680D69774EAA4245EB9363E115674C05B23D
S321101A92A850B4783EFEFB341EA275B0E02B9886D658F3E80FFFC131DF6F49FAF8F3
S321101A92C402F1FCFAA18240EE1A84373C8F21F108DE86AFC07B3AE44A0ED5C538D4
S321101A92E0691FC63BC343FC8B7FB1DD7FDF067DCC04FE43C6345752841902615535
S321101A92FC13E8E34416DC5A34A003B9B6D328446AA2544A6E76422727A9CCB733B6
S321101A93183303BC65691D6AC07652F641082F51A68DC56AEAB6F58123FE3F7D29FD
S321101A9334B4EF279BDEF69F3BA65B35A139AA225EF04A577257244A36C0280BB4FB
S321101A93501EA3146E9DD3B33E7C9AABA34830F3D48F34888114C01064B17A5654A1
S321101A936C7CBE7B8E4EE46ED58B419D7D0348AED56C7A34F1A073246494C9F268EC
S321101A93887E7A01AD9997EF14535F1F019B6B453C4DE958DB1AFE36B5439863CDF0
S321101A93A4CE51B3107EAD70C4E35A9767503948175F40F83D16959FB66D36DF4B78
S321101A93C07710511176CDF86C426A30DD1414F8289C0933C3EF7912D2706A664168
S321101A93DCD8A94FCF260A14AA411FE7DCEF84D5C6B7E5EA57317F102CA03089C4A1
S321101A93F8B0109761501D15E9C9AE32286691DDCC4D18509751F867FF7DD11D052A
S321101A9414048AD37CB18F058392361C6599524FDBCF1ADAE9D1D3B25FB0B6B92069
S321101A9430DEC6F840B1BEA76214698D9E0576365F549DFE1A4D4AF5C2986C686CB5
S321101A944CB4200BCE82800202633A6A6FE2CFDFFD03CC2F6D3E9D8FEB9C4812C2A6
S321101A94684DC9E85D7C85C114BDE2C3205D56454F6FBB188E53446E0C24914223C3
S321101A9484C8E114A6BECF7CB2FE3490BF0B06D849A6F7429E3F19E069FBE8B1E633
S321101A94A0B34E9FA1F8F0EC921D6E451F6C5C0370077D9A3E5ABB370EB989C69C55
S321101A94BC3FF845A4D578298B1CD20B0B5D93F4F8DCB7FE7AF8894EC987EAB7A0F8
S321101A94D82EC91B5809C9CF9B2E4E2C7EEB3F3A046784E80FFD0C8B6BAA83A1590C
S321101A94F4D03AF197825041B439C42C6FF4AA1C13E622C4154C42F9E9F33263D2C3
S321101A9510E3BB04EF42569C3FF32F410C1B99DC4A48320FB41637315642F5240551
S321101A952CE1D24FFA24719B44E7EBC7C60A014AD7601F004428634E6278D9D014C5
S321101A95484A9E197F013A8365E9CB6DB8D23EA9CBF51E52A39F78E1F2C020BE81C6
S321101A9564F3197F77AA0ADD66328180A81A1D83C43C000C274EE45ADDB0C7DD8DB0
S321101A9580B9EA5D047BFE13D141C1AC98374A24C05991EA2619FF522A94B4AC739E
S321101A959CCC208D2314AA4F9EB9576AE9E7AB19EEAB0564A66B8099A98F7FAAB5EC
S321101A95B8098671A8540EDD8BD6EE842E6081E675B0A745B1B26C2C626BEA740C75
S321101A95D43CCC2CCD0CE52386DB1E7040E2EC76CC8401DF8C1F934A69843547ADF5
S321101A95F044EC2925C2D6EB17608C39628716D3C1A5DAD10F1F0612AC0133A4E560
S321101A960CA193F1FD3CF7C6C31F6BD562160DAD171E4BAF53AB203E7CD2B7FD070F
S321101A9628B58F3D1F318F020E2E46B30BBF7C36ECBF0E5EC721B83F0C2636C2586B
S321101A96442CBA975F1B7EB37A0602075D88284B8D84FE8F50D5DE7AAC456EC4E2B1
S321101A9660456866C4B2DEF66D0B38294CF07A4311C6BB3A2F9020C4162E5E71BE4F
S321101A967CB618FE7169EF1061215A28A11A1B74D9E69735232885FD467C9232349D
S321101A96985D0F63E7F288CE30265E09012DD8D6B6FEDF77B44A28626293E071C156
S321101A96B4A85D7D2F361C52907E6963CE82ECFEEE1270887908E532FD4699B3B929
S321101A96D07D892656F7C57D76AD4B9457BFB075531DCFEE1E781A57C01F2F80F89C
S321101A96EC42FCC56B8287AD8F639CEFAD362D3C577F588FE6A1A7B60D73B56BAE56
S321101A97084A58D65DB6126A62C5803F3C1A6FEB01329B3D2ED7AD10C4A7967B032C
S321101A9724C30FF92BE149F7E24B6C922005641394C0EF5E63CEFF2C259941BEAEB3
S321101A97407C1B81863F925BCC7B82D7ED6CA1838914DC7373FD4A6254909AA1933C
S321101A975CF6ADE2E06EFEB89C5F03FA72309EA1BC25BF7C4004990F56CCDC1769D9
S321101A977885DED2D33BCF4BD2CEDDCFC5EEA858A3A0E99AF33CA11014464A8387F5
S321101A9794A4C3C70C0F9D9ED4DC9ED365C16ABE80E8EF1C2A6ED67948F4A3C9C3D1
S321101A97B0780C12862A2D6847BDE70146A6DF4699EAC4175CE37370D88463E46D05
S321101A97CCBDE5C1E4A3B129D6362FD804996AB0F1CD86AFFC0EAD3B68E018313C11
S321101A97E8A01D15DF5FD88466667CB327B3703B5F3CA9538C7D876818952E395155
S321101A98043066116500C83A18E1D0657E0715C44193638E86F301A3878ECE195A46
S321101A98202E1239F5FBCD90F8CBF3553D3BB219A9CDE46A74DB160421D17445F11F
S321101A983CC962EFB1C9CC84518B6E79528FE101307C353227EB5711E51500969BBE
S321101A9858313AABDB4128946A44F949FE0AECDF158FCC4602532012F4DB88EC4350
S321101A98745E0CC8EEA4B5318400187D393F580B20A8708B1B8F2624386F7482C1F5
S321101A98908E4B267FA4A85696F3CAE3B3509BAEC73442B8029B6E5372243775064F
S321101A98AC89FF455FC363988D99C1D819C3B5FDBF8472DD05200C74473A500357D7
S321101A98C8BBBC52CA8FF2610098EA641D20A0952B1B3F534EC3D5D8FEA6883B1D6D
S321101A98E4EE95DF2688582A27EF54B8CA0288890024155EFF48CF09127D61C8FD3C
S321101A9900CD3A30B50DC5F18405C7E56904EF1828E994F7B04134C4445E5714FD34
S321101A991C6E750602E50172D00EA0823FFB983062555DF5361CB233B95C27478A6D
S321101A9938954721FE0A7D8A8B244FF5B6EFE7EF3303CCC4731D9E05E2922173590F
S321101A99546E3401307FB4CAE73E839FF731ABABB7C2A97B3BED692C560CB5862516
S321101A99709A2F452D090E35F08D34925D5EB8DFE6CA4006036F151E3DD399EEE37A
S321101A998CEACB3AF94FCC08EA6684E6B40C3DF832B1A986CD0EF1C32C80104D72B9
S321101A99A8F4003638E66EB5F46F6FBEB7F8A241D1222F9400BA31DC20BB94279C37
S321101A99C496F369801DDEF5AB5C90070ACBFEBA4682BF128CEE217FEEEED3E66E14
S321101A99E0D460148299911CCFE70AC573EEB68BFB00A1B78BBA82CEF91D5A2491F7
S321101A99FC56C483952166B2C1916659E92CE1964ED799E37822C437F69DF70EDA6F
S321101A9A189DDFFD8CC787031DA9200296FB58AB22E93F2D1C0EB4DC26327AA9AED6
S321101A9A3474D5BBC722235938F195046A1B6D705F62E6D821070B68661D6D24F13A
S321101A9A50DA9E9631BD121EA32228966056185E3AB0A598451B883B1722CB62F34C
S321101A9A6C18083886BC9D2113761F306F85E7689BBCDF87A00AEDDB706E4531A90F
S321101A9A88E4581502206107495196CC97C61C29ADC7C9C1F073F9B0AEFF218F0CA6
S321101A9AA429BC0381389E7236BED1EBF9EAC514BA144C6C6106E41A0AA52D6079B9
S321101A9AC02BD31BB2353B534A6659E92F390A1E209807A40D7A54A795B0B58E924B
S321101A9ADCD0D042F004F17212735473007C11779CC62F55232E1972958B2DB9618C
S321101A9AF8B41F1EFD1567DB3CE77CA9F482C69B2F1A338C53EC99036E1B164833C1
S321101A9B142B7160620D740277D650E0F9B1D1735D08D57E56C173F39A98259CDDB4
S321101A9B30E9714792B67A838BBCAE9C5E02E572F3E6F68ACBCAB6DC7CA0ED3D985D
S321101A9B4CCAC1BC9BBBCE2229A2A7ED5F075E8242DBF3482735864753784187E99E
S321101A9B68D45BABEC94AA56010B4A6721772B4C65A19BE7F502BCFF35A117FF71F4
S321101A9B849956585C51088D6AFB7A37EFB544E8DD68DD3F00C1B135B47BBFE3FB52
S321101A9BA0C4EA2957056EF6FD42281993DED6C1BAA378F652B0F182BB37E2958928
S321101A9BBC7BB0522D771D4102353E99287F932F9F201F48EFFE17B32236CB79A24C
S321101A9BD8363A38E0939023221C1FF239D0911C65AEA2BB68282906AC3ABBBE26BA
S321101A9BF485C9A0A3613E7FB74A27397DE7435A18851EDD7F665A7202219DFE9875
S321101A9C10E1DDE25DE6236493066C1AF70A39BE28AF4B38F4D011D968F2E335DC31
S321101A9C2CFF28748B18FC5A4B30B6DA41CE3624367DBDDAD7880B2DF193D59143D6
S321101A9C48B6252B9ED5CDA4FCFD7D3E168F8F68981DAD6D8F1C797ACBB461AB9FFF
S321101A9C64D3296CA1A634736193CCB836044731699510EB131644DECB5451BD368D
S321101A9C806F09DC09D20792734F62BD0F248C39CAD493F443247993059DB45A317E
S321101A9C9C5B5ABBAB8CDCA62EE7489BBB2496687F4D172D143D1277F3DC47459D9C
S321101A9CB8244F5AC696AB3BD00A62D7313C512FBDA40E15FD8D9F69B51D22E51C46
S321101A9CD4D14F28EB587E6106FED2BF414E9F1680A72328888E6F77B568D544EB72
S321101A9CF099E9CA396FDB6166BE8082A54D7B1888A96DB2D0C9F9DCFF85A024E067
S321101A9D0C205558ADD8F65010FE79A4009DFEC11C9DF76B4429F2C37FA56310B266
S321101A9D28B4BA0A6F8551D7C07FF77F255A6CF5A17D7A8A8A7D98887EF7585ED67C
S321101A9D4482C429FFAE6142ACC5AADF9555C846AC6D899A680E761FABBF9BCF56B1
S321101A9D60D5DFF30CF4F964FA625EA326EA7ABE9B405E3B4E5E47D56598C147A726
S321101A9D7C9C41244B4E20007EED157B8DA24FA42A611B3C90E98E4B49B9E9B624CB
S321101A9D9896B3FE1CE6083A8C5C295F8B4E7CBBC67D42ADB974F1F39984760A8C08
S321101A9DB4AF5FF4E3C39E50F58D3EB9E5A8F0DCA252F5A015DF3CC84365140012AC
S321101A9DD0C9A6146EA6F9786BBFEDF9DA35B84809FEE90123E8E418F955FD7C352C
S321101A9DEC16E7FACAC9D8B036B56D1142DE30252AE4B4EB65E7FB196CDD1838E2B3
S321101A9E087C585521B1FA37D57D25D233FDAE36A92480668D91B89FC779EAEAC089
S321101A9E246919CEA70A261E6F5860AC89874E329E12699E2FB68DA560C2370C9186
S321101A9E40137183AA31F5220819CD5C893BCA82893588AC6F9BB093C5FDC5778BBB
S321101A9E5CC80DD1FDB2E856B346A4C5712F4B25FDCAF6868A2206A95613FBBE4FA6
S321101A9E78CD715841C577BF8C6302F90E56690879CB0251B6871035F2BBFA279195
S321101A9E9456DCB294541F9DAC184A5EFED2970BD33AC7EDA4F236F2DC42D8D9A32B
S321101A9EB081A40A11FF6952ADD38886E1A47319DB144E2467DBE4A5E7BFF53302D1
S321101A9ECCE9B843E66DB7726D483EAC354C80BCD75F8C2D000994BBAEC82F65D469
S321101A9EE8F7609F16A300212C4B2B27B6791B722B9300E0AE52E2F325B622931BBB
S321101A9F04CF0E1B180D9BF7B58E33FF0DD1E726440311E678D11DFA990D4402A0D8
S321101A9F20F05CF6660BD7E94EE7CB5788A4A51070AE0440CB206320BD613F5B972B
S321101A9F3C0258FA732FA920F991273674517358EE55A5F7457BD9BDA627F3D57960
S321101A9F581F1C0D26A8F7258F350F5016FB5EC3E325D18EE2482A07C411EE64F35A
S321101A9F740DC83C321813C5F72B26F33F5AD90A0D1B9EEBD52F6ECDBC59A8EE7AA2
S321101A9F9042A039F8A58D7CC87443AD206E9A705E2B724241CFF55A64D6A1FFF496
S321101A9FAC4FB2B7FC85800D8A8257849E11F4399FAD46780B2A1152E1BAD9A7D053
S321101A9FC82BB88610CA6B06E878CB6B1F8587937C84DB76A8875EF9FACC8733B13D
S321101A9FE4AC768AE8352D999B9129060140D73F196AA63333A4B10F429ECAE82249
S321101AA0004591D0F9696E6AE899CC8F22ACC1FEAE4D4A63586802A3B6F3FA90C7C4
S321101AA01CE08681D0E91A95C882CF97523C45828E44E3A1FC546E505238F83989FC
S321101AA038058FDD079B9FFA31A9B4B323F45116EC46A84B47B86DC2CF4EC85E5E7D
S321101AA0549C039E790A735BDF6085346209BA8E2F4F0537EFC12D9204714213B8DC
S321101AA0707E9889129322B552444F30035CD5F3AA9FE9045989F2EC8E562E5DF9EF
S321101AA08C70AD04AE5ECF0B380AC981374EB34CF8E0B11A9D6D4C9DE18E8DB3BE6E
S321101AA0A8736D0A21849011CB01ED149DD9C5EAF1EFE4D1673304E077FEBACFF445
S321101AA0C413AC37E8EB3E081AFC224A3340665EF65CAA11C84E55962651522B7115
S321101AA0E0102CA45145175B8AFD6DFBFED5A40D462D479FEA9215393F0FBCA1A962
S321101AA0FC99567224E174E213772795508EC42D0534ADFA3D6B8FBA411576BD816C
S321101AA118D4DFD1916F34CDC5A39595F66F9FD8AA3840979793E1119F48FDF7DD7B
S321101AA1348F5260C1CBEB29F227961C968F1FE0F518D9FB9BB9857418C35F5DC387
S321101AA150A4DAF1AA8F8BB0CE0FEA3ABA14721CD2500E4348B086389F89C9D36D29
S321101AA16C9A4F38823AA00B3A5E0660F0F58BDD3C1BA290C0B9A50F1F36FF9152E7
S321101AA18859C668518F5C92776A7CE206623605419F650FD045A135A57A24667CF0
S321101AA1A45FDFD9BCFE5E9529697CD9365DFD46BFEB4B384322AAD2CB814593B705
S321101AA1C002E426B1F81CDAC0C387903047FF1973426892F9F4DACD6B49F26D70B9
S321101AA1DC348BFAB403C3C23D16E807F51EF4A1777A977D87644ED3BA9D9737CC56
S321101AA1F8CB9EA202F48C71AB70F458208208334507B986637D544C06DBBE8EF3AE
S321101AA2144D329AED1096A79D5A1106E55752FF77571BEA6832697842C57FDDF669
S321101AA2303F99EAE20687C872762F53EA7CA100BC92131D95BC61A4F7746085DB79
S321101AA24CC853EB145D68F6EE02387BFBA41A7F1618793CAE1434A81EAC1807901C
S321101AA2686425FAEEFB0490863E5693C5338DBBE2EA64A5EE89F3697881973970DC
S321101AA2841F480123A620AB92961419B11EB83CD4A3DAAA640F1E71193A31AD4804
S321101AA2A0FBD68562336BED62EBCC0FEAF2877F3F3116BA30B8A8977134F2003DEA
S321101AA2BC691A847F6F04E381F609B3ADA4D331B89027D8528BC8F6727370E87261
S321101AA2D806DD83E72DCE95519ECFF322840A6E13007AD7EA69FD7DF757D3439069
S321101AA2F47D5C7929AE5EC14D42C8429442B486DFCDA9D866C8CD70079CC1D60259
S321101AA3108065DD5561D8CDDE08B24598EFB374BB11EA4963C07882FB5F1CA0CB5C
S321101AA32C9C718CAFE5E2F10A4B13497B33860BE07E981399B49691A5231D9C52A5
S321101AA348B217E68CCA08F68D746937A41345686AC82337CE8AF48718E1B2A3AD67
S321101AA3643ACF8798499CF33FD82CFB44ED50C270DBDDF7E4228EE61BBA1D2F630F
S321101AA38006AD0D40C49B11F6691E14F410399B6DA70DEABB34DA159E19BDC94A48
S321101AA39CA464DE7D28989A143C340F8D4E9757EDD1904CDD16103421DBA90640A0
S321101AA3B855F88FEDA164A91E14E868E5895A1D1A158E3DB61EF5FC3EE69CB72520
S321101AA3D46177275C1DA1878598A552F5CB94F16C5BA95DF92A86A97E8A0227E014
S321101AA3F06DAA8CB5C4FB914475BD1FEBE025D8D98C971D436EB61B99C128F2F31A
S321101AA40C2950ED26871DDE9605CC50A50EBE004F08C2F863AD7A9AAB2362AFA515
S321101AA42882B180C03EAD7EAD8C2895519E8E3D95D134B75EE6EA0F8DDC7818AD28
S321101AA44410CEAADB9E064BD7AD9A55F976642EF3CBA017B7D7D74157F5AB3B7148
S321101AA460288F5B16427E0890CE0B3D1239F7F82C973977E590D2C4D85A75361174
S321101AA47CC4EE1C244029B3E71C8838AF497CFBD1B4A8436A8AD1E319B63B278388
S321101AA498C453157B7C0136C0EAE0E6647A8C7B948A08D17F95AA03738B4A714216
S321101AA4B474D112B627935FB116D794F42B096186F27855E465BE18619E115CC1EA
S321101AA4D0B1533F9CA67B0665CB6C435BE26B0E2D73CE98134132A89ADB5ECA1FB5
S321101AA4EC4F5DC11BDE55971F2C8661B74A3610FA6496C2BDFE35833E0AB4CE82E4
S321101AA508A16D4007F46D3A2D3BE92E5488237F1BB29B7C27595CAB901F0AD843DB
S321101AA524D1E797476CC71BF8676E49EA7C6B15A41D67551417AA5E9BF9400FC3B5
S321101AA5401084C43FB2A52751EB0A4BB2EDA247BBEA938385C7FFF8F52C7658A410
S321101AA55CDBE68BF0AFF22A77D1D70C836125422BC59290FC57FDFB2974D02078D4
S321101AA578D7628C0AFB5AC5149588E0ADD314086BA29E9C086C04D7370D34F60BF2
S321101AA5947B360818B0BFD0BE592BCBD3A9E321EFC34002A4A2A49F42113C00C30F
S321101AA5B0F7980EC319800357D4D313829886CDCE38437645A3229FC2579526A900
S321101AA5CCB27B8D6CF56FC95E010579A6075457C11DC74035B677B26B9FCA11E3FA
S321101AA5E829B78F914207CF66BDAB8108A347F5C8AD2F0E75FD957452D3236E54A2
S321101AA6041E05697098CADD4A9537EBC9ECC597AA665F51BAB2DF0F5BA6FD9D8C7C
S321101AA6202113A20E5623B628142EFEB57B91B657E978058AC40E7AD95D0AB84B26
S321101AA63C7B002FB9939201610654DA73B7AAB9231081CBBEEED3CE1542B95F0DDF
S321101AA658C968AA320EBF9B110EF94B064E90C11D4995E3F6744CF93D6B9AF8531F
S321101AA6744F436C54D023E6BB31649A5402EF79EFA57CF41BEEE7291572F926E71D
S321101AA6902798BEEDE5F4300F19A80D254A3FEE31A607BF9BC35D82B3D2826DFB49
S321101AA6ACA1A3C2FD167C0524C1F54E32D287D9789E597D12E290A823023CFC8344
S321101AA6C84A714733DD5D2B8EEA0F04FCF5BD7B5C938CA9874F6D004B44A873D215
S321101AA6E46F23C108B7AE49DBDDB5804418AB2D4E7A1F43F81AA8CD9DBA08341CA0
S321101AA7005EF84EE97B8892B2E3AA1899E25388CE167538B491420A1B6F6B40FFE8
S321101AA71C2A06F10559EF3BD52D3B0520269FEB49C6F3DAB22619F80AA8772723FE
S321101AA738A39A9491F1F25DE9C9DF99A88F243E3ECB57CD03833E7737CF01D9F830
S321101AA754B60ABE3727C3828ADDCAB437BEC6E4F7098B40BD99DA8B92805E08E630
S321101AA770FD9F5404E79C988A89FD1127EFB9DF3FADF3FFF9EAEC8313858BEE2658
S321101AA78C301D077943A0550917FF536CFCBEDE72C792704534EC50241520AACF44
S321101AA7A8269CC573C525D00CF5127344EF88A34B737EB898E84049909BE88AEF44
S321101AA7C4C613DF60800FE369867A9F83D21413417C268FC6680B08221E6B415943
S321101AA7E0BAED6C1DA00EC20E35618937E4C48815BA8C1FE97E483566FA651F7047
S321101AA7FCA303EC9B22DCD49002D9A8D7801B53EB873BBFF5649AB2961A1DA56552
S321101AA8180B937ACC83C28D379BE811A11814AB4D62717DCCE92CF8DA7246199446
S321101AA834FBA3205BBDC9BBF4E84D3F96F53DF9BE713D95EDBA620BD1A6791E230F
S321101AA850AE89B46E530AA5488F8FD1834EAC1C1CC1C571F8FE070206C174CA83F7
S321101AA86CAD8EBBF2CBEDCBD338B8991D792CAAC10705BB9248C130C6B921BE704C
S321101AA8881EB52B86A2BBA176C356210BA21DB713846B89CFAB9C8C703AD1D5A9AB
S321101AA8A47876D131EC67176E34ED31412118E42E896D7825C241A3BE95D77F2DB3
S321101AA8C0F7F7432430A479694D1AB1AB39C6DC85542DEF38C5EF3273749109D936
S321101AA8DC1E88632DAAC7460F9533CAB265DAA01712C79962D8DE984262C5718678
S321101AA8F84AE946609515DD11120F51C6D75E659C166CD4BF2BA007AA4AF8CD3E57
S321101AA9142A6FA270ED27471B88331C1A4A255342CB98E676DE861408C573CFB3E8
S321101AA93038B9B85BAEC33382B5B16223C41B6B3A0CC184C9BA3D4204B04E31308C
S321101AA94C01EA56852B384D44E60CFC744CC13FF6432BFBF3B90FCBC04ECDE74070
S321101AA9689ACA56B05EC3394064548EC771C56CA137868A3F2196BA93C09C5F34D6
S321101AA98471ED252F05F279B0B819FDB6B2B8B75A24A4AF655173E88CC906E32DC3
S321101AA9A0BBC7891C7DCE16678E3B4D7AF5438BBCF670C158078CBF40DF4034E326
S321101AA9BCCF77502ECCF16793A6FCD5BC394C68CC7C8792D889798596A2FB79B098
S321101AA9D8B98578F0B006F1514E60D4DFC6984A417A07F9F721CE24E55E17190450
S321101AA9F4BB406C7FC2CA6945114F2FC83673335892D8300B72E94DA107D69231DE
S321101AAA10B544E0EFBCB029B64440C160315DB73EE76A2807D239D8F8A184BFD7A9
S321101AAA2C0093EC69A4E65453E65D2C484648CA30D7AB3EED7F060A915E109F03A9
S321101AAA48239B9FBA3F5E1A20FB8C8233FA7E5F5D11824CE3AB9940D97ECD1BEAF5
S321101AAA64FECC490EC7004F049CB2BC1BBE592D4642A34B22735D7E18CE7777FB4D
S321101AAA80CDBF7553515E44653CC71BADD40013772A264DEDF3451AA79C0DD7E3CF
S321101AAA9CD45F5AB2B45DEA017648002E0A0D978CBCED8902EB3367C56D9B6D6FAB
S321101AAAB887B1DF84FC535C19C81D1B4136324BE66A13E80CC67F10D2C9A5FBC652
S321101AAAD4914A496153AB26EB0BE07E802EB08D3FD259164FDD693060B40273641C
S321101AAAF089B06E0F2CA8D00AC52EE1249193CB52D71820D8DFF11C32D7CE98D665
S321101AAB0C260BC7566E83116A3FB06069BC0FEEBB7C7C58ED72EC251AAFED5B2026
S321101AAB285B9412EBDAEE25B07099D183C95C290B770F60AB392CE2EE5BA3C28696
S321101AAB443D8BF5B2C18C361FBDC814A1ECF069750E93F5AD3F2D29815AB05727DF
S321101AAB607B4DE12156A3EA5132CD71864DDEEE10A180E9650BA33621108DCA6150
S321101AAB7CD15AA62533CDCA92480C55788A962E010072F4E2FE679325074D9D670E
S321101AAB98D0F4652C42A54A2C67C50E4069BEF618433D34AFCCAE92910DFC2E0DCC
S321101AABB4DC9EA2EE21C1910B18114CA34EB17E7B2B5EA53F8438269D0514201E7A
S321101AABD028AEC1B4C877DF4DE73B434864A7603EF05EF0B03EC5CDBA458661A4E5
S321101AABECFECE71F05550687981E2D4108F65102E11820DDAC7D36BD32373496F51
S321101AAC08812B7F1458E39FBB03A900152F37D305A2E681592B3266A2CE08FE375B
S321101AAC24A03EBE387F12F51C76A1ACA9DED13350C3DD3A4D0C717F2286660C4350
S321101AAC404BB48FE0D9673F98855BBAA0B2B6919591A4CA365D77F1C48CE1ABAEF7
S321101AAC5C7333DB631562D11BD1A18476CA4E35B92C3E54946802FFF9669DD0511B
S321101AAC78100CD3844028D1AC4B33BE187CE998B05E0E7B27651C622297D58E7CAE
S321101AAC9415B3B538E9FBBCDC9B518E138295FDAA8A2AF07108BE47E096C38E6AA5
S321101AACB0D9C2BB5A1D5C08AE127FBC05E85646F8A65191F36B095023452725A513
S321101AACCC6CC8F3C1DDB18E78DF8F0B9132183BE754CCD28B9606CEE1D0CCE07294
S321101AACE83E960C13E9F47C10EE7B045C9C23BC2899C20AE84B92E80B708ECFFF6F
S321101AAD044A8DE67B7FC54BFA20C97DF474EBEC0CCDB18E57CC4FF588FF8A6D0898
S321101AAD20D640E1B58EA70D740A71CF486368C57105B231CD5FECC68F90BBBCE0B6
S321101AAD3CBFD03FF76F8BA60261066A279A00C31209511686F5736B265D3514A6C2
S321101AAD58CE4D81FA175C08602ED98E73F6190A2D02F029D85C31435BF5417FC35A
S321101AAD74916B9E1DA79440E2D3A03D34674472A499E07DAC4B193F84D267C4C64E
S321101AAD9089A21465B91DFC43805B6481B7AE2F7C1C8133EC8F118DC1106C2AFF9F
S321101AADAC8271D83EE801F719DF3E0616D8013A538E1D13FCF59E5B2D58F2D5DEE8
S321101AADC8FA2499D4C640C96CD47C44EDD33AEC9065F038E7459740C039138753F9
S321101AADE4A3E2FEA0806C2D48BBC8BD6F20EB8C8DE856D05E1E25678B05C3E54935
S321101AAE00E864908570245F229E79A653AFA3460DBC7811BC180596C7AC20496EDD
S321101AAE1C9F42F837B76AD988D5EDA14ED1589838DF5EC720E45FBBCFB2CA6BEBEB
S321101AAE38015307FAE9AABC711C31988B011641C17879C80EA15C82FCE01D3A6651
S321101AAE5485412907ABB83DADC3A2441363528B43BE51D7FBA12748072EBC7D8F42
S321101AAE70530BB8FF1CB4BCC195B86633EB6C043EC8DFC8C9D0329A599C90CC96FA
S321101AAE8CC0AF0B8E64CD30F502AA89227B4A19FD8EAD6B492A70C0D093CE30AA96
S321101AAEA899D9B974F630550971EA0A93FCA11F877B03991EFFF18BAA802EA698BA
S321101AAEC4B416FBBCF365E991F8DDF1136EA6DA13C0135B29D0ADA322B3DAC62603
S321101AAEE0C47DA3CFD8F1707F3106FB41826599C6924DEC490E124E1BF6211660D8
S321101AAEFCCBAE75B4118C624ABC5FB27C14B44F8580B3718B86A5B6E4EDBE7AA37E
S321101AAF186F2ECBA5FCEAE2126DCE92C82499E0FC302F85A52C846707FF70BFC53E
S321101AAF344177C3B58BA9B67DEECBA0BE935051CDE1F4B8D0100E591B967596731F
S321101AAF50EB043262EE400C25381E5985CF5F297921FF5B487404E247FF8937E5C7
S321101AAF6C49113B772CBA4EC14B355171B54874E4A4D12CE5425A4926F70337201F
S321101AAF88BBF26F28516121DAF2C4310AE46873AB95B74AE4C042497A00C7947E19
S321101AAFA41018A336FD4E011E14235CF006BC03ACA63B056AD31735FC537BBDA369
S321101AAFC0D09C4AE9B560FE237DA50BACDF3C36F7BC94ED623242ECBAB90435861E
S321101AAFDC67E2D6E3270F01025B46331CFB48F611E9BE00A3CF68102FE0B2EE4B29
S321101AAFF88343A23D8A0997A4BE3EFB613F1D28769247CB90FEAC68F7A7A82C1B75
S321101AB014BE2DF784F1796D7DBFA0F73EB5ABCEDF5BF9DA88D13E9FE8210355E1EF
S321101AB030C1682790BA89D87B790DF8708A484073E2E9A74DA3A5D9322DF8C5A946
S321101AB04C79747D7346CE5B2BEA4E34917716BCC781FB233679064B57EF28A94F2F
S321101AB0682D4CCEB26760D4D5339B6895CEDE7B8DB2E9ABD99EF0F5B97A71BC0DA5
S321101AB08438572CC423431EE45D55F2CF9D87271590C941F631B0BC5F00F4502DC9
S321101AB0A0127292C70200225CD87D0E67BF131FA9882025928365A3FD7C462FFECD
S321101AB0BC174A9E553BE3C396AF43004F986CFAAFFAB13675C6CD103E4D64335D17
S321101AB0D88623AE853B2012536545E7537907A77A7B73FB20BB7D723CFF2D491097
S321101AB0F40B32924EF51F983665AE3428F37BB78A2FD42C71E755685002D28D0DF1
S321101AB110C4BEDEF6992F13849DD4EA2C5AB98768790D5A2FFA04E4986CD1973523
S321101AB12CE236EC877480CAF053329F1B6E69EA7FF0B24837DC43B720EA5DFA7651
S321101AB148A2776D122B6ABE3DED622265B13EB0EC603C4BEF4321CCFC22C8C4265C
S321101AB164F8E9309B49310C124D66A24759EBCE2A08B77FAC4BD86C584B95D2EA16
S321101AB18086C20BC0057A5422BB0465F0915CCC520FDF8C673D18F0F3DA1FF4490D
S321101AB19C5DD8CC869B6B30C32E8CCB8A08D36827D59D759CC0A72B7537883A8467
S321101AB1B86E2B010FBCA39669A3C58016E4FA010B41817A024D0A49AB79B7D14F83
S321101AB1D40005741C20F9B139679A27B2CD24FEB5F09185AE7781BF541B5C379C10
S321101AB1F08F921E09E990AC6C2B0699D9265914FB81D58C1DAA668424047F6583E7
S321101AB20CB4F9B8AA1BE13DB5AD488580E512534B709AFC937BE84623455FE90E6A
S321101AB2287CF5747C02D0438FAAFC6CC62C1252EBF1618B47812EE7257D5EE0C523
S321101AB24413F272E4DE50C82506AB67A79E05943F1F641BE0801344763B6D440656
S321101AB2601F2A4716415ADCAC0EA15948D36B6E287B6713D578CBA900F77E1D1D50
S321101AB27CF28E782E66C7D84AAC074B87891596F810FD632E063BA7920CCC547AA2
S321101AB298216D895DCDE4BBEE63D638A85D02B6D887E48B6AB1555CC57880A7E68A
S321101AB2B401B81429EFD0EBC5EDA01107A2268459E415D197FE89274A39F683B0E4
S321101AB2D04895018F6CB58263CA880F5603863BDF799698F320FACE4F0002C1ECE5
S321101AB2ECBB7241AE6D5C9DEBD64A9957B4DAB952A471878592099CDA805C75EC91
S321101AB30876E03F6091AE4E9CE0AB43FBBACDE35225DE0414C697C1924CFFFB370E
S321101AB32422A3559FDB0E174AC127DA0065332D0A99A185DEFEB91F20E90F4692E6
S321101AB340DA0E117B702BDAEB6053E0FFB5AE88128F984E15C5CB3B395A2BDE92DB
S321101AB35CF9852EE6B2C5E80411711F2A915B94DFC9C8BFA6220D0C5AADD5BD2993
S321101AB378A6F0A50D3F3EA778B415A6F4C7D76239F21DCB938D8AFC3B3B884A2B16
S321101AB394A9D5217EE0351781768A907C16B74830DA4A38A2AC2FECB209448B41C2
S321101AB3B09CCE5103BEBE4BAC6BC77512058BE021CF773B4073193BF0AB24705BC4
S321101AB3CCAECC037992633B7DCCE306DE537EA8459CC8933534E5EF281CBEE12A00
S321101AB3E85B5745730C86F81A01AE8838B28C48515A37502FA09714B764B0F2FFAE
S321101AB404E7B9E25DE0653D25396DB1280821E7ACD893C32F9699B7B33218229247
S321101AB4205C2CB46ABC8B9BEF3B355E1A6D2D5D3AB58383D45CDFFFC2F3A3F0BC83
S321101AB43C8E7D6A72ED0612B902E1DF85079A2C41D45966A0B6611027B9E929EC92
S321101AB45861AEAA69DE80C903633025FCC7176D8A7DEE7EEBC3F5C56C304D9DF309
S321101AB4749099DF9D9E7C533E9E0BF473CE8BC572BE96FCBF7A351E4366025E8B2C
S321101AB4908AEA84FAD03B2A1A807FB6BD972962163456630897E01F71A872516AB4
S321101AB4AC5E07A16DFE78BC32F071DEE1C844E80FDE2FA63D5BB8208828B9F921B4
S321101AB4C8F016DA4017D0B752F615CBD0A44E6DF85C7DAE9891D2BA487E5FC52ADB
S321101AB4E480AEB58B567135B134B206CA33E0BF35BA6FCA3CC479E95BCEA95A10B3
S321101AB5001E22B70BC534B90C78BE9662D82C3F0A9FDC6DC81D1FFF9C69DA7A433D
S321101AB51C4D8F5F5B3A40B6C03924361FC3C6E86B4A4C13280EAB627B52ACBE8527
S321101AB538BDA887178D1403875FFB661146EDC06C5A58A9018C8B00107635780AB9
S321101AB5540279BD8BCDFA8225726C51482FB39F7620A47A068E38E0F2C7009502D2
S321101AB57039F7A1B656759614D589DFF7D15C81F4B8A1802C9F0625B7DC508FA0DC
S321101AB58C88619C7B41E5F29642638B3BED4129D31B9AE0ACEBFD49626DDF0842C6
S321101AB5A86BBF31A8218E8F60D07B3D9CF4242789C458E03468D3E2CFF35386B72B
S321101AB5C4A6B3C4130140B9F105EE78DF473BD41FB42313BF7CD4F31CA917B39A4C
S321101AB5E05795EE160FF4F01F5AE1A199A4FE63FF79374F8574AF2A9D1210AB4524
S321101AB5FC7F2C5D0B58F285E17CBA196F1774D7304B07B772CC4F885D4EAA8654A3
S321101AB6183D78E5E21966BDB3F958A28BB4C4960974703D1C56C534627FC677BD7F
S321101AB634CAD37A6996E8FAE31E0487440AD51B597BE6428FADC347EAE2A3C13363
S321101AB6508BE4D82EE088A2BA7E6FF1F2A709B6ADF5DAC729312C7AFDBB3AE742E1
S321101AB66C817B02412C3E9DEE5D188336AA3801A4154E88243E3D5635E85BA7F1B9
S321101AB688DB810582AF28C58E1B7C0148CE3840E2B0402FA66F6F053E9DD9A3FF63
S321101AB6A493EFB0DCE7EC065D5F67095089741C1CEB41D49E23425AC9A93758184C
S321101AB6C072342E8EF137D75DB1CCD1D3CC2DA7318615B07661D0825F528EED826C
S321101AB6DCC7C9E6875376383302C1BE2C963B7EE01D17E400AD857BD67683D63873
S321101AB6F8292BAED7042DE66DDC89699503B197B2DE96A2000637DB9F395283AFBF
S321101AB714D1A8CC9CCD8A7800C2AE73C2F44096BAEBD24DADE73B9B516F37F97735
S321101AB730865A66C6230499BAAE8F433A6D5FF04D896637BF487B1A5BADAEF32AEF
S321101AB74CFEBAC1931D76F37D530BD2BAEDAA9FD4E3A59E80A22F2097B83A105727
S321101AB76839158610EDD1A1EFDA52A6AAAA6DAACAC5991A5FF15B9E42B5F8D91EB5
S321101AB78404AC0B6506756CDE2A6C21B3F037715813A694CB846F4B3E7D5BE0BA34
S321101AB7A0922C3E54E8B3D631FC9FFC92C49E3936319F890D4AF71FD805FFB7C652
S321101AB7BCD797EF6068C847EF18A4ECC5C1935735DFCA5F93EAF35003EE667492AC
S321101AB7D82963D7633E858935C9F14834E2FB8A465A646E573B923B0110849849FA
S321101AB7F43BAD7770F904D3C49BF0EADD9C7CC57E1C86685F3D39B56CB22B6B644D
S321101AB810B53A7E35ED70BE958949F118D081E2843217710E26A7435EC77E63CE5C
S321101AB82C31441B70A7846DBECDE2509AD78C65E2812C54ED0383E18F6FFA6EE09C
S321101AB8485DD9867E16393B6319D3FC2EC5A9546015A91AE759D7361DA9B753DD83
S321101AB8649706F4D0245FB3CF106CDF07B87AFC79AA986D74CF280BDA1F4EC3AE4C
S321101AB8801F10F1B05994B36E54239D4FE6757E903B141EE70676CDC3FCC12EBACD
S321101AB89CC6A30B895F4E3A52CF70066429972D8845A3FD8A9C9529FE16B61F4515
S321101AB8B8AAF2179929A1F8036835DD1720F5B066BEA1999F06B020B3E3F0052659
S321101AB8D4ECC7E973479A6A2DFAA16595C70730EFFBBF8F0407C5A1C24675C939E6
S321101AB8F0B1B542736355AD90BD10F7D4C6883A6A06057681226DC516A8E2DBBCE5
S321101AB90C66A9C370D88BD39A55968226DF8C0D76843A6F9C7DD78C35AD8131CB54
S321101AB928AD14CBFDF6E96B98457F095DFA62C7C89357947713AD357A57059AB445
S321101AB9449DE9BD8BA2DBE8194CA58BE2650FE399B029CADA2CC76BF09B46E6D2B9
S321101AB960247AC4928023094BBEA9327EBDDE42887E3750DCFCE961FC80F767999A
S321101AB97C5ECE8D2F7E740B9AB51F401BA657D868E4FE2F9950F00F1A6960B6D230
S321101AB99806B05EC3DDDA42EABB8FBAA50F52D054828D83E39E369F8752B6BBC782
S321101AB9B4BE5BC8D866F1CE28F28E2435F9B5E2ABDAF8DD6F96E771070B96FC95E8
S321101AB9D0DBFB39D198A547BC1098429301CD6AE7F305736A79957BB054D78EAFF9
S321101AB9ECA332468A06678704B48B2BB6EA6BB9993A8C1074F7EE07782DB75E4279
S321101ABA083894C3783452F83C582E59654B3BF1EB0BCFB5951EF9E0203A08A26EFE
S321101ABA242A908398C3BD8A79CEF8445BDE2B9736BBD1F7ABB3FB3A8FDA2E383C22
S321101ABA402FC99A0B4E3DF2B5BF317639FB66F52777B262AB16614A43F1C5343E6D
S321101ABA5CB3925B05CC6B8AE0A0AB25AB877DB91CE5938E893ECDB29D81C88AA503
S321101ABA78012E03313C8402947EDB0468D6BEA751D6A7C25A7B7D1E22C337E5992F
S321101ABA9441F2559D631C5D2B9311EC296C282B145480AB87A886CC7A8997F6F42A
S321101ABAB09FA28D07E61CE9156A12E07180DE57E7D86F3AAC131C043D4142032FBA
S321101ABACC59F21C577FF1F4FBB9D351CF4FEDBD3D8EA52306FC1DA34539365136DC
S321101ABAE8D0556E51F01D7B97428564FCAAA528F37584B5E017CDFA8979D1E09BC4
S321101ABB04AEB98959731EF9CF0C5456EE71BC8E3F687B5C82EA8E76B2EFEA43C375
S321101ABB207388478042E0FB7070BF381BA56705ACDF8D97D8B3718245262E5E7E55
S321101ABB3CA691D19D1311679ADE2060CF8DAB29910513B37482652F6AC5BBAFB135
S321101ABB585883E5F6AAC25BC9407AA376358577164AA6D70F613BA5C60DBD322147
S321101ABB74F3A793C1B929B7844144F102FDAEAB9CDA9CBCBDC93245DBF6D7C45F16
S321101ABB90E9D585D2B3B4A1834D43FD3890AAF711896467CD87580AFB72BB232D40
S321101ABBACD04D24AE09ADEA9A006F10E6CCC616ED0B35602878A20D9C46C0CDD9F3
S321101ABBC8A5C475965F9146D42C2979FC1FAB90220D0AD5CB7BC4A15ED6B283F974
S321101ABBE48D95F5AC006964A0AA393C9C62830EF676184F2B4CA291D959E002079F
S321101ABC00A1EB9835024A644C131846069310E9B2B2BF965199062A1CB6B6BA1576
S321101ABC1C4F8C99EEED938145C91543A50D3DE799C33B96DBBD56F69BC9494555E5
S321101ABC38F906E03D4E89C9EA4CDAE2442BD8099932E4D71F632C191AE783408130
S321101ABC540AB48B7F9AEA216F35FCF55D1B619371C7A9DE3731F7AA598B92861E54
S321101ABC70D9B3326FF77EBE51329EE77022A217DBE1EC5597A3C8FD64E3B576ABBC
S321101ABC8C8EA89046C49EE09A51B724629E628AEB86FFBC416313DDCC498F0424E0
S321101ABCA8240354A436E8C3A009501E527170F9A4595DD68D31785DC099BA39CB33
S321101ABCC4F7C3C44CF9FF78041883A7E2DB4E92CC85FC0BA6D6EB4E39DB7EDD6B30
S321101ABCE0323F34F9EAE19756DF8ED35F695F764282541E014B07DD532DF98695EB
S321101ABCFCE0FEB8A0BE28C0F876A412B9A6C2DF16FCCFBA496BB88A6A1CA43E0003
S321101ABD18C6FD14165A16D7A61586558E5B2935C58FEACE52ED32D601B42C001882
S321101ABD342C7BD6DE60C9D431E58E04380CA61D110866838648EC5A9989BDAABF5E
S321101ABD50B67C34EFF2E329AECB5C0214A9B708EDDB27AD5CB1E2845EA831B1C941
S321101ABD6CF27861367934869EA74FF388577894FF24CF22DE52FB0C63B65EA4502F
S321101ABD88DB9840F7F53689289C3A013D55B9E93EA668130F12A47F423A7286CAFD
S321101ABDA4EFE79228CADD523312819D8428FF0AC42716B31E3062286EEFD8DC8491
S321101ABDC05C5847F08F1489A918477B9931DE38D408E42C2536E61250A7BCE9439F
S321101ABDDCD2E0F92BCB66D1D0451A0EE123381E84268B641344ACE401A0534724CD
S321101ABDF829AEB2CECF8AD1AD2F256A9264630CC6E146BF158B57704ACBA4924808
S321101ABE14F1168135B16177426478FEC9CDF10253D6D3C4905CFB3EE9581E45ADC1
S321101ABE30560B02BDA744010331204F0D48B377820AD70529C5A907CF5781E5F90D
S321101ABE4C64A4181E13CD8DE9240CF920AFD95A28EA36D1F33B0D974727C19C0431
S321101ABE68A77C60C9B726656169FD13A9CBB7FF605FB6B4AFA283390C64F2BCE5C3
S321101ABE8472C800A57CC03310000CC09CB0B0184CE79890946335B6496D0E396F8B
S321101ABEA03773B58020E07C80653A619CE1B8733D0D2B2E58264248650E5B03EB6C
S321101ABEBCCFF2CFBC219DB1D54462C5DF362351E1592B35CC90E608BC73E78D65CA
S321101ABED8544D9EE8822722F97B27148C06EF7CD92EEBDA50F6163D38F222A770B8
S321101ABEF47084252A14CC299796D0B162436D1A2D4BB751A9D7000279F02E18BA71
S321101ABF1001509C836A6358FDD5F9706D3EB4C48E96FC2A53E6DF06077A64274836
S321101ABF2CB8C13DB24B9B1F7619F0D821496A84A275CF339D36CA5F1D2ABE44F35C
S321101ABF48A34901285C17C5C45667253E3ECD45D9984657FAEB4CF2CE2DDBE19EA6
S321101ABF6417A900271D471CF5019EF54DFB1E7833374548C62CF073535F0B333552
S321101ABF8064963BFE7262AB0F081C061247FE9C50F26B4C26A4A2C96B7BE0F3A709
S321101ABF9C9F9B564C7D49B893B0C26B03694BDA12D50B21A291DA4CA73266961F9E
S321101ABFB89373EC372AA70B43DAE20D7D4E065D4D0F52F26C0C78F9E96E9807D5AA
S321101ABFD41B41D77E3A3EAD9B4FB32E0881738CFBE4183ADA2982A5A1BB75654225
S321101ABFF09FEA0618E2695760F1F0423E961A5340E5F9E45F187135DE297303CF8D
S321101AC00C043444C85599C729CA9E1956DB94ED2F2C2F552663E51F501BD27E4E1E
S321101AC028DA8213B330BE0FE4CFBA2CC7E9BEAE959A713B6671E26600445A572DDC
S321101AC04438DE45EB134CFE432085AC1A1736BEB71EB6406411D3F690B0E210E336
S321101AC060CFC84A58F6C3710390A3FB43B6F74E3D892A3C2C78013D70245FEBA630
S321101AC07CEFFDE30D8401F934F27C47746202B7D23751CE60DD751EF377BE8A03F9
S321101AC098EABC0C49DBC9DCC8892C786D58D2DCEA36D8FA4DC78F81504F533278C7
S321101AC0B4AB86C9329F0B2A37309B42548C23AF14C8B7501DC75DCE0B663CD3E5F3
S321101AC0D0F706B44B209A843D7FF1206AEBE3CA78ABD759208A65EC453A76435342
S321101AC0EC00001228A90F620AC647394858D37683F8BC0C54F185C6C14A7BA2C2BE
S321101AC10832142E27D6622DF4A538BDE7E148F9C81C66C452633432A333B1746BC5
S321101AC1243BE9A1B2E278865448EEE22FA3A39C2E777E4CD7955116BD7B87B61B29
S321101AC140BC233B8CEFFB5DF381F50B1C9CB8E549A2A79A1BA36F1FA5A9160EE132
S321101AC15C46B922334948B0B8F827633409CA58C4C195FB9215ED7B2F3358EC0F90
S321101AC178B05B0F04A0B42C6558C636A9E2F275A27BDFE626F01AB9A75465808007
S321101AC194C7BD4FD239B5D0BB42FDC49A66A2018078B7B042830D4F98007AC675CE
S321101AC1B0E9D0D0CFD45B2434D89DD8412422FF2D1AE1FA498FBF988250FD6DAC58
S321101AC1CC2CB529D4E7E7412B380CD1B26663A7B59E1AF50A47AA5ADBA84633998C
S321101AC1E808F703E92FA0F8891ED29B6B3BBD67445AFC79AE7CAC2F1E69F60E8652
S321101AC2047958DB0EE9C33543916D115B482CB94FE3B957F32E7E08EAFA2B0CB0C5
S321101AC22011B82DEAEEBE49933EFADFCAB3A5D610B07A3A05CAC1AD83B1F4092E4B
S321101AC23C779A4FB3BDFECD83E26193C06C504ABB8B833D11D37AC7E91F8AE4EF6C
S321101AC258AC33887D55CC48655A059B44D576536BE4F7397748880F5C7C4B06F11D
S321101AC2746817CC4D0F9A2544FB3B74606919A257D7739CA598BF623A9430476F57
S321101AC29034FA3EBF0C1906768F8368366845926943293D5E245067A4C237A0F827
S321101AC2ACFE51879EB83F89DC95CFB0D5C4FCE1EC9AF817F6D00C7C85FF0BFC611D
S321101AC2C86973875DEDEA42004394B9C1EC12A5BD4E12FA5742272CCB1B69214E9C
S321101AC2E4D5908EF64C3BFFF26ADC7FBBFFED64B05768D317EF3295AF57E741F4AC
S321101AC300E1E140E2824365CEFC2D5C17730407224CD8250395BF9751F041C394C9
S321101AC31C8988A584638087433262D7463AD16714F83FBD37F9D949B00F148BD43F
S321101AC33865A2D6B395915065019B9F84AEC7D088B68A86186D78563ADF13FED9A6
S321101AC354D7946A660AAAA0E4353007F064B76639E1095DAE1040CC4F9ED96B5A78
S321101AC3705ECB8C92C6D3AD5A9B68C8EBEAC7735FA75B1FA5EBBC1271148B7F92C1
S321101AC38C9EFEF65A9C64D0BB652E025986470561C3B9C91AF6CA5C73147477558B
S321101AC3A8F0F5EAE4BE73EF0628C05C421C2B345B3B8798A25EEB6C16C3984D871E
S321101AC3C4DDA7F4DFF17889C2588C126BC803BA264A91513B3F00BDE72CD5175460
S321101AC3E02BD9A61F48AB8D23EAF6AD3EC2694313B479F9AE84EE892A336F9AE341
S321101AC3FCBC83AC33E0394004BCEDF2158A9593C8F679278D95EE237AB0BA70CE65
S321101AC41883CF3E66660744DFF585F90D819F056424B2609A7B244DF7A12EABD349
S321101AC434EB6718CFB30FA4C32528F4ECCD62549722A355EE722F6590E382CD73D0
S321101AC450F529E66E48886FB91519F7FC5EB6922DDD904946F7B52A7AA7B6003861
S321101AC46CBEE6A6047EC04200C7CEA17C3A74502D9755ED3780A4E0582F8614BBE9
S321101AC4880A963E8F3F5118C8A74DCCBE38B2D3EE8798797FD12D26DE2D88C0AB29
S321101AC4A4887CA3D6D91849DCD143BA7614C4587D67D2AE35199AC5A620F8A214C0
S321101AC4C017FC9B792D0945F7404CF0A7C9515DC102847D693D723D7D3F73726FD4
S321101AC4DC6409153D2D3AAAAA1B99063515727DEBFB15E26ED4CF8350A475735CFE
S321101AC4F8284B827A553A419C4634D4B6AE271ECEB74C5FBED6359A79373D6E71C7
S321101AC5143909287ABAAC85F8EE134D995DBB0DE68C597D16A589B99C0BC763DD15
S321101AC5305C5941BA04409679904A0DE9D695BA3BB421BE189D460EA7DDB088DD57
S321101AC54CB72C72C175BA2E49DF37FB55449C9BDF64BBAC0C7BAE0F1DA5BE8A10FE
S321101AC56845EA57152F0CB64F62B59C10A105614E4A95AA1126C148D55A3520E364
S321101AC584B1BA898E9D92644F43A56A1A518AB3FE1EDB7AC4D015826928C2FCDD45
S321101AC5A081FA32964DA860C7CA52AD65EECDF9917FFA7031FC3C80A1C6A6958584
S321101AC5BCA5EB8A1689E7013C5120B26379A57D5662F0FE19EFD80115690DEE92A3
S321101AC5D8DA9F37BC6E35B8435DDC9C84E6F256510319E7107C1A318ECDF1C83710
S321101AC5F439C22F6B95CD06A7447F2E210BE637D5CD0EA420750255985FAEE871DF
S321101AC61069937DBCF16EC6E3289F12FD3441BCFFE60CC039DBA42EFBDF41C23FE7
S321101AC62C4BC9F481185DB40067D686D17AAFD01C5CB7BFF93BE806739E89C927E9
S321101AC648B67326749B8D7542017C1A66EBAE53B40D1F639E35F99E480A1BEE7A99
S321101AC6644260374B1EF61FE2DB7CCEAB65FB89F439E5EB74DD13ADE03229CEB5CC
S321101AC68038AE3FD8E5BE0D6580B9C30DAAD05918387A2F90E57B0D1EED943AD5DC
S321101AC69C44EAF16CD113B25D6BB32D1ACC914EB4A341ACDCDA4DAAA617D1F40D44
S321101AC6B84853EBC8C4DF3EBAF336798DF64960EB1F6F6EBF2F281EEB31FAAB980B
S321101AC6D49A26FEED27D10673ED4C7466A4EEEB1505F0C0364E2B26B2362F92FA2C
S321101AC6F012C0A39878D8E61D8825B78D5EE3E17A6C48A4B49F4B16043437B2D113
S321101AC70CF34DE0893F2685FDD36D630C2C084E3F4DCDA897F522E63FFCB04960F7
S321101AC728F0FAC1861066B84434A148A7DD4A0CFAB0C03E6BB0ADABEF6A0A869B8C
S321101AC7447DC0952EA6D907C3E52E36416B1ACFC3978CE6C6D5F09C7630C73E29BB
S321101AC7605D0D628D0DC5D3A8C392961719DC30F78D0350E7976E13B2827B0ECF5E
S321101AC77CF6F928622D8590FB06C3E40C38269040F98AAEE1584472D49A4094AAC8
S321101AC7981A9F4ED7213548F7AD7CC9C1AE00EC9DCC2CF65397469A318BC2DD6B7A
S321101AC7B44D6F4634E999ED08184976911BBCE01605CD9249BC295F81C45950BFB9
S321101AC7D015FD66A46A3F27A999AA0586492B7753050CA38A6793233B39CEA782B6
S321101AC7EC57AD412866211535BBFCE80464C8666D0BAD0AFA24CA5313C544F87A96
S321101AC808C19977E21DA67DFD0310348425C71EC7FEC6DBC8ED2CC5EEEF5EDAA559
S321101AC8247BC14E0BD8E95AD9218098B72FFE2FBA9E3F9C9A69E70C38D8D6ED6493
S321101AC8406FC5EEFE73952BFE6A8407B6B82B40B6F4B467A6499B9DC6D07190CC3E
S321101AC85C16E32850558434ED25EE4F54A4D1FAD3CE7D9821E40C95C62D3D5249D9
S321101AC8788FFE0D3818DCA7A0C34EAF1986BA113E0EDC7B1C4585406C4F48BE3F74
S321101AC894901EED70A25CEFCAE43699E71BA82EB61CBD965A71A46DCC99F57552E9
S321101AC8B0FF32CC5D85809C255F344593C928B17D562E403729460313ADF0DA0992
S321101AC8CC2AF6123F1E287D29439C3430096D9B2C414CEFCCFBE6EEFCF7A2F8B4EB
S321101AC8E89F40D38881AF13D8DE048D61E72CE5B0161B3D22A293D68CA25E478742
S321101AC904C1B2BF541157C5DC4067798879BC40E8A50BAB0B03D15EA3A6D12F284A
S321101AC9200CD262BC1807DA0D9394C26348AEAF336CCF86BB465A74083FA0BE99D7
S321101AC93CD46858B58BA446B0DF7497FCC47A3164512651C9B13B1446F93515F47A
S321101AC958DC71209A91772139B4BC682F99D1116B7FBE114C6A146EB9746970CCE5
S321101AC9746473974336F0DF7AB4DD25520690FCE854F3F03A9CA0F947D1F89D5A18
S321101AC990AB522EA9910C9B75735FF62BC2254CBF01E8ED09E21E428FFF891D821E
S321101AC9ACDF2B36507ABE47D92D7AF448D0B436F2AD553A5CEBE7FBD73230E30A3D
S321101AC9C8C18DEBE3D861B2A1582DE6FE3A6C7B9736021357602E695A769C371FFF
S321101AC9E452E145FA716232C80A8B6278E9C894773E84F0E73D41E90981585E66F7
S321101ACA0095AF75DD724A0B587A0B773FC89DCC0E65488B39550281A51B4F9A05C4
S321101ACA1C1BAF1678511A0075EDC7B19DF7B122EE4799E5E1DD274E1594C5B06561
S321101ACA386C4C5CB742FFDCA548636B1853A8E7ECD28DBB2CA5730F46379D13216E
S321101ACA54962BC20B2C7D98F815FC56AF8CB965D3EBFE91ECFDAADB60A33D2E01E5
S321101ACA705F61778AA099C71FA0833C3268EC7515F9029672785C0F2EF471BBE116
S321101ACA8C4DA27079D92A16634D8F75714AE05EAF02B0901F92A36BA402F75BA474
S321101ACAA8D44971943D701E2AFE6D38DFDE28B92ADBB22F57691E805584E026F8CF
S321101ACAC4C134831F7D95DAF2C0CAEAB8BEEF6A5C023D266FFC8FA86C23BACF47AC
S321101ACAE0B7B7D7C2BBAF306AA939D9B9C02D13B1BDA6F6B11D55AE768D9B6BA205
S321101ACAFC0B7D6561918A2E31D62C615EF387ECE1B178AB7C5D5C12A5BBA89B045C
S321101ACB18DA34D5DC6F826E8CF39B8D8D703DD96D79815AA76598A8386A4A449725
S321101ACB34F00CD95EBED74655F5B10D8D7D7A556F976B30E719C4A87C273D7873EE
S321101ACB50C1A5E185AB029FD4BED86B32C4F96F650BFD4A8C3C3254BE2D4AC25AF8
S321101ACB6C2BAFA3EB92861EB9FD8DBD3BA90E84C22191FFBEB013C78C7E30647799
S321101ACB8826FCE9C01797D7B9CC6C6C2829CF815DC25A7AA01F3D608F9BACA84204
S321101ACBA44332CA89A422E39FC6132EE4F6AA8EF0502C923F54E7087DEAD4C60F8C
S321101ACBC0B6E1A51120F98769E415DD8853D34F4257F186A1C97EAD35DF742E8421
S321101ACBDCB73496B3FB3E23B7562A09126AE46FDDC7291DCDB72198F3042DBD9DC9
S321101ACBF822BB5D07EFEB6E24689214F7B3D503DC1199DE64F1CCFCD5E5975AF296
S321101ACC14DDCC3B44570798EBF43C73F50F123E3E30F493F1081FBD41E0F6D4031C
S321101ACC309EBDDCCE6DF4C15F3BB745C8639F5B9D2161D234F5B7E2740B9CD6D161
S321101ACC4C329E4786A5C5CA26B9EDFDAD996BAEEB7B76E832B1E9B9DE2219AD8A0A
S321101ACC6883C540E289BEA2EECF9A9B5CA63F4533CA4FD2D5A8954587F86BFDF960
S321101ACC84F95E1E6D94DE7BD122059521D711164542FF18DCEE7362BB6B79F4CB4E
S321101ACCA02E245BA043CCCA42EC22DBD884221E8CE27FD731D1085443F8B8904175
S321101ACCBC449099C46E83D4BF9BB0260179C6D3210C093B2CCECD579B425A2EF50A
S321101ACCD88888FA31BFB23EAB848EAFA3C0B1D9A5D76B96D0C7E03284C844F672AF
S321101ACCF42B17F23208F5B3113C2F09467809F4B3C5716461351761D28105097072
S321101ACD103CFE081E62EB19CF867E9E935BE407049C48DBA5B923EA17406FE626C7
S321101ACD2C8D033D0702863202860EE698DE3C5743F30CECDEC74D79C2BC3F3F65AE
S321101ACD48C79C52EEB615369439B8518E83E9727627364FE8CA61EF76569E9E9DF0
S321101ACD640A0D6E30CACF3A70A5C93331D8C8552B20D0926CDCF741F0362698FEB5
S321101ACD809DBA8311C55FEBDF116FFE3CC54E88843C6C5E115D8FEA4F03A63BA6EF
S321101ACD9C79849E2058DE11C88560D00C0F154F007F1DD55790E5A88719AC4B537E
S321101ACDB8437F45A08890E474D4EF332E3B1A66361A7932E3DFE5F5E460DEA3F7E6
S321101ACDD4C3E95AE3363D2AD55974428133184831F4A716AC5D95EF1BD023E30D28
S321101ACDF056DED1AF6E1CE2F314F7C6017A846772FF6987AA75B580E58FCA0C812D
S321101ACE0CD265E9CBC9F35DC92D44B0D4C88E09FDDDDA58409690D77288BF7097B0
S321101ACE28A9CCAF3A357D89F7E5EDEB21332D3BB137CE17E7AFE3F51C6DFBAEC880
S321101ACE44B1A574923F34D941B29C99D4CEEE795492131D9393A08CEDC627EF0494
S321101ACE60E699928DF4AF36A6F1F4F16DF6986EA792E4821345F41460228A2C6390
S321101ACE7CA46C049E3B362409E73F267C06A1D451EC45B647867D5EA5873011D9B1
S321101ACE98F8FB5CA68CCF57261575335E5DD546D3A71BE6AE26C1FC9194011A7B27
S321101ACEB4E37ABE579DF07E8D6EAB1CD868FB5B3E9E10DDA3685D0A15373BF8A4FF
S321101ACED0FE63B85AAC7AF2EDFCA4CC2E77363EF5B158B3607EACDB067F9FBAB372
S321101ACEEC3025F0B7AF7F8A7E7508693CF826CBB2FF7AF38C7C2B477EEB6C90764A
S321101ACF087A8CE47B2B34E630747A396745ED5DFF977028664A3330D9BE90BC2F93
S321101ACF2499B6E28A9D726561FFAA05FFEF8FCCAE3926A795CCF8A03AC22DCC4A4E
S321101ACF4030E1043D756849F82FF06934EB92B8EF7F278CF380184B52323A9DCC26
S321101ACF5C570993EBAFC9150B27331C86D6A305ECADA538097717E516008856FDB6
S321101ACF78F6303554353A2108208BC694296AE7D1931EEECE02110713D5461552BA
S321101ACF9416EE813B58A618FE40AE5B750DE2E4CDB6C7C1720364CEA51D780941B6
S321101ACFB0BC00D4F84A680CEAC29F6E939878BC3BC6A30B76122F1B1149B2F7AEA5
S321101ACFCC26E7E878D4FF93C0B7A7EF8A4FF364155853ED58A9D6A8F11B717EB032
S321101ACFE82BBCD91B9586E5F72A9D6C429849C26BB67A83E8982D2F177D8B070FE4
S321101AD0048705D9C9E30A59FEB32FD2680ADE2F7C23B378E568ADDF5AD03D358577
S321101AD020386527B8DC683B6350EFF8E2BF113E7095642744C867465974E916A882
S321101AD03CFEA6409773BC4D65BCCDB6D7AD076500114A5EA3DF7EDA1CD709ED4F52
S321101AD058B62BB2317D4130DC4937A9FA670137A300E209622045BE796D3C88245B
S321101AD074178463CAF57D71D655BE5D0529B52CA0F2EA0213DA482DD61A6BA29BF8
S321101AD090D48384712021E27EA641EB64D58490A077F5412A32DE7E08D5ECCB228D
S321101AD0ACD56D74C8687F4C354D476853F1F605EAD1B54BEEDCC481D6265A1331B3
S321101AD0C84598F598293AAB9D161536F2F669955640BC18FFE38B3EFCAC51E4D5F9
S321101AD0E4FBC8C56EE95C53D83500019C3340364AFD835557B29678AC8EEF88EB4D
S321101AD10063C8C2747DCEE3A25451C7225C25CC57DD6E34D6894073783CCC79777F
S321101AD11CC9F0EEE3DBA2F143CBBB703723E226C6CC03D29B14D582A2A21173E916
S321101AD1386B7804CDBB4F453A3C4336778F8B53288256705DEDAE02762C3D506CD0
S321101AD154DD825802F2AE8ABFAB420AB35238EC04775777C5EB30BBE798A0FB0AC5
S321101AD170BF489DCFCD6852A1D9444ABFF3BF90C129609401D3C1A685E108456E36
S321101AD18C4848CC33434D77A5BF72FB9299BF4696D1DFD6F1B25D68223884E6E692
S321101AD1A882399CD16CCF3559FA05612421A40F2464E6AED41014EB56298C87E57C
S321101AD1C42FFF07C66EAF8130A8E6891CC6BA62EE3D83D65FF7E6F2E9681334CC2B
S321101AD1E0E6FDDD295D743233374E032BF41E6FB8E81D973E58BA208F2455496833
S321101AD1FC1104AF13B949D73857E54CB0DABC6A4BE06378EBBD6ACCA15314187350
S321101AD21873CDE0368A5FA0D861BD2D6DE524CFB2A04F79D6B5FB62C1DD6ED8D2CB
S321101AD23475BF9469FA76CD2ABE15122ABDA59E085F4073C7A68BFB9724272D9655
S321101AD250370A6EB3FDBC6AC86C2D635FEB49BB313E358EA6AE7CC5E4C364FFCE5C
S321101AD26C5ABD87E8ACB81FCDC503FE4A89E057DC013DF28D3CF5852C5E2FBF34D5
S321101AD2887823367DCA43D00D427EB84E971BC1327B5EEA43B1A268AA02383DF2E3
S321101AD2A4D0CCBD6E26CA5E007922991169E2847C2891ED6B84C4B640CDB2A5899D
S321101AD2C03610CFE125025921E9AA981C9D1FA5E295FF5E41BA8D1A2FC0BF2AF2A3
S321101AD2DC0A9F044F970F3A946911005EFE8B5122778C386A23A85AB899A2CE1225
S321101AD2F83FA05F5B88BCDC8CA6D503B8176151EB0C251ED81E449077F9C102620D
S321101AD314AD8C6B7F74589CE23CE27DB95479721FED9AFB9C0B439D3FE3931EC909
S321101AD3307259DC6C3D0236CD3FD06EE28740667C774D0A41E4A535806238878363
S321101AD34C0D7E6FBA054527F6A80B281E2305F420BB17F93D3C087EB6C0CE6FA127
S321101AD36822D6A24057471DA94289AB38185929E620F72BCA05983BC72739554C61
S321101AD3843B0612A70CB230E7A563142AA28F8394C06214CD898777343B85D65E4E
S321101AD3A0A8B19425B9CB1ECF0B0B3356F99C8A9BFD0181A1E2FDD10074953078E4
S321101AD3BCEAA683498326A89E142390E558417E61E8D23032C6242B8C306EA507AF
S321101AD3D80B848C907FF5F0658A9EFF83B619B510BAF043450D991838B9660B8085
S321101AD3F4ECD79633DF5F48C5F1FD46203B1AE36AF4B2E4E712E846C14DD91FA3C6
S321101AD4108ECA3A529EA34CFA0D8FA0A5DDAC5130DB5834A8CF745471B4FB091794
S321101AD42CE645ABEFD16EB746D348C1AF1EC3D48D04D06E4675DBA7EB5388E3EED0
S321101AD448D76C38A38A90072A810942330BD60A2133C4DEFA1460109E3A0DD44ECA
S321101AD46490F0C2C8584AD7E117F477B9D151900F8C431DEF2C1074AAEBBD0ADD58
S321101AD4803D5269C6EFF3AC0533485DD798178E6E37FD1167C284532710A69405FA
S321101AD49C8303BCF22DCBEC68A24FD81C4AEFEC02BDFD873D66C8308CCCAB353F65
S321101AD4B8BFD6D8F4FCB42E3019FDA269E9D935FE4127CE84D4ABF3F79AB30489A6
S321101AD4D4F2038AD93D581C3ED0CD865A9650F8C2D5FB20CE5D25A75D46EEE64802
S321101AD4F02A73BB017067E0B5C49E83B7C6569221FC06C6F3C4CDB2C99B68C270C4
S321101AD50C31B2DC6572916CBEB836895DD33C398042138EFD0DF2FF695CAE94A35E
S321101AD528941B2628514BEF3C61DB4A5064204D6871F746ED37C785B4941A7A9654
S321101AD544EABB7285E5800A5E6407779C30D6BCF3596169429D74A8BD3EB4E4D975
S321101AD560D0F1B8E20D5021493372DC54838E53FB483E881F88A6928B009039E206
S321101AD57CE68FAFC563CF362B26F5F0B2FE9E5CE7065D65A17ADA67A7BED935951F
S321101AD598B1FAB8DCE50175DD311432527A4D619A32782AB2F36B7708F8A6957E31
S321101AD5B4983A7AF9B105658AD5FA447A9403F2711108E03CDF63B10C41B357D368
S321101AD5D0DAA5A46A279D34E7523490EFAED79A6C01DF54EE04AFA6792DB121D749
S321101AD5ECD547EF111DF7ED8EB601880BDCF143B449227E77D176E90649CF5990A3
S321101AD608C0B9A97892D8F24DFC3A8B28F1187C62D99138FBD6E08C73AA8EC9B8B8
S321101AD624EED65F40E4281ABBB5342ED58C96EA1C80C33E9ED64D4D9498909C8EED
S321101AD640D08A291191ED2CBAE53C1E89D00DC58A41581835ED6D452ECA3214B936
S321101AD65CE4F2D895A7DC67C5895A7EBD244194443250C40F3448DBAF37B3BF0E23
S321101AD67801DE7C91D84192C6C7339658FBE23896D200F2876516158B6EA71438AF
S321101AD6948194E1E1EB1CBEA16D2E5095700CBAF0B902D1824663C6690199CEBB5E
S321101AD6B057802039A6CE03F8810BD2D62EBE13B3D18F7D0AD8F1FBAD100F41EE03
S321101AD6CCBED433C05CE50FD13AC23B1722B3CFA0E05732D837A9A5C67A44A4B636
S321101AD6E8504DC1EDBAA75C119A8BCA6D8A298E073D37F04EA3BC716F747D98902F
S321101AD704FEB1A6C535BFAD4F09BAF3101FBB962C560D6EBF21E64CE0B38710FE62
S321101AD7203BC90F5681D3C27C7790E199B814FE9809109ECD6EB6AB7A4421433931
S321101AD73C70E3287E0B037E8F3CC378A8E9F758A6B581ECC462DE31B8663B85C695
S321101AD7582533A31DDE377F28BC6C99246340539C36FE290013D2276912FA2B44ED
S321101AD774F74828839B7CC1915B425448FE57CCB3DBD2E071D482EE7D6126233F61
S321101AD79049BA98C454AFC352BAE7F301929701D1CD6D45FD8E2BC1835FC0223F4D
S321101AD7ACA6EC4C8F708F732212A8F1CF38EC008C535699072A3D38421E8FECEE55
S321101AD7C83436CD8AAD0C4C9B8219B524EC9FE7FBBD4A7849CF30991671E81731BC
S321101AD7E43BB9748C56D4250D1BA63FDA395391B102CA792B89D1115004467771A4
S321101AD800EE469C814233053B1BABEE1BC1FEB9CE09F834B1CF09C35B49881C04F4
S321101AD81C25C5F2972A277D86918FA4E2EAE0F2FDE23BDEE0CDB1115EF5AC81E1CF
S321101AD838E4422BD912A2301397AEC59C8C1283ECE80BB1D769D57DE5419104F5EA
S321101AD85409A578C44E185BCE70E08CDCFF7F60746BFB9FD7DE411A56D30C4DFD71
S321101AD8703BE3AACE779D13AFCA1B656616080B216AC9E8E03049F874827E556869
S321101AD88CE2BE458E6670268989D41064DAF05938C9E0C726588C2266ECB0FDBED3
S321101AD8A8CB42EFA66AE86EEB8E05ED40B5E457D24DB5A05F11098E56D2A3A08CC5
S321101AD8C43455A24EF37D9CB6D2D753B7C6C8C7E38A8189A417F276B1905BCA973E
S321101AD8E0DFF69429409C18B96AD3927CACC342A1EDC018D48E4C6AE38D484B3907
S321101AD8FC6B112354B679CE0AE179E7A58552EDEFF34CF794389B5CEDB6B36FBAD5
S321101AD91877E054564AB7B977FF32EC853CC69D45C94D1B49114BD21D2C10E637ED
S321101AD934E7CB0D311A322F04F28267A322294F0B8A26E027374F9C7631BAC5CB4B
S321101AD950E27B7BD6E72BB3DB04D882DB3217C1805612C7416918ED9C10DE22EB05
S321101AD96C219AB52C120A209985F3E0914890C574A0C34ABD52EF09657AF8595BC5
S321101AD98869423295C368DBA480339DD405A10FDD4D25D27AB0B95D96D2D1B1A86B
S321101AD9A46046A02CB8BAB920AB0D28FB0242BC337A7BDD308AE1497FE44D9A0864
S321101AD9C0E68C834CB8F239FFDD6D352BD9C90710A8375C1DB02A4175CEDCB260F1
S321101AD9DC3179948DA6F73B4067C929CEAB6CF9599407CAD99FA4D48362050A0C37
S321101AD9F876E2A7D78ECBB984E046EC5008D8924D7749E4FE8994CC798B5F726D89
S321101ADA14201217045BEC2D57A8D7C760A353F7B49BB1AC3A2AD3F4CABE159E7B8E
S321101ADA30CDABF0500D3BF402D46F58A6BB9CDFC720157F6FD9BEF05967B7947B46
S321101ADA4CC4A003A89152E886D2A11853160C29235139E924E26F09C80CAFA17B52
S321101ADA68AC182805D673DD71E46535DAD61AD2392BFB5FD978D4D6951F8291440C
S321101ADA842DC403121A08D6FB2C0E89CDBC0FB49499E061F6C9B75078F7ADA13D20
S321101ADAA023B7B0E650BFE1FA93E8E342352CAF3A512A0C57C455102FF5FB15B407
S321101ADABC8751305E1A70BF211CA949F75C237EA7513069826E8A114C4AF0F03882
S321101ADAD8155EA10756C304C893866DC502046506FBA84B73C4FF992642FC75E4CC
S321101ADAF4281F659712209A2B06FB0B93141738566D3A34DCF231A159B4E4B383B2
S321101ADB10A4D6ABF3C9AA494FF82DCDE8947E2CFC30505D9025D9F904F68F355719
S321101ADB2C9333A348430378C64C8267BF693C136FD0015AD8ED6A4C59C96257E0FC
S321101ADB4800AB6FC1395DCBBDEB8508E0D2E1413C898D2B0EC3F2256DA2EA3B961D
S321101ADB64BF0B63F15E8D03D9CE029D1AC9C7A5C727F8FB3C44C7269AA7431C16D0
S321101ADB80C250047ED304D692297539AE3F444EFF637DAFF0ACE993BD9302678B46
S321101ADB9CBAEA3D0BCFD1BA0364B80783EFF9163168A1A1ADBEAA1872773F251FDC
S321101ADBB8E08ECFAEB4F17B30A3EDF8DDF7E348140ACD606D7DD3658A04BE9D5CAD
S321101ADBD41EEC5D6100AB00A7B8A4538AEB4078D24640029C484B01BEC8AD3AAE6A
S321101ADBF0128557DF08D4F3C043F4258B84BF1D08534DAF8A8D2B043AD66E6D6C52
S321101ADC0C1D297F67168701EA1BEC740FEF8F017FB4BE9683FAC4027708C9D10D1F
S321101ADC286582FCBF17D5961F724930BB6151F56330E150178EB78936B138A0496F
S321101ADC4488A32A08F9511B34F9BF4F7AD48344F17B414CBCB0B377E19E22B3A3FC
S321101ADC6003C7B15A8315DA4FBE7CB68060F82F9DBF8A565D87924ECA0E6D86A47C
S321101ADC7CDE2C0CCA576BE79BD537CAE798886E87B747A14BD5F6C526AB14859FE3
S321101ADC9839972A98BDB4EEEE8F7CA2B5051B061A7E0742055A6B5D3FC80F91CB5F
S321101ADCB48C3B8E295F2C4C4D7180A438BF5B2AE7F85CE9E775F4E3555B38ABB7D0
S321101ADCD03AC1F71342DE545E8BCD86C62248A2A69AB600002300C5B3589FD99789
S321101ADCEC301D35AB9E482165F9EB7AC4E01DC3CF79595DFC1B180D479F087C14B9
S321101ADD08D09E81C0625AB2A777847130A4C90AB67CBAD6D762EBD54903FEDA45D4
S321101ADD24B631361A7B1E011E5A14FF4AB4BACCC7604D20E9B20E4D875C947F4C07
S321101ADD4064E3C8179D9CA78F3109B27B4845C47E54D4B2A7CA9F37F740B6A38F8C
S321101ADD5C1FF41AC87D023954713B601BF73FA34A8EF025C3EB8CD99A755ED93202
S321101ADD78F241813A10940CAA883808FE19A3229E8634BF81080EE9EB8AE3F0D9BB
S321101ADD9455CE3B8A360DFEE8C0A1C5883132653B01BA92B5086258D711EC70B2C7
S321101ADDB0693306BDD1153224621516E2039AABB9442D8810CB16086277D20F630D
S321101ADDCC252E21E74CDB118A62DAF6C63844B604B9A914D43A946DFF66A528AC5D
S321101ADDE86C3A489230B659A6238E8ACC087B5E14135855FF2596B3B60FCE619AD3
S321101ADE04B4ABEE34C7CDFA70FF3524E7C78EC306240D45AFD1E56F74A78E474874
S321101ADE209A2995334DAF85C3EC63DB0AD67B2FB7CFE6607AB9465081D54B925516
S321101ADE3CB53191687E40C69D942D209BE258DABA71CF692C4BB6D767249E30D07A
S321101ADE58EA05280313A870883AC18F6FD2ACB28D10E12369F5A0892D1AE54F895C
S321101ADE746A22971CAA9D1C5A7C252D9841C2B0B2213CEB560F19A781EB582945FC
S321101ADE909FFB103A2A2F8D6430DC2C447D8BF2E81E6137B5BD9968A799C0A021D0
S321101ADEAC4DC7C751902E0D5F45590D1F1A5E9534008014DD3135FF6E339EBC2CCC
S321101ADEC8F80993D1FC1A784F8C46B36B3F7BD19711390B0FED722364C4DCBE39D9
S321101ADEE42F731CF429D371B34295BD7136FCCE4A229C60A6C94765930BD655C609
S321101ADF00A36898F1B1548C828A6118B005F93B03222B38AF187AA55F7082AD36A0
S321101ADF1CF8CAEB1EED29C8F49E0A01E39FD48B93EEAAB25F38D828E8DD9A7391BB
S321101ADF383EB41F86804ECE411B0C57512D86744FA424DA5B9232C728D75CD3E846
S321101ADF5451E45A7BFB0C7A0ACA58EF97CD35C467343A9DAF605227E8C5279AED29
S321101ADF7002FA83E92BBD734BF636FBAA7BFA16B230E1FCE7754C0780EBF91B22EC
S321101ADF8C6E63C146826342DE9FD50B2E470956D82B1376F9438075B1B0AC9DC5ED
S321101ADFA877E7002BF9E2071025ED70F454CE603C48B3D0C3E7A8C56344F63CE2E1
S321101ADFC485E8659717292B7F95BAEF54E3DB0BC235C16C2F7E84BDDF155A7C4A3D
S321101ADFE03E353F0E6E0E41A95DEF86C9651CE0F4BEA1A09271FB8A8774BE520A43
S321101ADFFCE78A05C77E6E4AA6CD12B8F9C74E8732451E7C83539E0978FCAA06439F
S321101AE018AA5342A16D853909784CDF992DB19C24BF7CBE3B51010D27D409F8211E
S321101AE03478F36A46E4672CE35C0AB2911FA814BE29CB58DF6B2FB885BD372B9533
S321101AE0505827753590552A8A9ED8DE99F5BF3D9F9C5B87F2824A01DD79084A3C24
S321101AE06C489B69EAB74E1419DBEF09FBE91BCE5C9FE3CC063767336BC89BD62714
S321101AE0887CF18DF7EA7CAA2FA621587F6D14EE6F02403126DD521C955C05F86A64
S321101AE0A402D3D7A82DDE20E811687E130A6E1CEDAAD06CE80CCBCD66EFAA30B0ED
S321101AE0C0169BD33D7DB556E904FE8F6E5A4DAECDB84361750344091334214A3FAF
S321101AE0DC663AA01C81D201EE3EAD1587B754ECEC49A86F3CE43DF2FE22235DCCD5
S321101AE0F8F1CFD322394B591F0E904BCAFF082C6B3BDBC866F650CEBDD81F972B0C
S321101AE114AA69B8F23F37396398622FBE703F6D8FB52AA7C645F60ED871A5589EE5
S321101AE13081DD258A94BC7928C72EE83E6AEB50C73C4C4A9C4A1E7468E079302CB7
S321101AE14CD10791A1FB5BE8D6435257FA27F55A0823BC68B6A083E35AEADAE645B9
S321101AE16868E4E3E1C9E3368DA9610184DA65D760CB3C7D18C126D6E11DD9280788
S321101AE184CF5C92424F5396B7C89CC6282678B60844433B9D3DA92F3C3E41C42B95
S321101AE1A0F17FBD1A3B35B634623861589F30FBDC1CD673951D8B047BE5ADB1FE37
S321101AE1BC2D571B5624917B21161CBC07DCAD654154FB32364153138B34F9026035
S321101AE1D830472E43D154B47C1A444518FCC784FD06F781BDADF4F478235FE2848F
S321101AE1F49023D32510B1013AFA8B6104895C6CA6AF87EA061718DBDA00227FF3B9
S321101AE21082A60F1844DD6E7F9DCB2EF8DC9F8BA455B53C9855504050A515A31E9F
S321101AE22CB3EB226EEF6D057E9996E21AA721F38FC063EAC7D0762B4118AF9D89B1
S321101AE2482C7A85649C357F27FD3F34724721C367DD4247705DB1ED4A572EBAEFC7
S321101AE264E353B0AD137CD46DB56DD8854354596703641984938A07A8889C80C7FA
S321101AE280123562469535559221493B0587E542410255104B0C13847ECC5C62BB01
S321101AE29C4519A5B0AC2351FD2D0BBD3250C274A339BBF59E1DEC4F2281AD98BC93
S321101AE2B8292DC7452263340E2C314B861841C7D0994B3F3B01C8135776F5A2D75E
S321101AE2D49354979DA93535E365DCE2C56C06DCD7F465AB4FEB1BF755481915EDD8
S321101AE2F0ECCE3DFC63B6ED84A63AA819A9F6AA0820906F4E712FB1AB2053045C37
S321101AE30C5149BAA636CFC19ABD1BDA484DADA34F137DA73D721DA77956DBD67FDC
S321101AE328575FD0FD4B3EC2468F2B38C215C0B1F8A4106BEAE09983534615031697
S321101AE34448F48F3B39D4DABE44416C410CC3E5CD543F80C3121B04B6438261B399
S321101AE360EF8BA6E3087B11064F3EE6451EAEB8EF308C6FF0FA97E51F1E528F5C9E
S321101AE37C80225AEFBDADCA2B2898C8FD075A0309EC1583BDF12FF042FA20F390E9
S321101AE398B497EC4A7EE6BC5BC2B6A1F27BC5AFC0B7AEA9918F13B9B21981849623
S321101AE3B411C7B11580512A018605227AC471A47713DD1C3D22F8AD474C45EE8DA9
S321101AE3D06F28026EF6B1049604B02AFF799683E48255842C616097E9C4A74623CA
S321101AE3EC30194AAAD92E5BD589223D05C1FAF79B8A2FA1057977036CB05ABB694B
S321101AE408244EFDE2ADAED1A5B4E4887405247824190F529A6D7C0672AA8FF1C5E9
S321101AE424B3B99EA40A8E9866D4A146FEA51722386BE270963D1ECDE5EB7B8991B9
S321101AE44016538D3CC052C6633F032DB5FFF00E1379E1EFFE35FE390678A1FF5FBF
S321101AE45C1956465AD45999724D659C624AC116F73DA2B03FE5BD00DAE32E404882
S321101AE4781122B708A4C9407C7D2764E516A2E6220B2B1494B7927D313C59775659
S321101AE49457A2AE2D6C79415810AAA8D785D35D3B8E8DFC074B575FE41D4EF9DE7C
S321101AE4B0AACED33A6765BD897DE69D7E723894B196C493F1B3FE304DE224577E35
S321101AE4CCFAE37D421D063B639926FA9B0EE5833577998A68781C736C6ABB87CBBC
S321101AE4E8A1F3DB446ED81AAD084F40101C3F112A408366DF710EAD464F70361963
S321101AE5046D59DE7B28C061865ACFE3263B770AB410F9033D5E837867B9897088F8
S321101AE520ED963F633D4175E27C7995B0FBB562F73EE70CE02D94FA810755EA5689
S321101AE53CAADABD4CE52EF9F96F0D8238275F4BF8A03CE0E498D1C9B1228B1BBFF8
S321101AE558EE4280A0DE686D02CD054434C53DFCA70FE6D949EE4BDE163206BD3614
S321101AE574413A5F2CF0E994CC9005BF2E7865FE26ABABA7B7F17519325E9C6CF2DC
S321101AE590F5074E0E2ACE833F3EB6DCDB1476A74B462347011BB12025EFD7431A21
S321101AE5AC15E34B522B9604846E95331861FEB6F09A7C8940140CCC291CE0A73B20
S321101AE5C8B06FD6EE5C70215D85345E0CB642126F4B37FB72E070EEAE3C4B59FA89
S321101AE5E4FAABE082CFFC2773C4380C185263685D6C23ACF9E243E7332921E32E17
S321101AE600485E248F294A0F074E44C9BA1B8362FA5DD387474269F0BA091E3268C9
S321101AE61C0D4BE3DA7AA70A84B1FCAC5D89DDC9449816ADBA3D04988F735B689A78
S321101AE6388AB14931D4589C56E28176759738260BE49973FE186FA29CBE6BD43F86
S321101AE6542DA33F92F363BAD80873B3854BD22A375FEB5000B6FB989B49369ACE5B
S321101AE670AE20805531D82968D68E36A1DF0739DFA6A2925860AD516C1C04E102E9
S321101AE68C0E237AA46C25434F0882CCCAB6A5BD04DA7446461F99E5DF84B111C236
S321101AE6A8CCF5C79F271D9F5AA9026AC81BC52EB39A097972BDACCE7C811E5241B1
S321101AE6C41EE444DF8782BA66DAB39D90F9B696CADF83FB026C318AD5F74F84EDE1
S321101AE6E0E07FEFA6530FA38197DA30B1C5EEDE23B2C2FA39A438E1D8548A16FB43
S321101AE6FC6F86D3958F05F57E3E07EAB45758940DDFE32E833D1BF8728A64D943FC
S321101AE718BFA5AB67DC99D3EB4BF1C37E8708071E8D6A4332EA380B81CB26EF8F52
S321101AE7340B6E3500455FC9782DDE3601B4993D85271D68A1AB98EC8C21EEBECA16
S321101AE7500B3DD581E4A267F5C37DF2B888F86459D410CAE6C9A3CD08E4D55BB33A
S321101AE76CF4297533BDCA1BACB677C5987E52BE96EB7D174A4F2D797AFB808F8BD3
S321101AE7881C85B1D4054D5D031B66578CB8E5FB357CBBFDDBF5F3E9345EEB57A9DF
S321101AE7A426447F6BDE68328D135B8DBEB5126EC037180EAC9E33D8E00EC36467F4
S321101AE7C011AA696D7B2131014C90957F7DF07D552920115BE6C5A3EC530794A8FA
S321101AE7DC45276367ACC7704D70826CD1535A7513898A48DDAAE1F81177BA10B664
S321101AE7F8E3EB3E3596894524CE5BAE70CF0B7CF768313CE6BE8627775F9B7798D2
S321101AE8140BF9EDDD929F9727987D504E39806BB1BE16B63E54C3F10A3342F5D15E
S321101AE830B557E83DC8F32DC7BE0822B3F3B1EE8062AAAD38B778ACD055CD794791
S321101AE84CA7F024FB8C39C1ED97EEA52B28C82C76E4CA9FD70CB8D0F89A3C428C1C
S321101AE868E43A5DEC7DE08B3BA10B8AC35EE045D3A4CC1BBC790E09CC9C424C09B5
S321101AE8841125C4AA283F1EC28693CE4D583C279D6B8F0CE4205EF1E5289D4FA3DC
S321101AE8A0C545BFB93CB876766090EF3352C7BF6830CD21DACA51183CE5D61F0E29
S321101AE8BCC928C2C10AB43C8ACFCEAD5574F03B3C55328149586F9A9534841194FA
S321101AE8D8A2049879B9DA0A6EECA9F117D2B870E2624D9BFE3B80213C38FE31658D
S321101AE8F4120DDD3C680C0AFFCF01E01F9EA71D086EDD4A990E163582480F06592B
S321101AE9103B76CC956C9B010907277352354069DA7F2C4911E17369F80874A2E233
S321101AE92CB737DA5F9B04AE3F48F3690DB7C455B45F10265E42F60F2EAF5C6A4D8D
S321101AE9486AFDA8B1B37C9CE851304F4C3422458809A6FF3E0299ED6446321090E1
S321101AE964F10B5BF0CA5177125388914AF02A30FAEDB201A82BDFAFC4B28A654FCD
S321101AE9805C2FF70B968990590B0485EC46BDDA2971B2A58FFD787BCCEACA20FC4D
S321101AE99CA34BA97F12A26293C7BE2FE81D7A0D44F571A3B2D24AFB07CE7D52274F
S321101AE9B86E35C26A23ED600A83545E51FD993B15A2A2A684DFD20117067C06138C
S321101AE9D47196209F9EBAE3977EC773F59A93B1651118304F667C85D3D79ED6B092
S321101AE9F0638E0E6246D2BB3233D4B27AC5D0AC8B51D0EE983C90082023A9150AF0
S321101AEA0C3E83CAB6FC2EE497557B7E08885BC26A2B58B48470CFC994FBE163815C
S321101AEA286B14A9041B4D073C9F84DA7828FC0A280748163FE36474E0641B1FA182
S321101AEA44D8AB4C9ACB6E5BA204BB1AC3F48695951293EDCA86B4ECC0C42E719C66
S321101AEA600C2FB50DF9A3AAF67B2B26BC03D6BCFCBE8D5143DDA928F5F8739A9FF2
S321101AEA7CEEF1B56769F7A11F75BFEBA566041488556F705CF40E3499667F837230
S321101AEA98543D751B21ECF03763F1340EA1F43E218E3501614A26BF878D96CC9DEC
S321101AEAB40CDCF0B91F9B047E2C2C1A3BF71371B36CD737277021112858C4507621
S321101AEAD030162E0C33CDB8AB8244984DF584A594994CC253D54B2AD58C667ABD78
S321101AEAEC18D8CD5FC40C1DA827500D2C774F8CF1988559B7352D7EC3CDFA6C55E2
S321101AEB082784366783EA80EA001C554FE397D29C35FEE30510D4BA0C542F489ECC
S321101AEB24A88F65C4C6F92F9D7A261503A11A37811847B2AE921BC4E1904634650F
S321101AEB40FA26FC81555116B204C6BE275F200BE4FB922BA6B228064833B1EFA167
S321101AEB5CFB9DE20706B85E7389A258DE1C97E3B9B0C4EC00A8CB574B2B32A9F939
S321101AEB78DDA09287ACBB2717C5894628A7AD174A40FDCCBBA6D4BD98A587600C7A
S321101AEB9429C8AD1FDBFFFF4A6FC0B6D74EBB68BFB11EE9749D26C1DFBC1E673762
S321101AEBB0EAEEA3198FA30A14AED9B2A6EC9DA0C5801E3C05C0D5AF1E80C414C906
S321101AEBCCF93D5DE7A839AF0797A3FBA1F899B7DD9267A1B18489A8602B150A2F18
S321101AEBE8EE1E2671CA1F6E6B77A3003DB67E325E7EDA11E0D5F5A87F431B464A39
S321101AEC04F1516A09BC874C7F3DCFDD2803D14A8545028A7B0A9FF171F3FFE9A972
S321101AEC20A5943CF7C6DF6E2326738BF009E995DB239FE87F605755642464ECC9BA
S321101AEC3C65F5094E1E55179704D8549FDFF5BF3EDB9F3E78E24038142D9FE45973
S321101AEC58CBA3D2189994F7A0C9069D3714426B73C15CA99BC002DB2F3AA7499492
S321101AEC74F171D9A0826BC9699B959FF5A6C99929357527AC680ECA755F836D9450
S321101AEC90F22961B12FF8FD07D62B8692EAABC9AEDD949EFD79115A30F995FCC150
S321101AECAC3ADAF7C2516AD1409BD71DCA31A2F58A17CA6FE24080095A750A84562A
S321101AECC8BCE546A94C471B6534765AED78FD1490EE927F0EEAE0A54935333302F1
S321101AECE48EF54FFAAA6AAC49EEA3485EF1C029E673201999E3F61CF021691E9AAC
S321101AED00995D42336FD2B16AEAA1EBD125CAE738C0693021095C20BECCFF4D0BCB
S321101AED1C9BB1A1498EC5CBDB559A1A782362F5716A29B7D696FEB30F9C5219C3D0
S321101AED38C302082C3D0F5B016A22FC499BD2DF8D24E708DB4DE37D61488817FA67
S321101AED54B8678E832C87E4B9D39F57DE2DA795C489CD1E083B34BE806D4DE361F8
S321101AED70A60BD99A30AEBD1A3DB417907E7B82E8719A9B481552B7904038C0753A
S321101AED8C77B07DFC2370E4EE568A117AF9355BEC8192FABF40425110582AC662FD
S321101AEDA8867D922787FC1C71B7E0011CDDE4AA83E012CF0BE54871F09281A7B4E9
S321101AEDC4F3FDB96CA4F7DF317CD75FBCBF54812C37D680B9D16D292E500FFAB829
S321101AEDE013B64C693C6A36D9F13ED123C0CF557C50F0B76AA7C2ED715B398040B5
S321101AEDFCB33DC953F52D275EDA9CF8D4C718EFD21D52B4039077837AE16ECA44AF
S321101AEE18376054432DDF493C354492B195C8FE24C3CE8A965DC325B23A69A7764C
S321101AEE3491F66C2C9FC1D2961397BB9C0C0FA5E4D45B1F70298527CF4D525B7F2B
S321101AEE50F2F51E36724DB38FA169D9E6642DE8EDA5F3004636BD3A5255354BF7E2
S321101AEE6CE225A00BF3741F76B4C35A49B26B186B09874B34CCC1D4FA981E7178E9
S321101AEE880F2E43F528FFC29E203CF4B86B8818CB6254BA0370935CD906C15DDBBA
S321101AEEA4474EEDDFDB72A5043C463532ECF5BD719246D01428B481E40ED8BF260B
S321101AEEC0E334BD0C8A3AF929AEFAADD4CD082B2CE2DACD6F76BF59BF89A738D06E
S321101AEEDC30993246E23A1D0EB8C62AEC90D667C97211920B6C52A3D228295F74C1
S321101AEEF8D12F2495C8838EF208FEC6A30016F750EBA6DEA634350DE32905B068CA
S321101AEF1464AC86968DED5E6F49AA7E925017E67EEAC95DA1C43D9670AA46C337CE
S321101AEF30345623074A212DCEA858AEC11327C99BD9232DD3AB7649D6AA9C81E487
S321101AEF4CF9F2BBA05C8D10CF83DF94C2105ABD9DFC7A48848B2AB920B4CB754FDC
S321101AEF68DAB02B4AFF1336469629BE3B72738542F373004E28D21281502D462F39
S321101AEF8465693FF438CED71FD0839DAE6D6799FDA5DAA8424BAFC35A9405F60627
S321101AEFA0A9D3A0F4556E3E21B0959BC968DE7443A805D5F3871AAB7E1CB61480A8
S321101AEFBC89B6F4AEDB158BDA4173DDD336607EAB6C13165582039B10AF80C93668
S321101AEFD8FEA07727A4CD08636BB2A7180EED8B5B1E3C757F1F7946DB8DBB327B1C
S321101AEFF4362845E9C24F306740DB586AABE4D07E0A9910411397095AFF97B84351
S321101AF01039372E790888C1C6C09EFFCE16173D23DF348964FD88892FC213817CBF
S321101AF02CBEC801F29C932DA852A5E92172577E49099D6BB5436A08FE23A247D82D
S321101AF048D8CBE581C9AB5765994A2D08816DF254E1B62EA767D7132DBA58EF6BA1
S321101AF0644056A0E0EA79DC42DB2B23B9D518BF59D526CD91729D940F1C73C00D7B
S321101AF08075FCBBB8A3FBAB5210857EA46A0182889156002F177CE396D9F771EA4C
S321101AF09C758074A991ABBEF20C0CB23DA51271FF0770C917DF03862632E4267D5E
S321101AF0B8251D46F62AFE23D058CD4C84C29C3756566AC00B64338F8477AC01C872
S321101AF0D4BC0DCDDAE8025AA3812EE5E93E9B4DF9C0C21458AD4DA6E92A652FAF19
S321101AF0F02040C43C5F38725265EE19E762CB560694BC14F7C9B6B2160FDE9023FB
S321101AF10C4DFDB7CE766F3F83BDBE219061E1CF4F7D26D2F73F642839203D61ED9A
S321101AF128DA6844939429FDEECBD6A0AC4C1E2EAD015EB4E7919C0E4E491592CF66
S321101AF144C7F1E01AF31A8FF1536E4E47C696BD01EF43D8054DEC4A22951ACF8D11
S321101AF160AF2317000017C5B2C902BE5FB540A52960F5A0FBA6B8657C2EF7EB0CF6
S321101AF17CD5A1CB4050D43BF4907BC5DC81D0AD8FB1DCBE090037B3FDEC33D62AE0
S321101AF198D55F091F84E73037B3CC5E10EC48093AC60EE2338B4EF78406B8C5A138
S321101AF1B433DDC0860AD73997D54D009CCAC5414926E89E2E677D789C4339C2CB56
S321101AF1D039C489B71C45707EAB20E3CD51B7726BE194642298B0D8FACF231702E7
S321101AF1EC83AB445ABFC5985FC7535919B2B73A5C99E7A82EA1C594C0D43E322190
S321101AF208858FC0BAA56FB55BD125DB24646D47CA88A8F36144C2573C82209CDDF9
S321101AF22467D86C49D4F97D8B182989C31A090F7537248C58A853980D95455A3C52
S321101AF240734FAC9DED328EC478FEA2899867BE588966A1983E0D3D2930856CF264
S321101AF25CD14DBFF602B68690F0A2F330098C30A87D55F9164F428C6ABDAEC3E12C
S321101AF27837F30F28275CB5857B0A3554FD938F3C6C0C22D436421B6F5F491A1180
S321101AF294FDA1F2DB2609F06CDEBFDE69381CBB83A91A32C6EB6B9475AE00D5B66F
S321101AF2B00E7A10A1ACDE12D1C2813C21779A57F61E3D574EA218CBDCAE841F9A22
S321101AF2CC3EEA3328AF48B3B78346437E82181D1B5CAC225664AF462BCF007876F5
S321101AF2E82A6B6F50E8DA82A4B919CB55CD38E9996DA3538DFD44D0F08EFBF6991C
S321101AF304D2B25CB28CB65BCD5DA330A03F505936DAAAE3DC637DFA013470795A3E
S321101AF3202870A330917FC69A2038060E0652D666DDC269094D758B4CCBB47049E4
S321101AF33C4229A9C42BA8A3505A02917F9FB08211383C79805CF5FC0C58AA7261FE
S321101AF358D9C93DA1D0504350DEED7BF927E286111802FEB8BC1CFEDEAB1563614F
S321101AF374438325421602782C0B4DE62D129ECCA964F975452903364CA1B89E1008
S321101AF39012A5D85E1C6310ECF4F0907D9D2A6963B4062393AA392C9D2265A4DF1F
S321101AF3AC7E8B38D29DBC1D0641A0EEAA70261D142F7A35950FF2F2ABDC79CEC44E
S321101AF3C88A4876081138DBF9FF8E6F580E1229E9BAAEE4850A611AB2060FD745CD
S321101AF3E48CD2586D7A3487C4A30384542BD428E1EC986485E48BF36F5CD539B6DD
S321101AF400D170F6864BEF26D50AE14A255C320E7D350B8321869BDF1381E7C264D6
S321101AF41C53EA8A2C6591D9CDF658750F14C73DD1737A25629ADE94DABA4398A2C9
S321101AF438CAB6116CC7F7F34774A0AD76F70BE6BDE0E47168EB2109DF039231E47C
S321101AF45458A766AA857099CA865803A33DF5C8B9DB96F18B1A6F84C4732797FCE3
S321101AF470D38CC784EFE9022326B1853F6D1B109646A12A6C334A4B878FBC57A1D1
S321101AF48C75FA85B47DB23EDC24F96984D373107C25088555C68621B368503C87C5
S321101AF4A83412DCCFE9C89A212DF9023C1032607A1EE8FDAD94907C700ADAAEFEEB
S321101AF4C4ED33D68C2B94412941E84BEB7C17BBE65712461D2ED138D55BC87FC87C
S321101AF4E0EE98D73BA903E4463B35CEDE11561462B129395492E0039D2904A21A17
S321101AF4FC2BEA72743FCD274F56D89A008745916B5AAAC63B4252B4DEA7BADFE369
S321101AF518A90589E16CB80DE2F074B6312905BE0EC8E778F259178DF8FDF47DDEDD
S321101AF534F11DE497A04AE1C429E9D42E3C281450350254A8A35F82169FDC4EA25F
S321101AF5508FC1C5A6B6EAACC8187D21FD0E913E8B7823FD32B7003A0DEF73FBD48C
S321101AF56C8B0A9C204230A179EBE88F88D586F6F50B97B6924890E9B6CA86926A99
S321101AF58828065EEDF8E5942B1EEF3D1BDCC66D1D88042FE4B54F515B1B8C6276C3
S321101AF5A4CC3C71494E18AEAC1FDFD5B6CE3D27200561D831D389F9948C0813D7E8
S321101AF5C03283F255F92EDE58008136F9111B0E0CA62D0F471FD33DD4B547F46B29
S321101AF5DCDB38BCE8D29D1CBF17FD145CB1BA71590D1D9FB0D5A0767AAC3966D32D
S321101AF5F845AF2B712E4D5F85D7C6340848529BF89F563BF45476BDF9B9E99ABB37
S321101AF614DFAE37AD33B2390C302ABB3217999130444871D08895F492174A1193E2
S321101AF630FF40735E7DDB2A5780006EEA6BAFF0B5A4CEABBBF591C3EB2E6E804B9B
S321101AF64C1C0DFFA50462EBDBEDCB425EB00257A47D47972967CE3EB99D9913C5B6
S321101AF6680CCFAD37967B9313327C14A1C024476FF940150E20AB486D865F9A0682
S321101AF6849BD891EF4CC12691A43761CC61668003B21A371D6E94AFD8E2F1D05C89
S321101AF6A08512B6E832F65D0F3B8029A170B33D32C4A8F234A6D8036D610708ABA3
S321101AF6BCDF4F5867C23A15FAD2ACF43822358D65BD42CA057C8CE8B0CC90C43D4C
S321101AF6D88684A23B67720B5D0861C8F33B29A2AE88C004C5BC05756FAAA3FEDA0B
S321101AF6F4843822138629AB3DFA867EDC8F9AD817F4AD0F334CB3A0CD33B03B7A69
S321101AF710ED623C542EDD31F9508230157DD795597DC39231326B5FD5196140BCF6
S321101AF72CF40BCA78CA4760E395525AF6C49E125E01C5530C1B451936F58E65F245
S321101AF7483538582EC06AC0FAF74AB14825F7D05721837D546A4D58AEF96AED3F60
S321101AF764A6022153066B62DDAEFD4BD19110850DFBF2AA2AC15D359DB907484793
S321101AF7805C88D52AB6038475C46ECCD96918D650F8A3A38E9A339AE3BC5B89DC98
S321101AF79CA4D5DF18A6334571CBCB77175664E1C3E199A4FBE3581E8BBC4EE89F12
S321101AF7B8DFEC67244C1EEAFA2E0D7FD934BE2C802EFBA03B74907B118D84A29F4A
S321101AF7D48FE2CC2500D8532E8E9DC12D815CE38617CB1B9EA711565E15C9AB033C
S321101AF7F0AE940BCE1E9F4D2F12B2D364CBE6917B69B91FA567CB09862BF5A888CA
S321101AF80CC56435A9900493610124870A46667EA5F3827B937A93217CEAE8216D0F
S321101AF828B2FFB549DCA04638D48335294EB424E5FF80FE7C5BDAD274E110128B29
S321101AF8440F971F903BDD3CA676AC1FE34C1A8EE66D12EF3A302644A01625465276
S321101AF860F7E55513368DB7A90114D456398A5E1459531732C28DC1F5C08E013DFB
S321101AF87C0B610FC7AA6CC8CB7B93B24F1932A929C239582837B55601E019A4329C
S321101AF898A828DEFECCFB34CF84E3AD0AC000C7DB760516F3D47C446C737D2BE8A7
S321101AF8B4F14E5D460C0633366739DDBAC5B38209676618369F618D3972E4668A4A
S321101AF8D0E5D9DCC48DD422BB63649239BAFBD8BA93DEA1294C10907761F866EC2E
S321101AF8EC295E68DAF0BB391143E7CFC530DCF6E00E9AFEF5549E5788601F81D036
S321101AF908BCFB587EBB8390A7DB20A6113417399E196E7FB14ACF7E22F605840CE2
S321101AF9247317C8D61B5D75D9D10D6B41CFCE94C606FEA753489572E196A27C6FD7
S321101AF94077F8F0F76A709CEB717A3AB5D938B21B92DA61ECA4D347CAF21800B011
S321101AF95C62EA8EFC72277EC0E5F025E702673EFB7D4D4810106A22ED355FEB0FF6
S321101AF9788E6D8ED179B1DFB323D785B0C8B1BD795A07CF32B860F2CD9E3FBCD5A8
S321101AF994E6E4BBAF9B62B52BA699D192D364F758570088C817E9BB8F3FF94A3E3D
S321101AF9B0AD69B365E0341761A75530021B4820552AFF2B973FF200B7F0AF61C3B5
S321101AF9CC6F629A21755538260A86A665996523B72DD59DFBA4B9C6D2D8E0D90D9B
S321101AF9E81B6181E787033901E9173FD693066277AA12D23487CB5D0FBE5BA22A3F
S321101AFA04A62494309B3F19BA41C3661D066260BAF8740F8B61265CAE5635AE5B47
S321101AFA20AA02C1DA90DF511ACBD61E919C83EA68EDC8AD6B29842D52B3A77FDF07
S321101AFA3C4ACDB36362507F10CB3DE2E127B41D97AFBF6882A3D433B9998F65C2AC
S321101AFA58F372AA8C56E1C8166DBC45CEA0FACD8981A2ED688A458B5A210AFF4CE4
S321101AFA74E6022E6F9390CBB4F965F78E34580965D7F7C9C218A893F5545FA3AE9D
S321101AFA90FA17ED65D45434AE88858F7E34FAD3FEF589D634A354965888DCDC6097
S321101AFAAC4B6065FA7569ACA83861C7B49A720E91719DE7AEFF815754971B33243C
S321101AFAC8EB6B1E662CE1DEA93C2D8C20F5871AD7E4DEB34F80FCB24C419C674C34
S321101AFAE4B57EB06D61BB07EBC1CB2BF751E3B0DC10E4EB7F2F712994CCDFAFFEF7
S321101AFB00D378DEA07CE9C46367E2AAFB1507E43F93BC7A60C59A644E8B6AC14700
S321101AFB1CC971F4FFF70D89BB231FA75BF254AD8DA3040228CAAF075F8D18E50822
S321101AFB38919654A976AEB7636C0F9028B952BD9AD6D2B706F14B531A332DE63EF8
S321101AFB54009961E4C7B4FA5ACCBD80F924B7C71906EFBB614770669642B6A53664
S321101AFB70C99AD2DA1A0FC8B9050754794237E78476B5E5394B8CB0B57A14675AFF
S321101AFB8CDFB2052912A0D58DE06AE18F48F08E0B3E75884B923A49F54D8DEC1762
S321101AFBA88A0C49C2DA00AD2E1FAE2CD22844946B88E0B543E6223932F5AD74F8A4
S321101AFBC429BD13B931705E399EB9C5EAD4D60DDA2F5306C8EA4B210997C5E67E05
S321101AFBE0E16767DFB2A58B2191EF05056B0EFEEC31D4A3A721E83BED3ECAA96AC0
S321101AFBFC3B1605B289A0D8944C74AD82970227CC9D40E99911ADE248A4D5D2C350
S321101AFC1828F3B790FB95A5C346AFD92917901B5608CC3BC248D5811E32C5A4030C
S321101AFC34B1A9CD987A237A8B4ED3BAE07720DBE502784B9B29039FC9F71BDD101E
S321101AFC50497BA591BEB8A319B0A9D54C0A9AA5C368B2999AD166317D786FBFC618
S321101AFC6C5B0ADE5A1FDA8D8780FA7CF141FA5562E7A21B2B0C99F03C5846713DDD
S321101AFC88DEDF26BA934976B530058F98653C4BC867FA4DAD1A8E1530A1F8BDD00E
S321101AFCA4DDBE93A3676771C6DD0E78F1A2DAC5D021891C8990D0A716888B628F69
S321101AFCC0A89D52DD3338148F5857D6261EF713BB817714043A59E3FAAA8B49D911
S321101AFCDCC86705FCD5F307175E5577DBA33138CE78161F4F7147EFF029161259AA
S321101AFCF8B3F2D5F98FE33E20FED49E1315EFD42A7C2CFF9ACBE31317657A7A3551
S321101AFD14998ABBC0B660771E05F87F94E54B390907DB4CB2FC439EA4A837364220
S321101AFD3031BB6DDDAC0C3EB91C081B12AC47BC61FAAAFE94A7B91AC867C353D973
S321101AFD4CD01CAE9C8228D44F9061E958F9CD1E0CC70E5288ACFA9556D6DA78FBE3
S321101AFD6898AD1CE3337D74AC76B507D456D06C339E0B1A669F0279E656AD7C8642
S321101AFD84430B2F5165BBE8F997862C67019F8D606DA3D9B065AE7F88EF6407B862
S321101AFDA0AAC5CB875032423B31B0BBC426B48BFF9E4A6D115B639383E3DC2B8AE5
S321101AFDBC28D8F9CE8AC9A45B51E7E4D619429DB9671B047638AE6F3FDDFAB1CD5A
S321101AFDD88B1949C63004CBBE2133E1F448BFE2F6D9F67C68EBC0F35726D57BD970
S321101AFDF4973D18F2612C0111CF1F93F73BACEC1B3AC2B05D980A11E4FB3175930C
S321101AFE10E84087405FDA5C8237D7EE6793DB17AEB0FF41376FB973CD68D03E4ABB
S321101AFE2C4530DF40D08D5654D1DBD66F564E8020B2F215B887ED05A515D7F88FB8
S321101AFE48ABE2B52A10343F17157B0D9C3A3F341178A2C7CA3E83D4E38A546F9B66
S321101AFE64430D7569F180DA2559321AF3854F32F1AA9A152AB0438ACEF91AC2F78B
S321101AFE80C0B03A2827A05D4E5132B18CA055580908530A6F863FD70B00E140320E
S321101AFE9CD607959C901DF5848798E139256E761C870E8B6B18B542AC3B02852D53
S321101AFEB882953741862F7A04004301E0F508EBB8212A419BACBD55D7C53EF36E58
S321101AFED4CBCE4F1072465A9FBE5480038A6BB4DA1B38B3E6371F1495F7E79AC2FC
S321101AFEF02A41CD0C347455CA3278532102C1B59479BEDF1ED5E7A2F5A5ACF6B70C
S321101AFF0C004FD4A78D46672270E198CC39BE32A1288A99052F0D7183D664CB9DE2
S321101AFF28D88064EADBBEF3B3D57681A3264CE32F90CE8A4ACAAF25080C5F6D15F0
S321101AFF44446D23BCAF2E3A4E59E1AE3B68D42741DF0A7643C67061E00A723032BE
S321101AFF608E7AC4AFB208B67AAB9FC2FFB422EF654707BC0B12B46FF23E1F79C0E9
S321101AFF7C3BE5B764037216719C08A3012C5DC8E207DA819A3D4364BEEA266091E8
S321101AFF988D5DA2E350174F243B16367590AEB773C820A90C890A0AD9DA52C578F4
S321101AFFB4947E752CE0367DCA72C49316069DA45AF8CC43851698E4C410F802D6AF
S321101AFFD036D11D8BD53FA2C876A1C6BAAE73711075B9CB112878AE7717295BB65F
S321101AFFEC88F321A35B9D76A6FCA64CA2A75C49E4E30C1CE94456BE22226F599FBF
S321101B0008C46967BEF44A6918B581E1BB361D58A5B868FB3A65F740533B78312C24
S321101B00244AFEF26B6C174D8975377CD0591E2339C4C77D9F9F622EA659BF1CE92D
S321101B00402B7367B8B19A4CC12CE69F393C160BB1A1737BC457073F56E153EE57A7
S321101B005C4A4F99E7C5B2815AF94BDD3F20A483D41B1AA2FD6A7908861939F8A042
S321101B0078B7B59A598595F882F43CDC4B403EC92D3AF028A4B2C441EA2A5D7DF4EE
S321101B0094BD7B4C49F5763D9B435DC9BEF35C2669A44299EB7E476E7349C0738BF3
S321101B00B0544EE7ED0B7EEEF121C2B3862692E3A123463214E96D73978199B3E40D
S321101B00CCFF728764B73D2B5EED96101727C2F18A6D7624E35F84D9B968BC5A71B2
S321101B00E8C4FED906D46F2356F91FC23CA6271D68CAD1654E831F7FDD128D954244
S321101B01048501F025DA38B718F2DC3D298D9ABF64D8F607410F4D4DA98C17452341
S321101B01203A1CA1420551B89C52DD66B5F9B700333C5A72B4C66AF84E1C760FF6B9
S321101B013C491773EDAB1EA1542FD269E4BF83F6D7251CCD25E4E6B2C03A668C6D93
S321101B0158F34052CEAE6838EAC56D119F3E527D03333797B7E01BAB76D07E92AC7D
S321101B01745549613385A0BE7C7B9F84F498808264C17D810E7DB8104CE1023E4F4F
S321101B0190A70E7A33EB06E40D77BBA284AC9184B1D205F423FF06288996CDA26209
S321101B01AC2C34416CC03FCBBCA55D964FE7DB6C61810749BEB86E99F05DB9D67E55
S321101B01C8DEC18D93AC9045C3203794102064D72F0EEDD682E0761334F66A6A8622
S321101B01E4C9E5730F6F546163511731364C43E72B62F15B4BEB3CC6D4A2AC061D7C
S321101B0200C71B2A13072C47B4F61D12D94FFD554F98B3A7BBFBB5BEFCB7D1791F3F
S321101B021C4966951618C4696D1149C3543D89AB53079EFBEEE1E1D05FE82EF0B817
S321101B02380D5CC4AF3D627271723F3392FD198E1AC352162748B51759287A37B29D
S321101B0254C4A576C9CCB6B172FBE208AED755EEB76A36BA22555199EB8C58E8FD3D
S321101B0270A26BB0DC8A18F9F7476313D4E6D74B64882AF55FF648072BA2D34A36AE
S321101B028CEC1997410E42E36637AEFB2661315AF8A7A3F9B9FF295508A366C81261
S321101B02A8153B315121842162C66763B0BA3CE84B47C6A1D272D283F93F6ED63AA9
S321101B02C400547CC2713FA6EC8D87B5B0AD55A9CD7840C1A5B2F8C4E4E830B906E1
S321101B02E051A627AEA7C38B47EBC718269516B633CF2D5EFE1ADBE21F42AFB484CE
S321101B02FCE45321DA37E2CE36AB270FDC2B63428D8442EDDB1B9A127664B2CC4E51
S321101B031804BE4E747563D7D51CEF915D83E1BCC9DA8201517455E11248455EA0B9
S321101B03344C026803337E310D8EF3CF5EB1AD0D28FF57814E2E87E8EB23C73229A1
S321101B03509BFDDF3149478C82837165C7E1C583AA5B8BB0474ED48D94EFE7678743
S321101B036C137975EA33485DC3E9810FF2BCE390ECE4A1360BC84847D05220D531D3
S321101B03886A7BB37B7BC5CC50E1E961FDA7FCDD86157D33CFEDC76E5BB189DBCC99
S321101B03A4658A1E8218A8B81CC987FFB312AA69C27E11AD97C9DE2BD963FC693486
S321101B03C0423B8BDBE7EE13A5D73853D0E9B79B08A99A040C16DEBF3BF6AF08FB22
S321101B03DCA098E43BB4518FDD8EEFE09F23357BE3B80542CBF935D0B7BBAD4D6EB8
S321101B03F8B343C31EC25D5725A784734357B02D08AEE1F4AE2ADDA5A85DA8177513
S321101B04145E7A12B5146FF66CD6F6204AA51278985FF00CC1B83C76EAA4D1FF8FA7
S321101B0430A1B37D1796DB00CB4427F553A8DE609CBA8CD265D49E797982BCDA0924
S321101B044CD525C7DADCC56EA445EAF62C5E0B8B2DB8867742355DA4D821CAFD7F37
S321101B04684902B67997DF92697119BBDEB2F0F293E9A9FA4B2AEF16BBA1335FC658
S321101B0484EE31495CA4A1EB558BB653CC81982F0C4B7DF5A43714530D47FF620D6D
S321101B04A0AA7E4C2BBA29BD53E1AC633D0B1EDE8E1880147EA6A678980DE59A3B6E
S321101B04BCBDBCD5426C13A13DD5BF5C2DA4838F39A9721E0F9B413292B5F3503BDF
S321101B04D8546C2D9DFD610B00932036049023AB012245586651E1F473B2285CC7DD
S321101B04F4BAC75A33A6533C0C97F2028C834EE59A916DF624244D3B5D3D2C5CC45B
S321101B0510FF3A646A7931C8617D6457BB1D441D5931AB7AD322FC1B767013BE1FC2
S321101B052CC06F466144555F7B7CEC245C21AF5BA05156766C62743A79D95EA19408
S321101B05482C9D3342EC8F41759482DC510547F80B2B559CB600B2F323F4F4D8C447
S321101B0564FFDFB00602DDD4A7CE81D6F985B88FFFE4543E8111AB313C50B643E02A
S321101B058018A8856C8D5BF6EE55BCA50146BCC24FCBC7B2D157FC17DF57EC0F88AF
S321101B059CEA1DAB2B230ABC72A97011972989F222BC9DFBEE44DFD5FBB32FC82351
S321101B05B8F30FEAE0DD019DB8BEF99AA25AAD2E82029D51E175EAF5B00C9DAA38ED
S321101B05D482191AC0AAF3DE0C9269B3EE2F70DF6A7639F128DB967EF1E9C9E49C80
S321101B05F0F9827BEBD50AA0A65FAED22493A23853F851CB8AF42C0F3EB929B690C2
S321101B060C861ABB8CBB701E1A2D94AD6A934E850D9A740AC37E079680FA7403E342
S321101B0628A6E08749ED497116805ACCE86E7D5DAE47A380CC3287219AD16D1713DC
S321101B06448342091544DA5D2D4C8202678A58B482521F469D2A5653ABE63C9817EC
S321101B06604A327F1D1B30CDB9E54868670EC45F4FDE8209DAD6D123BB1AE3B93238
S321101B067C5F4EB5825207AA362200413086339AFD27E7A582C3B95A15945A598842
S321101B06980062F4886BE21D9E4019AB71E1E20EEC508760AC1D2F88D53B0802DA52
S321101B06B46B898388C8E14CBB21BEA9A45656BBDD8C75ED92296886C37A6CD02B9F
S321101B06D0DD2FB2A0D5A81BBD7019C0C5ACB2D1E967E6F7249934C6B5DA8E517D1E
S321101B06EC13A392A0914542D0BF279612C70194B46BA4AC575786AE29554FE4FA0B
S321101B07087B0EFAB83DCB7C686634611B800DA402F8787406BE0AC77264667622E7
S321101B0724489262AF08326DAE4FE8BED3D227C730B1F1BD25A93993D616C119EEE3
S321101B0740E05EE67504B172CDE65B8E91F3B967F01FB0B708C313887DE1E9013C0C
S321101B075CF1ED906B97285BF6871E651403D13AE8A867D8DFD59E20003D8755825F
S321101B07780D544AD329A3040C1EDA685160B17B4483F12DEC0679D5CB2AC1393554
S321101B07941A67D1933A6B033C389526DEEBFF1DE2B6D0E9F4995EC04AEB14F158E9
S321101B07B0C4CA0FA73A90FE0D4F83C01A433F6BB215B1AA2F5D62827086EF729DC4
S321101B07CCCACAD8A5D227381C6730971D83FF626146A9AC415A652452FAC1B4D39F
S321101B07E8B75CA0AFB3AD4BA029D6147028C5261E2C7F61FB6543C271B261B9FABB
S321101B0804AEAB7F1C1D3B88E28B8CF03BA7A0D20DF82933D9341A26D950EB22337F
S321101B0820EFE7756E32B11B8A8A1102FA691AF49166CB1EF872878D224BDFF0C8DA
S321101B083CABD54E10D4A024404F0090D96FF2C5E809885634AFA812FF6F698D1AF1
S321101B08589A82A42A1462C57D177D1000C8CB9191E20181FA2B7C015E108C3F7F9A
S321101B08749CBF01BC45700DEACE1DEC46C4243207E91A77F9D822131F96614BCF85
S321101B0890F0E3F2611605F6EDF0970EEEBF256E92E5BBB6DAD5A1D98216FD850FE8
S321101B08ACB882D89294E005E28E86B14061734FA89588E3835E03B8255AC0D7136B
S321101B08C8C380C00DAA2824AB48950FBD1A45292B1DD29AFDC3CEBE9290C7DC1C20
S321101B08E48A722C22B882D94D6E579BC6B365DBC0B576BECF1FCA312E3D46CC8C69
S321101B0900AFD2340FA040024EC277D988C7E6E0316E10D41D4ED3F8AC4AE5EB19F7
S321101B091C5C1179387A829D73BBFB7BE9EC38DE8123BC735811C83268433816FE1B
S321101B0938C59D1BC09DD28F63EEDC4D72FDBF946953458F0095FD8052F90B3EBA0B
S321101B0954FF000EEEF62D9D847F3F0FF8F246C54D12197F7F66DCBC5E9193996C5A
S321101B09709577CAC10ACB4FAC88F0B667B3CA0075384CCA1A4BD8B5CD5AA7577F68
S321101B098CF603B598CD68B251B0FD923048257DF4AF3D600AA590487579988E6A02
S321101B09A8A0796A11515661029DD35288EE0AB0EBA9CA4E62B0D36344EF2B545C70
S321101B09C4C287561A95260D536D2214EEE272DEF0BE3F3A1FD9A544637B3275B50D
S321101B09E00A077EC6E3E0D1F7DF56D4B020DB4E8046980FA527301CCBF1C333C9E8
S321101B09FCF167E7299D8B8E207F233955A0788301FC4C083250780BFC74A7112205
S321101B0A18073188C7A8B5F9931656D62B2568CF76E9317B0177BAB988C1B73BA087
S321101B0A348CE0F6D851B0CB9E7090E465D02AC9F0A6882ECCDEE9BA4527E4FBFDE4
S321101B0A50A2DD821F259A9FC169F00964A64BC8F90576835D1163E5EB6427A19B3C
S321101B0A6CEF55EDFABE67CE869EA5E2D07F5DB819641E704868DBA439F8EAE3E4F4
S321101B0A88C04B162DC2F592018708B2B6090F94A789E7C80099DEB60E5F6BD6C16B
S321101B0AA4AA0C5C8CCBE511B1DDE13C20AA0465303A04F525A0CA2B601AB4B35377
S321101B0AC02EE1EF19280C7510995DF0C0FA7A91F35258A097F1E4906D8902A45F3A
S321101B0ADCEBA39E516580F8C223FC129E817B320DB6061F0A1A62DF3059FD129C33
S321101B0AF85199BD78F15D3F0028B9D282D3CC40DAC0F9C5304501687729FFCEF658
S321101B0B14AB2750B60A9167D053ED204BC6F51A96CCC10F6075668BA851EE36B89D
S321101B0B306E4ACC32B2C83653CFBCD0E40B0ACCAB000A0DF9F713D4DE811D3B044B
S321101B0B4C59F5A9C581C69D1068A950FC031A149F4466558CE122CB42929E7A201A
S321101B0B68DEA26964E327E31E6915413336423C9DEEE695B1DCE8693C899B17FDEA
S321101B0B84218D2CA606CBA1357242FDB0DC6A5960E33BA8B6F85BAC1E0D2C14CCEB
S321101B0BA0B9FD17825A57CF31A74F422044089595EA5C3F28417438139B2E4A2654
S321101B0BBCBB11298380C9880D33F6BB6DD67E96976467945771F2227C563908A6D0
S321101B0BD85BC20DAC4955665D31B4FF3F987AE3350596C589CA3E0E5B62F74FD179
S321101B0BF4864EA0418163FD3D7E4E1D854DDD3C211CE358417EA4DFDE4D795091CE
S321101B0C10D90718B11EC6A4AF2E608B9CAB3C0F902654BB7B5AA6957502DA45CBD6
S321101B0C2C036663BC48C69B7D526291D41C77AFE9F6B0C80703D5CD33FE6CCE58AC
S321101B0C48DE133F3E9607A74200686DABD9822B8F75CFB4F36A0FB669F0554D4D74
S321101B0C64B7F48BD3DA38AFFF3D05A7366168B0F62E592B1D07F9752BD531042C47
S321101B0C805252498F199DFA85C37E141F6C20A87C2B92394B5D82AE57D85E537430
S321101B0C9CF0C07F77B9831849160D3135E17EFA9D6D98610AA6DB50F7449128D53F
S321101B0CB856088A8FFFC9B84EA9E961817C26B5BE9F34A24C4F9A3DFDAEB5753B2A
S321101B0CD488FEE90A9116F10890CC8AEAAC717291E945BD6496074AAB907FF99B46
S321101B0CF051576419D5DC278F479FEC9648AAD0CA4E2E702AE91955426B153522B1
S321101B0D0C7684F708FB912BDC075355DC6C496F0DB55376EEA8AED4F51EAF9D7FDE
S321101B0D28CE7F8A3BF6EEB2BDDF0ED80FF686C5AAC275562D31634C86FCF8A7EBB4
S321101B0D442141D5E23C7F6A870BD2F47036BAAA051346048BFBB9382611D3105F70
S321101B0D60D7E76A8DBC033B94E3B86F9C0CFAAE7D11604230A96D292D669AF99F45
S321101B0D7C88DD2D8FC0DF236F8A2BA50E54686A8F69EC80A4C39D8032CD97B468B0
S321101B0D987AAE10256023DD79FEEDF3E2D73426AC5965D4FD4F068D88F2C7F2EAAD
S321101B0DB49592079FD6A3D8A9C2BE5776CD0B70425103D1670944CECF5A354627E2
S321101B0DD0F4716758697D03F8569BCF39D5378AF00AE6025C7D904ACC4DF6128DFF
S321101B0DEC22725194DF78848C905A7F1A8D866AEC2DC4755EDB805DA23D7EAB501A
S321101B0E08CAD2032E68CF288DF89C3CFE527D1506E1AF8DB2D6F35934778DC3CF71
S321101B0E24ED8782F5522EAAC129595DA7F99EF0629B1E2AD0201A1DE9ACC0AD1719
S321101B0E40DE6A78A1820FFAA8C6BF332AF2415D7ABB0D948B1B44DF557B8B0671EE
S321101B0E5CC3A95BBC9BDADD04F631EB42883CCEB6EDFCFD0DBF3450F76BC81984D7
S321101B0E7804C8D484B73EB683D245318514C5FF27DCD4BEF1C22FC3151D7D1378C2
S321101B0E949F2EBBCE8BEAC417CE67FFF7D881FB31231C79B9B5C5D8269732A77EE4
S321101B0EB06ED8D61CF63F7D31D356691057F148AEA28A01FDF1156A01D1EC150984
S321101B0ECC2CB340182493101C95313B1B5B59BB4D8A13B498573A3C90746EAD9A78
S321101B0EE8E979726E22299F509CF5FD62DEEFA09BD6D384210AB300FC1C7E9CFA12
S321101B0F049FE5C70DDD382D276912F748F60EF99179773266B13C531987460E02D9
S321101B0F20DDEEAFAC30A5F539A3E9EEBC7EF6DF175A5BBAA9D08117AD1FF45881A2
S321101B0F3C86F9F677CE6D7A3567BC148BC427161E7099463115D978B01B606EB77B
S321101B0F58EEF2748756B06B28229EBED5B301FBB515DA9EF226A70F1F1C195050D2
S321101B0F741E95DA18347258DAC6460E67BD8B01880ED006E4559F05E4FCDFAECE65
S321101B0F90269EFC13284062DB5643B4B62F1F63A08D5BC37EABA8D6C81A7E4A1F2D
S321101B0FACBAA0669706BB3C546CC5128AA91FF675C493ED478C2BF60CCFD52F3900
S321101B0FC8E7A02022614794739A633CE9D41F27F456D41095CBB29EC2B47F1D87B1
S321101B0FE455C3050B5EFE12067B365E14E6FBDDC1E8F1F50CABB0D2B71D4C0573E3
S321101B1000EA1D182243CCDFE4A261B6998BD06402BD56C186559A89610D733F2F5C
S321101B101C60EC2BC216B4D3B6F6EE822DE9D383CCAA57C79386A9C21A07039758FE
S321101B10383B41D6C3C03BB73D2ECFEF14076B07833D223F28411F6F751490492F45
S321101B10547C992CC4639D3941674F5C14C0721D96FB21ACCAF6482BA022C5D64D20
S321101B10701243B9AF20461FC7BC2396C3D4B645B99C8AFC5A88466135C45A5968AB
S321101B108CD0FFBFD2E6E76B60B25FF045AEEA6A89686006D2E2879D2D23ABE7BA0C
S321101B10A860C319F0BD447115DCF8B3644FC7F058EB0736FAA82FC83D01930F83DB
S321101B10C46ABD610E808CF6771BE0FC3BE1B461390EFC0997FADD53F08DA052B676
S321101B10E00A2C99725E981A192BA41FD20C61A1EFB1108E1D5126CBE9502BCA912F
S321101B10FCE336BCBDF45A766B431975C3AC1B1266DC950B1F25FEA861359F958360
S321101B1118F9C8BEEBDF8EA47176670565BC3921F01BA518F6FE47F2D79A909D832B
S321101B1134B57590E381414EDAC10CCC0BCB29CA5B079401B621933798A440552FED
S321101B115069436C77F86761AB29CCE3136F8B67D4BEADF069EDA9779A5F00102B33
S321101B116C9DFFE9D0C7A4EF36008D5BDB3C72E095005FBBE4BFB89D91F21EC7559C
S321101B1188321064D574F69205DB510873159A80B5D8DDC9249EC7E7D86BBAE6D46E
S321101B11A4C1A0D47F2E623A2E8DDD86B3EB45E11ED7C6C08A0C692D2804EBA1E956
S321101B11C04CE899AF3511C07F7D5BAEBC2489A71E4EF421E515F76A613145A40EE6
S321101B11DC4B510CC35C88F805DBB608925D0CD83D871214FD96B6461C18A80C337A
S321101B11F87814316DCA17794C48678025A1340BC681944A5044131AF631C765DF8E
S321101B1214CB5D558C6148CDE27BDF82DA52460550D757A73CF55E5BF2C18C2CB9A6
S321101B1230DCBE36FC82F6CE1D1B37C5033CCD5ECA023FCC7017FA0B23AFA6913223
S321101B124C99833C912E83C826A309A57CC39F55277E52C9C3216BD1FD639CB36258
S321101B12681CF831B3EA7120E9429FA64F259F9181A38D2A0FA694E5AEC24DC3B079
S321101B12844C8B7ED197ECBB93C58A46FB521DA8752174FD36595037AF2B336F974F
S321101B12A04148D15A9ACC394D9541AE9E8308DD8144A4EA5C9911DD0ECB21D3AD27
S321101B12BC0FAC80D8BFB490E9F88CDA7B4FA3D1B9D8F7A6601A6FDB370A84760914
S321101B12D8B75A871F0533DE38F57FD2D1965F70FE6ED359B61A5CFD9D59D44D8AE6
S321101B12F4B1B2849E5A7B21D3A75D4E806F53A96014CB826C9522215E57D97BC450
S321101B131042ED8DF7D757F09A319E70BA4627197B746738C28653B24C3BB73468F1
S321101B132CFFA9BA5AF745C7C4D2A2D45D0CE5D149BE3F34E75DFE4786B49EFAB005
S321101B1348A420D95B047536CCCB4B4B665F08859E3126213EE316213562B84FEE38
S321101B13642DCD81AD9A4778031D0695377C34BE161EAE6E33B346AA36D2B124A9AF
S321101B1380E14083563BA0D570842462DD58D03E8AD0A4D7C3A81D1F70BBBC2761CE
S321101B139C834DC214A7B79124F35756893BD4BE25A526EC16CEA2A9D42186723429
S321101B13B8C25AE14B94E548451AC989B3F7DB1C9C3208965421B640F272AAFD7C2F
S321101B13D4E53794CD313D3FF9C137CCAF5BE53581CABAE70548DBD7EA6213066F02
S321101B13F09757181AA807C0A4CD1152BBB7C255B2B69D807FC09FFCD0383E1A26DF
S321101B140C846F4884A68133DED044F9867275461D53D39803A96C02D9429CCD441F
S321101B142822419BB6A816C775BEF132D4ED0768C0A0DF4887618D050BEC2CFF167F
S321101B1444B0F230F83070AC144F6D0BA94D69298196B8ED0C77E9F60B09DB18A419
S321101B14602E27E7514119F98EA10546B5820D6FA46000F71901AF30B8B4AB69447A
S321101B147C1F16A962FA60C09856D6A28CEF0D8C71724C939CDBEA5123EA685D51B8
S321101B14985FC5C9C40E1BBE8C8563FA42E6F067C36FE22CD86D1D332B24DB062756
S321101B14B491494CE6292CAF2CA7041DCCE9E816667FB9A183FDAE2B7A4CCE236B7A
S321101B14D0BAEBA7F6EBE7C7E7CB5C7D12332504C9E26A3E50938F70DF2CEDC367A4
S321101B14ECADBD1C8F44154A2E1E0C02345BC30E961244CB1964196DFD834CEE6667
S321101B1508E1D50B72779A9A773FBE435149EC9CD296EA9C094D2356403A007C36F6
S321101B15240907F78A7637EA68DAD54E8A74726267A474CB891F944F941F82FD0014
S321101B15408A127B0AF7DD70E286B0AB58C09235E8ADAF1005C7A7041ADDAF71C7AE
S321101B155CCFE19E49B49485F5BB313F0AE8FCAFC97863DC683878D4E92FC51AC4FA
S321101B157874B52043C5120F366AB65560C2E8B3AAC9350F7BEF6D09EB18C01AB226
S321101B15946B2AD05411F35DD62E3BD4F18D2E743E52A0A2E4BCD8FB3346004311AB
S321101B15B05077161C3DCCB28C02E35EDC51E4FE0DB2F5430949E428956CCA8AB3FF
S321101B15CC5606CE16064269589B5420069FBA7EB418E3B6B66E5203BE82B69BEA44
S321101B15E880FB009F3CEA6FB5988A03EAACC025D98290F6B6BBDEB086F900206FC4
S321101B160469296B7CB8C3B1844B18C7A5A11D9FC1884531E87949AEBBAF1D60FC4A
S321101B1620F53A6BCBA7C3D57FFE0571AA4224417612E870B3E648B9002137172A82
S321101B163C21EBF0DF5E8363EEA7472869D634391D145797F76CFC691B86033DEAE0
S321101B1658FB63C6CF52B004294A98EED7ABE3371E102064256881FC2AB476E5972B
S321101B16747B688D099B20C06DF6B74C3D3E81C922EE4175BEC61EB7936AFF63B9D3
S321101B1690B113AD9E93774B90BA7331A1FE0E216A312F5927229B4E7F2F1A2BB9EC
S321101B16AC816D3899C981B74142976E02E995F296963A7896F3660CAEB416ADCB6E
S321101B16C80CEB0F2502F8780FADE39C42E01B7BBCED0B400CBFC5CA137D235C9C4C
S321101B16E43EF34F6E3803CAA62FA2E9C23F33AEBA91D18E7A4B78528726BCF6806C
S321101B17007F83C0E991B5E4557A9751DA4A632302CEF8A026357D512F04CBD64FB2
S321101B171CF2208E5E2B18E78C734A9E2749D8D3C553B07F1A7B163E98B1F12BEED3
S321101B1738A7F5E9DB4CC07C9189C7F4E84F6971FCA84CE8FF5A8642E17CF6E46AFC
S321101B1754034D4F21BE960C9A96EAA2E0279573AC72FF4CD5AD685005A758127B29
S321101B1770501ADCC869961C51EE6B6A59FEF735541D86E7CFF0F40755AD3CE6BFF1
S321101B178CB8D43E5A289E670A1A2D8E5E4B6CFA0CF776C9E7642C7A07A1020F6A7B
S321101B17A8480883D10315011DAC6AB812A3782515E3DCCEEDDE2C54BFEF1B6122C1
S321101B17C482CBCB1B946FA9CEA68AAACDEF75BCE7901C97170F24CA137E212D3B0C
S321101B17E0C85C76383C668465AF71E726340F2FC5DB3A383C83C5BC44C5357D5063
S321101B17FC91A49ED5A3AB4D4D8A7FE482264866FB6FE00C34D2E7D42F3C71BAD14F
S321101B18188C6D5C0E0551F0AEC783D829C180C229BF5D799DCAA202552A7E2A1BD3
S321101B1834B071E779E2ACE2FB738A572C93524A94DAC16E0BDDB8F0B3187178E902
S321101B18504D77F797D52AA12C665C4320941FBBF0F0DBCA579DDDC5F6A0EE51A505
S321101B186C889D3BBF047170B8BB5389684DFB5671A8B1F97C7CC4BBE00564D983F7
S321101B1888BFC05158F45290673F943AC5311BD479C75BBF04031D06B163F75DDAF6
S321101B18A401E774372247481581F0EA9275AC900E9A7F42ADCCE0CF6C3ACAA25B02
S321101B18C0E578B53795E86BC246601906BC9D510008C2C97DFEE285F641CC4E2A89
S321101B18DCA8EF6DDF95D1AFB5D51DC24B665121CEC9AB532FF08A4506A98B068DEB
S321101B18F8888602F42437CFCC53CAE86AAF106307A8E0051E9ADC31C97CF69FB233
S321101B1914841B90AF57676AFAFD0D00847FCB422971C59FB3A997E0C0548181275E
S321101B1930546753E0915EDC1DA04EB38BBF65501E8BF89802D93272B67492D3109D
S321101B194C5EE15EA760F3C2D54634191F9D48DAE82A417955C1D3882162B473B711
S321101B196887E65FBC9E56F86D9BB9D831360732B7CA6DFA0FD1A56BC7A9728FC17B
S321101B1984023B8AE63745D07B82EBA0F879238B16C093676A472A68FA060D25DB56
S321101B19A02B7CECCAAA65C9C9CC959AB0B2E00F856F71DC679B76BACB91F7A25CEC
S321101B19BCF4F87E9F6B22761E4B40E05894107841DF46A93E6F35CBB569963CE346
S321101B19D8B93A9F5FBA1643101FF76B796EDDE91CC068D8EC6EC7E9EC964AA4CE1C
S321101B19F4831B2EB20BEF0E916659FBD3FA3E613D51FB07038D304E055BA89C54D3
S321101B1A10947C1C37746F75B2F2F0E1E2265EAEC3250673259864F62D1BCB871A19
S321101B1A2C4A9FEA7C93FC2E9CE118DB8054A8806A8DCD013DFF356B5F3457F50075
S321101B1A4823689271543F8361D82FA896EF2E2EA660986C66E49A4C7A823F18DD52
S321101B1A6430AF1EF507709C0287E8552942027DD3342A05B1F3424E790292F963AD
S321101B1A803527F5DBC5EF19F0DDD9238C4DB082A4A10D6244185827AF27912B53D8
S321101B1A9C2C83A214D010D2FE6B21F7B97ED4579EC526C6C4675FC135B2B4A4B674
S321101B1AB88400D8C9B47DA5832FC3F2D7F40967415A82D93125CD3FA5F933EA9899
S321101B1AD47FF98BDB05F5D45AEFE0CCD2DE4C22024C3CA947EE3D293F21AFF84FE2
S321101B1AF03294B05AAB78FB1648447EA9B1039F0FD94EA026026895D618F49EE83C
S321101B1B0C7E880D2B8B4F008363D092DB1E858694CEA3F8C086E640B0E012934149
S321101B1B28F9D4D546BE1ECDCAD2BD3AE2B295E60244FED9BB35DAA82501D0E7A829
S321101B1B44E29208C477353D0D8E57CF829C430E2FAA2E2D2B3BD204DD82A05A280A
S321101B1B6051DA00C1F8BF772D82A73BFBFCDBBFA92D02AFA16B564F5736B6104829
S321101B1B7CF414B178837A0A726815D2C3FD04F73D443F1588DAA10D0A8759AE23C8
S321101B1B988646A5BC3A96DFF90845FEB69DBD89F7A4A7D1DDBBBF766CEABA720BDA
S321101B1BB434007101FAC0BB0A66A2CE0B06A010AA1AB01FC6798E2B7EA96DB895BC
S321101B1BD01735E8D2EF595698548D22FB9482BC86F59A252A3928F1DEB6191BE15D
S321101B1BEC2AF1A8FE8654F8E19931DF8C6170FC85ED08B92BD7174562D677B7C27D
S321101B1C0886D14E3FCDDF40BA0A367E24835A9439207B999D9AD2B56E78154278D2
S321101B1C247B7712829A97D8E73991C4577AC48113D74891092B779899107006DE56
S321101B1C4065514FEDE12E77A2BF204C1A9B2E03A9318FE27C9B758FE0E158FB2F83
S321101B1C5C7612AFC71555F459DEE24F6F188EE6EFDF5A24B9EEFEDBA703F9F7AC6A
S321101B1C78254F060B62D5F00EEB1AB6E15DB99F9894F7F798CEF8FB88326899FAEC
S321101B1C949CDCAD6F5908CA38E35AF43276FC9BE0E11FA108A2FF36DC9789F42428
S321101B1CB07987130A55BFD5D7D0C06F7F3ACD56D1B4B0E74A0697EB169E9AC079BA
S321101B1CCC00BEE26FEDCF752E660783FA6D04D8FC415D007953BFD241D9B916DC6E
S321101B1CE883173AFE33382553A8C9BBE413BD2E0869FBC847A177D0E9DF4B827381
S321101B1D0411215354C366F1B07D6D3D4BEDCD266BF75BFE8FB92491C859866703D4
S321101B1D2072C492E307016C89D1B2EB094D3FDCB0CA55F0A14F1921E14A17396D1E
S321101B1D3C35351A0815B9428029F1CA31C9C5E5223272378CD15084B846F1082869
S321101B1D58654FD8826C29EAB9B4CB194ED4B7F5DA3A4FF45E3075C604A0C0841476
S321101B1D7498558625AE5142FD465EAFFA5948D586B3368FBFE4EA41D7CD7904A1FB
S321101B1D90611B1615A676704338E849168C13892250F376C74825784853AD340CDA
S321101B1DACD6F8ED7239A0DEDD22FFB102A7259EEA64464CC679FDF9A2D63C08B961
S321101B1DC86DD54FB50D23BC0A63610E173BD9DE622DAAFAB7A51E361E8205A1E2AC
S321101B1DE46E9215A136AB56ED71EBF4B6F75CD4F9C40EB3016CF4346EEC25947C09
S321101B1E005FD69BC8BDD0459A28C4868151AC7CEE6A5C0F7DC7FB0A66A7599165BD
S321101B1E1CB1DD0CC79115FC21C486BC9C3CF11117C21BB97B661B2F0A7244A357E3
S321101B1E383E4F95AC9C28191BDC7D8A4B0386800061823DFE39CAD09CE8FA21636D
S321101B1E546ADFE845A27BD2485E58E94514617C31BB28E93139B4EC97FB6E91AD7A
S321101B1E702F0F413F18BB2BCBE1B87811B62F19D81478EF83AD0FBFBCFB53AE086D
S321101B1E8C1D4B7EF2BC7ED4D01B5E4AB3932289152230A02DC45BB654A6F11EEBA2
S321101B1EA8F7ED78C18E51239678819D7D7A7C5F94CC1BD0DABBF56514F35D135EC1
S321101B1EC4B4FBBE89758EDCB6E768FCA399C067C7EC6E5D829F3316B20EC905D052
S321101B1EE0ECF2C697BA3FEC315DB1143494AEA2617BBAF86A61A597CE0FB3DF49DD
S321101B1EFC80D9A64C83D7AAC16B041AA0D56BC6DE0A9E97AD9B1AE9AE079AEF9321
S321101B1F18D6A2550800A85103E00882202E76E1CFEC6A7364E76B6C8DB245933F8C
S321101B1F3482A5D3FCE2276B3A42A1712D3213E540D1AF09C6646AFB5B22BDBBBB09
S321101B1F50715B972DB2B7F7F87362AC4C77D1AD7C97B999D4A453B9F7EE0E9EF52B
S321101B1F6C2D3FED2CDCC4684EE5A15E668ECF740CE2E2D6713801D25971D07DBB3E
S321101B1F8871DE4B4B05E2638FE6F616FAF6599814F2884C8B71138E0E9021E7AAB4
S321101B1FA4EACD126FC6FE3CAB71CF6DA057D06D5C79C62291C9594A33A51BDE4859
S321101B1FC0B283BD2BA89FEC42CDCBAD097070964EF77DF41B65190B3645B93A2F87
S321101B1FDC6A3FDF5D6688827B525F3D0515DD729594FBDAB4923E4488B1DCD15392
S321101B1FF8E610BB768AADBB12DF9EC592AD591AC07D1D30B12E4BFBE0AD3B45D6EB
S321101B2014C8FB78215CF20A00B83CB71FEEB6FD34350EB5FAED1B60D4A5FB6AF9FB
S321101B2030328FD2E207EE99685586E06C6FC21466955F1B0950B6F0F7C8FF0393C4
S321101B204C8574C8DECA5E61D4AF2B6072151BCA0B3C32D8C5DF9B19C2866FF9CF7D
S321101B206818C45BA8629AEAE653E593F70785117F52F0C6C063A6714EDC1C2C9757
S321101B2084F0EE24695D263DE62C57E25C0D6C28C2DE046EF57DA26293A93AAF08E7
S321101B20A07DD78D6EFC7CDFCE4235FA28D9AC04BEA61C18917CB64F800B4CF6F9ED
S321101B20BC51C5A431226DCFB2D7AE2A7DAD5793C6ABD731C4A734291DDF623FD665
S321101B20D86392614ED246974B5C5D39FEABF390872992A1CC74FF358E768596B0D9
S321101B20F43A11B945125F0A59153BF0604C81C016E267A5086065FDC3A462162880
S321101B211086270262257AF28BB8F5855A96DFF7F3002BAA873032DCD62FF2752143
S321101B212CA0828E05D0D7703307316C20FBD0601847A55D21DB570354962CE8D6ED
S321101B21483857FBCFE6A08411CDC3E1A8A4A37EA3FB7938F358D495DC86D621A0FC
S321101B21645E2ECC402FCC9070A8133D2057E9279332C1A028894F737EDC35C3E34E
S321101B2180A6DDA16266C5918D5B6DD28AD987FE0303325C3E8249DDF2403ABE27F6
S321101B219CA20F62DEB1393A3F35F22EE9E828AFFFA8A87ABD667CB79C3CB0A76BEC
S321101B21B862636463EE6214B5A418FDC9EA2D505451DBE607B1460B43B73DDD9633
S321101B21D408E2144A58A4E72FEF1DA5A7069A50D61C5B8B478C06852A73E75CA85E
S321101B21F0CF78A16CC59A527A1B45B169A8306526F3E7559FF62A4A9CD662E794BF
S321101B220C3C07FE5F38301585812C721D77503C23AD679BDCEB7290395846C1DA97
S321101B2228695D207FEA3BA03F81B292E6DB917D10CE645A8AB6B3D2C35FC39A7814
S321101B2244D30F3D91915E764799ADC681C633819062DCE39D2AB99075203B3568BC
S321101B2260F301CA1A83E4F64569DD44793B384F07D139F80F5EEA82D0A47A459647
S321101B227C215B7A37CF52DC2F462DB215F6E50CD314ACBF8069120459DDAB9620B3
S321101B2298B9469497CD5FEB7195D03E7DC975F9F2ACECAC01083A980D0F1FA73AC3
S321101B22B44894BE669011F29E54F87B6BC961176A41C35D06830E28956B91672B8C
S321101B22D0997BAEBAD69F8AA4D6CAB43DA9D847039DBB8F5893257C1A8C0238A152
S321101B22EC0A0389610A8CE917F35F2A7E0E7409495D49E361399F93F61293664AAA
S321101B2308AD120E538E41547A8590F45C33169FA4BA9A83A39296478427B67B2BEA
S321101B2324CF5CFDE967F6FC6B7E145FFC2A2210285B7477CBF668A75DA72F76E087
S321101B2340AEA6FC2AA8F8C14173AFA65312D62C313C16A60FF4CBC4E9CFFA809D7B
S321101B235CE372FA44CC279EA6ED3B9665AFED6C4B54909206FFC5E7A68C982B9543
S321101B2378EC059F79942F4F9FEBA8916C62224CDA036F5FF7E68248089A1D2EF9C6
S321101B2394D4CD8EFC7870F352908B9C0544E300280DE63ECEDEA7DF8A0BB73E5656
S321101B23B0DDC5D7C35C73389DE9255589CABC0D04A652EE494352CF65DD29010B73
S321101B23CC4FBD921D5B740EACB539EDD373CEC6F679618A8EB1357FB6D9AB7BEDDC
S321101B23E8E55EE163073FBE5A0953D3C238229E12587F12D4815A1F0FF12170EE92
S321101B24045E4167C7D0A62C10F7C9203174FAD9FA7610A904A599486F768CB6B129
S321101B24207A8B964EC26D9B11068C02AA1D3F87A18EBB8B71C12946737B302B1615
S321101B243C88F4AFF9024D9BB0EDABCC24DAB3CEAB2BC767A08526659C442AF7E716
S321101B2458ACD5372FC25237E6A76D66828871A2C1174D9F2C662317E3FE0205EB25
S321101B2474018233BD66C176C6FF91DEC1392244A177C08F7F4A9769A6E24031FC52
S321101B2490BE83EFE33CCC81A371373FB812807282A5FEACD546AE7027251A27A5E1
S321101B24AC9D9BA7694F588AEEC28035B49A4D512FA679DD9B3344C72172F7F599FD
S321101B24C855DB3751848AB6AD4C846ED88B661065096153C2070AEBD844F3F2089E
S321101B24E4EC7E33C4EBAA728EEF0F9D6E1B761FE0B2DA722ADF513A7BEB6D877CB4
S321101B2500FEFFCD075061515783DD0CBCA3E22D0F9F44265442F5EF3E02EA0D2998
S321101B251CB8363C56141C9BDB356C6112C372E696664C252419A3FF6588808CB820
S321101B2538D2A2D090C1B7376B6EEE35934A7CDDDF4B01B8A8F127735D0BD6DFACC2
S321101B25543E45C2C6D90D0638144BD3C2EEE3740A20F4908FACB1B03F0729DE81BA
S321101B25704C8C93A0EDECF2ABFC722113E43708AFFF57E652D766B2CA97715B4C33
S321101B258C06DAEE1FB3EEEDE4748CAF0BE3C64229C6BC69AA2B31C1CFBE21412E06
S321101B25A85F12159EBDE629910F0F8F74649217BE260AA26F383BF126C670331A2B
S321101B25C4FB1245A7A03A6FE88260E0BAAD6FB865D4785AD39BC0BEB6205351459A
S321101B25E0564B4431BA9161A021C4FEA71848BEAB59F34B572A862E1C8BA55A4C3B
S321101B25FC9E94ABAE9626D579A6E9B8CC45AFB1F899B599BE32FDF934FBFC3183A1
S321101B2618DB46DEB88A395131029E292948A7AC716C654DAEFA564D9834255B0BBB
S321101B263460DD1CCB641B2612B54BAD9A6887F2A750FF4C1EEDCFBBF328EC598699
S321101B265032704216FB5254E08034ACF847BA40A016C780B2C82CD07308E498942B
S321101B266CEE20369B04549D9289247B306CEF3886FB8E8AEC9A0236ADB869B3B246
S321101B2688AB5434AD0B21DEF56B8458289FEF7AB21D98AAA217D5BA0D089CB029CC
S321101B26A438F4B12875F26FB0EEBB4DD006F4D6A4849539DE2649E377BA387B1AA4
S321101B26C0C13AA7CC7C1745975C41546E2D0756AE4A09BFDE016E644E4A38E5A140
S321101B26DC0B61198CBE7EC409F9CCF9FA63193D7232BDF37E2C3C6B85E5D046649D
S321101B26F8508376F2C38B597545D90A8C9A87493BFBEA9DC3101896B444275A5613
S321101B271430290CD40EB0F17917A2E928E797103ED4C6BA53F42CFCF5CAF1C380CB
S321101B273052B34B8EFFF3F0F277A80FDC5EB1A46C266F9277BD24EDCCAEE926D2BA
S321101B274CC9927864DF3B37FBF9F866A1356AAC6A5F938476CC8CBA646E278CA7E6
S321101B276870797802C5837EC45D5571A9622788FEF0CDC7D90A749443FCEC1D7A2B
S321101B27841C01B84A06505BBCB9123B57B904D612C6F8854E734A85126248E66A9B
S321101B27A06D68369269BFC631CDB107AE8DCA83AB97A5D4FAF40BCFE65579FA7E74
S321101B27BCA5579EE39B3AF31D99858A1A6DDBBA869CCC3725CADDC638F83469AF77
S321101B27D87B30AB4CE4C3D9A37DBF6508BD68FC0ADB0D0DE6931BC31B5DC8D8D6E1
S321101B27F490CC62B01E5EB3781C5082093C67378BA64D3FD98A619777F3F5CBC3AD
S321101B281094413C5F63EB13277F56B1EB3ADD5E3EDDEA1821C4C63437E161CEC199
S321101B282CB44FE7413A7683159B1361EFC6972ADA4CB94517C2BCF201F4C6787F0A
S321101B2848935DB2AF3103A4D744D0EE2657C751CBAF87720E121DDB923532EB6ECF
S321101B286404D910B14DE8A9EBF91FC0F894963AF5B0F1F35D5628503CFE010D2F61
S321101B2880DDA53EB7748311AB880680B8BB21D7F1A55957C6DC77B0B6D46DEB0C6B
S321101B289C63C24545ED7B3D59951DC995C1E839F94B591F0635084A0E5034B37A48
S321101B28B80FEA6F88DDEA0E574DF043FE51FEF923B1A563FB40DD5CD3DDC6512FAB
S321101B28D4D77E6F3141CDCA2788091ABCD72DDE7F5C904FFA457D67F2D410538BE9
S321101B28F0E5E8F73D335D0B0741E76EFE087BA535A546B233140B07858161FA713F
S321101B290C3C925157104D97B5795D5730548553C99BD519216AB1715B87ECABB5A9
S321101B2928D61D771212BF98CF9700019A9FDFF5C59FE8F46DEE8610935B7D7DFCF4
S321101B2944C235114903DC1AC4A81D45C6C0CB9703579F0FC38FFB43F8120583A676
S321101B2960D0C488AAEFF1E176F57588168CC14EC58D0DCF82C768E8B775116E42D6
S321101B297C09D3734F39A1D3106E9056BBA97B9A8E342BFC5C04F17AFFAFE7AA6390
S321101B2998CFE42581EADAD24FECE7C804B5A3B1317290D8DD87DF7AF8BA854715B1
S321101B29B477CC9702D5DA15CD6A273D6E2D8100CD68C0FEC4390A91261B4C3AE746
S321101B29D009F16F608A425354BEDF4A94205A90802D1588B21B45D8A8463AC84095
S321101B29EC436FA4ACA527E28A3001CEA192F5FDC406EBBA87E2DAEEC0948ED527C2
S321101B2A082AE9F77DE803BCCEA10783B8692BD4D93E207511A6CC99642BCA536561
S321101B2A2464CAFF50D1002F3CF777E4CD49CB3E3026E782F4E33A35969F0B714A3B
S321101B2A4047E6A20142DFB9061DF00A6E59FF1C8E6B9F09FC4D785C4749CE1BF970
S321101B2A5CC3E39B2F6EAAD625876D795DE055D1571F5206614DB67DBB0C86168642
S321101B2A78FF3C94430AC16DF0BC98BCB961812E18F43EA58A6369B2A36A8DAE6659
S321101B2A94292376AC2F0DBEEB9C638A0386E30FDAD4E5B9E499523A69DE89A9BE12
S321101B2AB0596649B4431F565B3591C44A665C37AAF47CCC84C328D4B73A0DBE5DFB
S321101B2ACC16171FFA544BD1D1056F7F8EAA0DC00DFFBE59AE2D91B79418FF73D505
S321101B2AE8494C509E6170A37C041C2C6D85C2E130F1ADE332CB68BFDFF9C4691261
S321101B2B04D22E6EEBFAEE879BA9B312BAA3EC4C368B414BCF46F4A7B1363BE50C0E
S321101B2B2038633F7F3A9B794615DDF7875F9CD1D1123260AAE0C9A81294AD1FE677
S321101B2B3C249D1477B365A9E1BD2F8E04049BA6D7A77A50366153F94AC9BFE7E2D5
S321101B2B58B8F39308FA59B4A3FF92A235F9B0FA959C13EFC70994685D32CBC736DF
S321101B2B74EED7EA0074384A534F00B8A902B4BE161E5499C832D84D9445733655E1
S321101B2B90EA3A5075F3AA2FE2A0902C2A2694A9650376478F501E5AD48D037427FD
S321101B2BACF3230288B2207F0D2C4582B0E05DE670CD18132711EC01483329EB718B
S321101B2BC8D184FEE6675878863F4F789304FF9386BD85565038998E291304DA4F65
S321101B2BE42A8E560CEA7BD5F753C7B43742CB9353FE4DE9D0764508A88DC789F91C
S321101B2C0026E056B14BBDE1DA73189C08940203D5150143FDA72D7F7443E710259E
S321101B2C1C3344883BA08EB80F59F41AFCC2C73E3C282B0D9D670CA51DA358388EE3
S321101B2C383184EA3AC0278C147C13B600CC2EC3C5C7416ECD4D68F6AE162E930CA9
S321101B2C546AB3991EB366490D155950BCF7B1FC57658BF3B2B993AE566232DD0E17
S321101B2C70FF365C3905606A0CA08AFDBD88761BC96DC6796EA1C3B35F91A7DED135
S321101B2C8C799E8B88EFBC6D1DC577F3B5DE5BB0EFAD4C1E75E831A7C04D7D869CE8
S321101B2CA8B61ADA7B71D6D01DD5F7352AF72EE8A1DD7ACFB0D5F38DAD3A86D4A49D
S321101B2CC468CC5AAD5E1DCC2B10C13F867054B3A65286793489E4517A1A56586F6F
S321101B2CE007C88D5B605E36619309513EFD8804CEF7B357CA9DFDBEA2CFDC263A49
S321101B2CFC144BE48315CD706CC688D1E0DBCEBB27AB65E04E15EF931E7400823361
S321101B2D18C6BBFBD6A90D97743714310C538A3A935A395FFE2DA760D26AD48F83E3
S321101B2D34E4F868183FDDDDDBA767C333EC76B1E48CDFA7BA975EE5B400D2B8241F
S321101B2D502F7E3FA034BBC54CFDD7A2C9463EBA6A540ECEAE1271C3D0BDA4DF1A75
S321101B2D6C4B19FE55F936CE3D49D4245391132EA3B80C3C68AF6FF0E87A034CA257
S321101B2D88198B67EF3A5F74364CAA2E3DC9C997002236367EAD5A460C92B4207FED
S321101B2DA40179C5DB4ED4801B28FAE276285D8F5AD58B23284C057766A87738757E
S321101B2DC031F7B90525847A643EE973EAF0D3B67A5A19B7A0BC964277E56516624B
S321101B2DDC706750BFA54BD0479FAFDFE6B83D32076B4E2BB29234CC497F6E16BA4E
S321101B2DF86D208A4BF6318287A53510AE3AA621910148A26C4F01EEF5753B7B9F7E
S321101B2E142C4C2A9DF44FA211D663E5E445CCC7468BE7932ECC2240C9E2EF5DC9FB
S321101B2E30B35DF6F18308AAAA1CEBF6304351532C397B070F9DA9D884DC7D9418CE
S321101B2E4C8335D9241D6EB8373E2EE5B1F172A6DEA95465E28DCA42F6970D2F88F3
S321101B2E682FC76753044A41D6AA483406C8F221E756D095C5AC361BA5E3CD8D9A21
S321101B2E844A2FFC84A0399DF0C01DB6D91B61948CE551116F3870D0825C2BC6B6E7
S321101B2EA03284EB8BAC3B4C6AD055906E1BCCDA1AC93709395369C3D1F0FDD3616B
S321101B2EBCC827F567D48D8CAD80A7E63C9044219F96349B4FF13E214881C66B12F7
S321101B2ED8E7A77D2FB17C11BF9158CACB40029E2D11EF34799BDEFD6E1B1C14DC33
S321101B2EF49B9728208B2FC2EE9560510991DCF5407A9337704225D86F3B66E6ECE7
S321101B2F10C3E92EE2EB3716205C87F06E7671BEC33D4FABEBFC64D64D0510248257
S321101B2F2C610915371A35FF7FCD3EDC5C81C4EC3E9E7DA2DF39B21CA929AE5B3372
S321101B2F486E7973238237F8327435BD1E3624A6160376C0B6F872736292B2E7B435
S321101B2F64A7D0F717FDB813D2E7FD75342BCB1FF21C37B44C774E2AAEA8E51CBA1A
S321101B2F80F096C3826526230B9EB59D02843184A5E71C4B0D06D677F08D0C492B05
S321101B2F9C6E556260AC7E614D759677AA3C8FC6A8A47AE1E71280728E93A00CE788
S321101B2FB8D63F9D520DAA9A52FEA84A543E9338C367290EDC926732FF0E4E4F3E88
S321101B2FD4AA37DA5C6221D8E27716727407D0A5CEEAB88210341EAD951FF7247F1E
S321101B2FF0D37A900BEF487FDF2BE644732CC86A335DBD8575AE002BA08440666B9C
S321101B300C6CAE1723D95A0BC3012E992FD372F2E34C8AA745144490E7B44E4070CE
S321101B302833D766DCD79358ECB2E1FCE71F15971028F43CC345DA6358246E1F1753
S321101B3044AFD40FB6F4BC0DD680DB5B3B282E1859F85DBBAEEA9724C948BF6AB25D
S321101B30603DC1CD386D8A2ED4CBC2A2B3A0841B613C62352F433EEE33DF83990FF7
S321101B307CFE056D214B81D04EDB45F7FF486D9A5C35128A05603F7F20F003E533AC
S321101B3098ABE56F6517520BA27751374B37A0D3E7A41E1BF8BB7478DBB94B93891F
S321101B30B4E7EB25F264270ECFF725A853284982E140FC8123F81761162FD3E84FF4
S321101B30D014B2549AD8C9E911CCCE831211F0EF1D3BFB35BF1E8BFAFEA57258EC02
S321101B30ECE6EF92AC9977EFD5C505DB197BF0B17FA366C4B817813A123C1B3ED485
S321101B31084B1E97ABFA512A6F2876F0C4D1052C1A71802441E053817E1B68C0347E
S321101B3124DEFAB31FC9D894854D9DEA1929A906127301234AEC3E6CC2E44D94A77E
S321101B31403DF8FFD117CBBA1CA00588000CA632B11D11754EF0BEAB467E47FBACC7
S321101B315C6132C012A374BD074C4E78ACA6B0286A3E83E85D8FA3BF7D84DC6814F0
S321101B31787509860CED6C532912D7CD591E0970CEF84D880EA866D3ACCA705C357E
S321101B3194E1467B05FDFFE32467FE0CB7C85CEB03DA70DF93D950B25EBEA90D128F
S321101B31B0DCF13D64C46F6C5BEED18A92F5E323DB6D0537CE5E09221A0253B8EBA7
S321101B31CCB6D5143E5FC49C5EC6666C650B2AC49CE9D67EFC1C492A56D03FC2B685
S321101B31E8054674ABB295264F38A0D9214B7304538BB5C9174100C1DDB8816F19CD
S321101B3204355F74F92F93189017A5D80F13A922660B9D1FFBB86806BC13F838DD67
S321101B3220AB380FA742BD11956EFE9A9ACEBE5B274C84C73556195D3DFFAAC957D7
S321101B323C71335F64E2DC60B476BCB4B155CA89CDA52411335FE686DD7EACF445E8
S321101B325852542A30D348A46EF6A10CD417B542CDB48982C24B9034549FC7F4FA72
S321101B3274775A40EE35C4D904E351260AA43D9F29E0D3B92DD031E6B4BBA6D72D92
S321101B3290645AB6D86CC2CC5381D1118739DE1DBE0D7A51533321A03E628974CDF3
S321101B32AC3F9F24DDE18E06A2B4ED9E84B2BD5D900E1018153E63C76362F992D5E8
S321101B32C8A4DDA15F51C392B1B7F0223BB878A3CE9D219E5AC25740048B5889BB02
S321101B32E43DDB7836C859BD1CB380AA7B125259EB9E3909F384D6228745701CC076
S321101B33004578D51231CD4E65375078861EC2D2323AC53A9BE1A748EDC9A58D7BBB
S321101B331C6919BB60241D8BDB48C997272A0AD69CF71B28C351F670CDAD4F2DB948
S321101B3338BC6054C37439837448754DE54B40FDEA1EF5E54486B268B234472740A0
S321101B3354F0C2C765078C3FC7E435D1864D21336E99C8B8D350FA3F4C28AB857F9E
S321101B3370D029F2ADFFA55188035C3FDFE881247ADCB2802C85EC016CC50BA0FBF4
S321101B338C4E6A444D135F0C1FEEA50BEB8028BB75A01842A1553391F9103FAD48BC
S321101B33A8395CF6465B841E2DB99811353826CB46FC60DA8895A0EB33C7FC19A842
S321101B33C494421FAD17120E7BDFE2693D81BC8EE0A799C514FA995780124D39D16A
S321101B33E05FA9948587CD0E6831F433EC3307A357CAD206B4B4CF30C6CFC2B41F0A
S321101B33FC7A4B355287AAE2313F44A15454976D9B93A469A77E6CDB5D9658C2BDB3
S321101B341878B9B63E5CDB16DB720CEC4DE1D23DC29A22C32B14C08D8BA016C4564B
S321101B34349CF54B3965EE67A17CF5B3F2E518BE8367F81B2964032B8D4D233DFF19
S321101B3450CC1363C31352AE49CC14B38FDF9F836C8A953D119A8F3176B6D41C7BE1
S321101B346C7B5C72F3222A48EDB941E40F1B61435E8D830787C445AA508D79F5664A
S321101B3488FBACD7697156950E9278F069F88FFF73699E073884AE6F882735F49EED
S321101B34A489CF45CF9829F68EA9846F1394AED1C07C2865420DFF24621E26FC5635
S321101B34C07524CFCCC2367EDFB905D824DA8FCAA6BBBF0C26D7987EB65DC25C9E3B
S321101B34DC73F34CA34EA49A12814656D09CDA030E8266A7492B4C9B5321F585A0C4
S321101B34F87472253108ADD7CBB1853E62DFF5760D73D99825E063540D40DEBCDB65
S321101B351416A95F1F601AE4DA16A7D6B2EB3794E7A2011E18EB5F144DB0CB8C3157
S321101B35301456B0D7E8EB53A472A0BD897A29872AF6B3270175EF3373B585F4FBE3
S321101B354C70F50003043D79567646EA9BAA6BEE9E33BD2E9E30E59FE7EDCC29D0CF
S321101B356877CFACBC1F99C98009AB442EF1EB7926CBA697AC17497C2FDAEB73DBF4
S321101B3584F73F067DD526D580489928701F163F566C47D4C43FF39C62DB154B8078
S321101B35A0A9785024311147DD5CD0A08D4A7F8A56537BC72026B265FA40F13DAFD8
S321101B35BC6CB228218DBD50375C7996E9B8D6485543D68ED2A15AC718B1421CBFEA
S321101B35D8355F6979E781BFC021B28F3D76E7E6C905770A6FCA405AE348F8F9EC3D
S321101B35F459420505F75F2568EE322A3CADF878FD8F3DAEEF30505ECCACB4679EEA
S321101B36107F53E72A929E798CD30D026894DAA9595B344EB8EAD808038453DDFA8B
S321101B362C298DC7F72D47D808817825E56D88B1927F65E4F81DD346BA06A98CB8AB
S321101B3648A4214355E6F850354B6DC24D23F4076D2A5418F8CD2CDE9DB84C3ECA15
S321101B3664BF1B79449786E549466874F4F96DA3333CEA3103A305CBCA7E6B373BF3
S321101B368064C26C031EED4E4CF34FE3D89D13E448464CA7E221C6E74DAC35476C20
S321101B369CBF6708F68398B3C6B0A152F4F61367658176F935D2CB90DC1A7B22E5F3
S321101B36B82644AC85C6415B1963E67A76392DB90D1F4F1B34C0559646F0D227783B
S321101B36D4A5271908407B9BE953B213E15C9858615FFA22393757EEBBE934F824B3
S321101B36F0C77E84DC8C41E295E05A9F89806F8931543252F6CB210C8B5CFBD974A4
S321101B370CC8914BDF3FDB2957BB9EA21CC6DD042D053815B124A9F15224B73287C1
S321101B372828E1D9E583E376DD8B71D27B1E0B0223F4B3C5B0127F87B45948DF6A6B
S321101B37444FC2CFE48D9F56F65559C4E6820F9BED9F49E5604EE21F0E77EFB91EC4
S321101B376072B38415BC1D92B77DD0506BDF0DC626C71DCFE278F27FBF6AFDB8817F
S321101B377C3DF48E790C60313B5EDA67DE47CF9480F80320D26564C66E599BA87350
S321101B3798A0D3F3FBA694E7EA30E08833223951AD1AF5237E340451C19333B84D8F
S321101B37B46B1B2AB556F1ABA6380E7A4FE64413A13F494797B90FF8CD075C00FC8C
S321101B37D0B0AC688E31BBDE426FB292EA8FE9799DE3B8F14E7ED2B378FF3D2980E9
S321101B37ECC17C43AC282EB1AD70B7AE647D580F83024F92E0AE2329027C55938A63
S321101B3808E600A53DBFE43C8C938B10ED34EE5FB28DEC1244B39B806372AEAEBF65
S321101B3824F45110A8B2F624F4E57C61236277E615901E92B911D19F07AD812446C8
S321101B38407D0A400F2B38F3EFCF7F39320C5FDEE7FD72107685765D919A34FBB0E0
S321101B385C8FE49A1D4BF089243EA9D3E4025263CE70CAE9928E9C71A2EDADC9781D
S321101B3878364F7EA1BE33FCE41295154DB77AF7642AE21954994CB5D52B34C37A75
S321101B38943E03B5F7E54B62744333B03017BDB03FEB0A54028872EA620F2E2DE4FC
S321101B38B09CDA5D1E79159C6FDC818066D2E9FCAE1667DB3EDDB88A3EB2D96009B2
S321101B38CC616BD2390677616C49EDA20F9937F587C552049DCC76FE09020FA2297E
S321101B38E84FC3E8F305C4184D953F69B805E3E2627A2608328C8667C8436F948A6C
S321101B3904563A1281573541D4038128DAD0D203B544A7D3D72CCD4A94E010949A48
S321101B392040D9BABC651DF51AEFE771EEAD1FF7CF1AE6242DA0ED606FB5D1A18916
S321101B393CE2BB074452B2D2FA2AF6BD05E075D78A038B2BD28B9B313DD11B535937
S321101B3958FBDFDB35560B5830EEA78F92B55E08380308CE351813EB0798327611CA
S321101B3974110729F0A9ECA31301F821E97E6F933F77B1195ACD3645E8A3B3FD9C0E
S321101B39905023F3A39B4942BAA13475F2155CC52E738D95AC6639D1262CE707432D
S321101B39ACA64AD20489A25C5A07E75D6AAD0CCA8840D995755F76CBFA35B31803A7
S321101B39C8CB34312A0992A9E9A8920E997A15BA32578FB1C29310FFEF339747EBE9
S321101B39E40EED87C8C517B3F345D1DFBE4AED9BDF4841270CF337A428F9542E2A0F
S321101B3A0068136200BCFF0AFEFD5E380594C0F532460FAF6A2D38BEC304A5BE4CBF
S321101B3A1CB1DADD1DE9EC0AEB8CE879C450756DA706781463675A38CE09E415F4D2
S321101B3A38383E7FD557415405E437EF89B8CD02D137A6685496E28BB6456B821BFC
S321101B3A54EC86207DD1D66D5757CE3A0CD7FA063FFCC335A692E2F7DF758B4FD522
S321101B3A7085B8744550879BA9BFD97E12EF6D1263419C002A3071F9C8C6871D73B9
S321101B3A8C36EFC4174A09D51B88DC2B005F6A97AC6C8A50A38130377C27980A8B6E
S321101B3AA8DF1F9CC2F3991F4EBB31600A8F1A1107B8E495849E87ED31DDDBDDE9EF
S321101B3AC46C2D950FE98F1B20C08C82E8089F24EA57D016C6AB612515D6707E88C5
S321101B3AE03E3D0B77E62B60237D981E69D235140E341412BE0DE38309A42751B9DA
S321101B3AFCDA3E449ECE0862729FB2E6D6F763442A4DDF1ADCE5E8926C4D30F11099
S321101B3B1874A26B548B66564950EFFD22EE477CFE7F8CA2847CBB0094E22C2FAE07
S321101B3B3498F96C284AC1788D8E12B291DE81F9A2E3AC538D6373F2065A844BC10B
S321101B3B50EF5D16DCB527FBE73C7913E121EF83356795A223DE7EE61AC4B3D90F3F
S321101B3B6C3A376ABA561B77DD0B452081296849DA0364DC8901F150C8678050629E
S321101B3B88C28741067116AF4AD67F545F91220209BFB46A7E1F34C1A9DB021269AA
S321101B3BA4046D33357D0A2631FF81FF07B6DE2AC7C12664CFF364FECAEC33FBC3FC
S321101B3BC0904E419A0E0F12BDE3763B8E3C40CB537044ED9ABAB50F67FED9CA1B7B
S321101B3BDCC05D3C4EFEF21D988F0EC5E66F5D9970D8AC2FF3767FDA06CFC23EC029
S321101B3BF89CA81C9161D0655649CC37EC83F0BA56377D307E1B9AC75F66E2B47639
S321101B3C14872DC61A26B7B2B5DD2D880EE30245F50A487211614BD3B14253D665F7
S321101B3C307A791C8FC1756718789277B903BE07F9F8905A9062330A9313DFC5CBD3
S321101B3C4C80AD7F6961EB86D767B6E370438C6347A548B23D99B9796741CF7A6686
S321101B3C688873783803B3C8779BE09C2007BAC11390F28CBCDA905071882BE28D8C
S321101B3C8436C7435FE97CB27356F5C536F22C19192ACB757A9760F7C853FBE20D5D
S321101B3CA01B347F58C070EA0F49CF53BA26B32C85C856602BE1ABA2EBBAD8AACA11
S321101B3CBCA7791F2D63B6E8A32D895457DE29DC4BB9B0A326905AA535041A1CF4F8
S321101B3CD8A34F54B7F203089AD52E37C0B50D4BA02CB0BEDD592FA80EEE15509DBF
S321101B3CF4AD957CA5FDC45F70FCAA7B528DA2EF5D0E10A6AAA8A88CF31455D6CB5B
S321101B3D1073BBFC12131658C32952013386A1E7B7120CA8624853E1447B98B19C2A
S321101B3D2C0CA360DCE8FA3FB32C47CF67A1BBECF4862163850E9FCBA980C75564F6
S321101B3D48D412E8BD68E95F1DB699240CC241B30AD17109AB4E3870FAE899A22B63
S321101B3D645ECA291D01ADBFBAD476075EC24540A149A5A787D0801CD7A241669CA2
S321101B3D808C1D7933DF905693B9156F7A1137D7A8BF04CD1AD6971921665D823EF7
S321101B3D9CB73C09E8993546E7ED9DD1EF41B573CDC65FCE278AF5FDC7E289A51EF0
S321101B3DB8297D31FCE28A4E857A7499B629A4680FA9702566B88E9F0023E83081E6
S321101B3DD4FB1D27BAC5213944C954FCCECBC10428CDCA599E67AAE3E9E5EEA9E1DF
S321101B3DF092C034C291754F4F5EBABE6467B7DCB562CB53BCECDFE17DFF32445384
S321101B3E0C9C13152D750D66A9613CDD63EAA4E4CDE78982E2E471C59FE51AD25B12
S321101B3E28CF45F7B18DD215166EB52BABC3DC66A83A2037C5B905B82E9D3B2F93CD
S321101B3E44E362CDE39793324621CF04C6C658A021C9F783BB67D72D1B2E9A95F828
S321101B3E60180AA46E9A08B83ED57BAC996DBCD872F271A6880D9DE62AB69F6D5FD5
S321101B3E7C3D76A7158770047BBAB6D8056779FCB20B9F12B483B59A9B9714E8B613
S321101B3E98530048E3E69A142989E57F20DBE4C31D3D1DF7BA3528E68B6D3FB10BB5
S321101B3EB4E414BAD27E8FA266EFDD329EE3DBAA69E52FA19B84B0FFF2D91FAC01A1
S321101B3ED071C5A337B00788745EC07203EFF7A4EDFC6B758A9609C9E994D3E76D66
S321101B3EEC02F57BF3BAA8E50C1E4C7909C8B9A54FB8532E9C0E98EF327BA0911F09
S321101B3F087BE86094FCF406FF8F6116EBDC3A28543690F075130A860014F9588FDB
S321101B3F242F3A9F98213B93DB25870CB1A3BCF59709F52B4008AC5369FF7DF588C0
S321101B3F4071FA649F7E8370D2DF88C65454E9253A1C430FDDD4A6CA8AD0E72E8EDA
S321101B3F5C224FFF34B1656A7E2DD5E936A8CA71306B6EAD2BE49B23D169E192CE74
S321101B3F7895F156C62964138FC1424322BB052AB96DA823D765F133F8E88D8B0F81
S321101B3F94A5D84C409D2FA7BD5F22F75BD4ABD0C66D3574BB2CD1BCAE62235CBBEB
S321101B3FB00BE481B3C34F052FC09A60FF33A2735B12B640D3BE50DDAE66BD819651
S321101B3FCCFF5AB187E10945B5250FBE6DFE5DA7BAB4B72B1AF865F753DCF52F754C
S321101B3FE8865DE54B64069E58B29995F0C682C95D2C9843B229CAAE4A949B74FF95
S321101B400427F2D2E3B5478F46FA42C0A0AEADE4C3488B26B47748910F9C49104AE7
S321101B4020D5BC6B9ECB9DA1AC9B0CEDDF95ADCE8C730D4BB680092E40CAB14B2493
S321101B403C0316218AB06F0E55830AC6C7653A34C419BF4D11CED8DA8D63D7208B18
S321101B40582BF632F301F51A02EC779A3C780148241933F83009A04489A02E259A2E
S321101B407444BDC6512167B1835D1E99F10FC8A6D1BB115D995A49AF95F92B936018
S321101B40900A5AF2937FFDC9253ECFEB65713F0BC4BFA4611B9F425A6D45A412B181
S321101B40AC8211010866153AB4264AD7C0CAF1F0598FB3B7D8BBDD7FFAC44FBA2EDA
S321101B40C8A51B0734FA574B204A20FB088BDC92F397390DB58AE26625604BEC9FDC
S321101B40E419F9499354E48FA7E3442119982C3C50596CC7E9871A09FB33D14B8990
S321101B4100CC49B37C7A77151C842C64407C3C057CA1FB5DD29D6BA172D19354B829
S321101B411C423FB0D14D08B8F47204758F3CA23AC86E2AB2A6DCA1F2FB7554C30112
S321101B4138AA0451DF0BC31DD607690E7FEAAC7E4D0C2F0ECCE3C22F633B1DF4CBDA
S321101B4154A49B49526E58FD97A1C88DDFC407CCA0DEAB38759284F1171CE873F41F
S321101B41704434B9720E8F98050A60E7E92CF7030652A6CB407781683544CD567050
S321101B418C9343440737921DA93BD3F212EC21D8A67BD8140D6FDD05F3B35D8565E7
S321101B41A863768A185FD258C2FBD40C36F873419816F88B6CC264B4101FD571B8A3
S321101B41C46FBD1C26A39233059C9BB5F1BC0548B3ADA3A482A21AA56322D537B022
S321101B41E00D28E0E2B18BFD72C1D44FED3D6EF176CCC593C50BBF14D1C847CC5E3C
S321101B41FC885938B7F3F237269BA5E68FB26675D066F93F3AAA9427960817577990
S321101B421843F21F5605EB5DB8316636ED9D2BB84678DD3D054BEF7941941DBA7DB7
S321101B4234A69C433A5D20951DF2E4F61313220675803590FC25DB1F477BE371D07A
S321101B42502E72E8E0ACD1EE6FC3E3DFEEC9446AE4CE956D7ADB89356BED47191264
S321101B426C386F89E57E7EE95D8122B731D49E0F33C6DE3AB63AEFE433DF9680F8AE
S321101B428854B31436E9E6618552D3218C30455C82C323D255A52BB9B1B260B53C74
S321101B42A4B49CC031F0DC980442125EBC18E68783EAE9EF0ECF83363A44A6F1B28F
S321101B42C04F7E3E27CB7B0522468DF5FD5A4629BAC9C28242C150FBBB75E1281D19
S321101B42DC8BC6B9416B4E551534994676398EF9341C8BD59FC032206F8DF63D57F7
S321101B42F818B93F5EA057D103C09AD0908E82DC48E3697B3BE85B072D3DF926106D
S321101B431487DBD0A23179DC51928585F0584729BAA297539596460AAACEEFF265DE
S321101B433004E6C7090FCC70DE7EB8A9053F8A3ABB1DD76340585FEA4E2865164F43
S321101B434C522C06402D76A92AD4F89C0C3213C973BFC2D4CC0BB62D4FD1F1DDBF39
S321101B43685A89F0FBE4447571B94F0F2CE8F935AB3E73A61608496319B9798540F7
S321101B43849FF69DDDFD38819FC09704357AC7CD85E81948FBA2ED478B61ACD6B825
S321101B43A05CBED03A04E674346C9F57CD22BA49A9BEE6F1743F03E035FEA911E91C
S321101B43BCEEB0FCE2C8CD3EADFB7925CE800241960E919E691C59B98449CC377DD7
S321101B43D8282624707F1AB606D13193B691443E33A135A979BD360B6521C22E174D
S321101B43F4E1C086F6308097B6B85642A4F36CA58AEF6727A3DEA078C306CF9B2C6B
S321101B441034E80C2726752474FF36222AD22C1EDE4898191635EA6A23E34EB2A123
S321101B442C99E941048C162C63566092F900B9A29E8CF8BA8D92DE18C7E0F5F9B178
S321101B44485C70418743C8297B6664FD774083A7C5004281379B7AB86E3210895F18
S321101B446406016A2F0FB238B08E40799FC02E9E58E74E55E1BD11182DB2DABC240E
S321101B44808856B8CEA739D3452F9BD66D98913E8624FE2D97BD6008547CC578651C
S321101B449CE5BA9B66D7899A31840212DF09D09724A024AE400308E19CCF3B044D68
S321101B44B8E95D48505A4FE3C6E5378AF6C86CA4481239D84EE59110C75F73261203
S321101B44D41138EA608D539AFCA35AD912E211F68114B664B184E85B6F3018E703F9
S321101B44F00100DEFD868F4A8E77934D799B7814B21A806D09A8C38D911972D6F81B
S321101B450CD70F29E5C211BC3350600265A8CAAD83AA4E9169692758338633C089E4
S321101B4528406E35C30EF17AEA86D7698A09E874E23FB825D948DB0ACEE9755F5F9A
S321101B45441AE20CAD308483DBF0EA65E129938B359B5652500662CB51E8EBFACE15
S321101B45607E0915F2D606D9B6D227B4FF8BF66F3DE1DE5780DA07D12E636C6DF793
S321101B457C11AE5E5A6F74FBCBFDB2FF27091C35B477D70AC76130F59F833B848FDA
S321101B4598B36B0DCA5B3566A21E1E72E9A047E4B41D7760D246B77193BA3102443B
S321101B45B410175CE0D73BE7D7EE980FC5DC8DACBD01064BBF506DEBF4C5B9ABE99C
S321101B45D0CFB31A650F58064B071621E2E39796AE88A0575AED7CD2F79EBA1A0684
S321101B45EC7B6BDD738CDA5E12548BD1D63A164C787974EE117A25FDC329D3240D64
S321101B46085C121CD7726EF44EDCBA4181A6726C9BD3C714347A68FA56815846BE7A
S321101B462475B23561FA2B52FB2AE06F62D57CDE51EA922EC4F8F69024618EC87F79
S321101B4640E43A7D1382FA8FD532A5A6579C04820EB8497024657BA3FEE216E2F9B2
S321101B465C8D8D0B135BC708C7BDB6DAECE13F6723D74F5AFF1E77E4E578C680F476
S321101B467855E6E0C133064FAF4EE62CA142BC0932EF2FAA5517F4B6F5205FFBF16A
S321101B46941C6A3D139D5B52AB785894E4814719E0417A9E3B037FA0BECDCECC37F3
S321101B46B06E4CC6A445BBA5BB77AA5B8020C2C17424CC359E506F1B3121561C279E
S321101B46CCCE9633023187B58C36592D9DE51F632ACF3C708AE320F99DE482AC8FE6
S321101B46E8AC4FD4ACA9BD71C70719CEA92C09981D5FA72D95FDF7D565145CB28350
S321101B4704966A7954EB6F2D8CA940F24A6579EBF2D1BDE1FB1890395EB559AB0F37
S321101B4720BA7808DCEB9F6DF792D3822B47BDE834CBB91E5BFF6CE47B155DF9BD27
S321101B473C2D3FBA5F37741BDFF027C3860CC77A35E09BD3B81276084AA8A42EF6D4
S321101B4758DC05511489DE86694DE441A7DB229AA7E31945878F7B085584481F5CAB
S321101B47745B75EF376657F7B2D248DAE193CEB9E614EE2675C4212BA382400BC4E6
S321101B479081929B75BE492D96D625C95D10A8B1B054825B9AF029E778C28D1D19ED
S321101B47ACBB0BC2117F5DAE2EC05381110C2FC822B6B860DAE24206ACE003C27111
S321101B47C86E780D4122154B02E87F9FF44F3A4E160E41D3BB4F0EABF67DEA393F4B
S321101B47E4BFDF20B0B0ABF9BFF26743251ED4B84253D7E63EA92C9024FD61F1DA5A
S321101B48004CCF81BDD02B329FB62E5F382ED5A5B83BAA8CC4449087FBF44514F2A1
S321101B481CDF64070A995E1F0D8D8F0DB589F4677194345BB6CB9BBD411D17F4AB95
S321101B4838C5DD696DB44C5246E647DC534AAAD360C373C2B2A85F82057938ECA625
S321101B4854BF4C95808A6AFA5600936DE19A6F65F075EA841D179FE1B97CB22DCDFC
S321101B4870CCB6D3304CBBB64F0349EE327EF2D160BE8C9D9D897F64A3A4352AA324
S321101B488CA75DF3891B20F0A5443A677F065B6AFD5979F2088270805A0670289B92
S321101B48A8D9C1DE8E9CC8B6F3DAD2A94D6DA2B48B151B4865ECECE4B45ACCF16BF1
S321101B48C496DD1AC36319B31F942A3B0621C1210FE1A236CC037F5B5FE7916D3F13
S321101B48E02FE1AAB83AAD8C26DD2AFB8C922EEB7E6C975DDFB5F586DFC8B38C2D47
S321101B48FC5E73FE6FDE020DCE3BD4DD8D7F4089906B3E525AE6AD7C87614ACAB90C
S321101B4918385B0705E0B8FD32F44B8592D0D1A2C59CEF51EB4698531B38055D3AA7
S321101B4934C4D5655B3877E25C8683C11189A368C8C4A1D3FE75C37CB969E9C9BD3E
S321101B4950DD9D0D6959AC3E330154316610810FAC63626D9D8991CB176245415871
S321101B496C6776C71B3D74C58E7DBD5D09F75E60081C0CFB34F363213C688A6EE292
S321101B498813D9970D8626184B9E7346E58CD0B585202C0BB81AE7068769B21DF7A5
S321101B49A4F0DE09BDCDD23384182D010469A912F4707B2A83D2647FACF1FD7FFA1A
S321101B49C067B765BCF12924965F56716A788425677983808D83F336BCCBF877FBD9
S321101B49DC896E88DA5AAE1F6F6FB9D7CC8EA85B959E87556AD095B1073F10D73057
S321101B49F8393E9F9766C003B9956A99D98F2D7B2A7DBF3CBE1E6F1FCCFE3FFA909C
S321101B4A141D1D1F64F9848B75921149377FA1109395D56768324AD145E9700842C7
S321101B4A30D6F745113B9C98DFF6AA72EE4FF4E47472A9B74C3977C1E2AD38FAB528
S321101B4A4CFC8AF48C0414F757F6E381BAD3C6905C6696F1AB46E613878EB5A55A78
S321101B4A685483DAF9343ED50348430639A540F5F3AC125D3E70BD36AFAA3199C5D2
S321101B4A8402E1B32D957DA14A17945EB9AEDEB044D8A8F70F1AF2D2D5D503752E2F
S321101B4AA087DF3C8F7C3C694511BEF27644EC3EAAB2E2407D0B06ED62E7B62088ED
S321101B4ABC23924E4715C908530B7D3958B97C0194C8903B0522F5D93D443FEB8391
S321101B4AD895F2FB01120DD27E90918F7DECF2D9806D7623127C4E20C5EAD1DAEAF5
S321101B4AF4905198B16A618E51062721908D84EC7FCA130FB1E96E3C7C939F35BF75
S321101B4B10803D97AD63AE1082A0DB28CFD97B259A15CBFD7108FF82F4399AB604D7
S321101B4B2C4A7EA476EE82BBA445510A3E206B82E6F351D6960B136DD987B59321B6
S321101B4B488E1474A692535D726D1C58A4AAB094564FF67DF289CDFDC38E43BAE7AB
S321101B4B64E0577FFA3689873AA369ACCA1B07A46DC6095329FB682BE2D328336FC7
S321101B4B80E7EC5E97A0CC3FC3E2C51DF168F23CBB83ACC956346F5294AB55931032
S321101B4B9C6A42F945483F0C36D91151CBA0F13675455C11E66EBD090F7307DE158F
S321101B4BB87F28816784E498224965B3CF65C682DF5A9737ACE99E34104E50089C62
S321101B4BD409B64FAF53FFFAB55200FBF620BB51FD5BED233CDD3F1654C4EB27F770
S321101B4BF0B9F31C029E2F057AA5BE57645CF23136D024B6FFFA0E7E16A3E9655405
S321101B4C0C1A83C134FFBB9CF3F6E1F3EAEBABFD171E6924093CC19CDD87660FCC30
S321101B4C28773C3E6035E726E313EF1A8370A136AC5745636D82B92149200F34A81B
S321101B4C44DDB0EBBEC008573C6A52335ED542D8EF52EEDF9B7F0E43DBB3E0272B1D
S321101B4C60410E43825721EA3C34FE2ECBA70A26BD05E77967D74450053BE59A554B
S321101B4C7CE99806A78FF6024BA0636F4AADEA610227A088C1ABF6786ACDA5984C4C
S321101B4C9835B5A9BD47DA6611BB3BFC4F2F4CCAEB9119A2DF9C6022D14DC0680FD8
S321101B4CB467FC7AB3DFEA955225B6782B6E56D68D967DD513FD444672BBCC65816D
S321101B4CD0F90A8A338DBAA130BF9C4C537E29C595B76C3741232915571B5DFAB54A
S321101B4CECE2CA9717241A8C94AE6C5AD0EC1E6277348B411345363D42E4BB529FFF
S321101B4D086806DA01C755B5F4A3F0D792C7801973C79A76084ED52508F7FBFD2B38
S321101B4D2469354EAF87CD360FEAF8C256FA12B2F130F20D114A47EACF4B85618E1C
S321101B4D40A52D1F54A2C18322C48189DE38C6D1A1F9B93E3F6FFC0ABA5B85109DD2
S321101B4D5C7E0C484F325417D3063A903240164AA15D09D4E043E9B52A987A69C0D6
S321101B4D786FBC779BBFBEDA64EB6488DE95781D146F25BE9F678FCC1EA93333FA29
S321101B4D94451B556D60D0A32D404AF39DFE8262941C47D4DE734580E24659EB5C0B
S321101B4DB053DEC16DCFB3346E6684917180A1BE17333A974AE9E4C915547688CD39
S321101B4DCC8A7AA16A1B002EB5A44F177E8340FDFDEC735515BF78240A22E97EB0E1
S321101B4DE8635399030B74DA51187934D7BADF511EBAD7FC729A9822994821CC9C21
S321101B4E04C72A5EAD903B274057833C0894BC6C7B40C5F3F374FAE5D4BF5D2D1E65
S321101B4E204144BF22CC6A3513D284CC5C66757942E67A05A4BB5915CAC3B59A44FB
S321101B4E3C65894107949FD81E9F8A178822A857E8F5D6B95AE32A08C08520E207B8
S321101B4E588957F59D96C2234B4F8DFE4A95E838FEBC2555EACCB423A138C559F252
S321101B4E74E8F484440D48AB1A258ADC66DD96A37DBC9FCE2B88736D5023FBD6BCF3
S321101B4E900E0CA963716F7CDFF8FE91A94181E012A040B3412688597C77F320604F
S321101B4EAC1744BFE474958A5B3F61F633FCBFDE2C0D6DBDD4B8737DA0EF7F051762
S321101B4EC871D5CA87D53B19CC2A9828200EBC3495A484403C26681B79FD2D03F48D
S321101B4EE4E402C5A5A721D167B945B4A4948343C25BDB5B074C77228DB7813596B2
S321101B4F0034351F6BD6BD0EA2EF6643CB33DCA67E431930E1CE3185779DD25A0265
S321101B4F1CFCAC757DCCACF896B7942EFC6D43B890E504B7B475845C1AE3EB5BA6A9
S321101B4F38CFE925612ABA87A6F404A3E09F572C5B88A8E1F46AE5329E06CD14F1E9
S321101B4F540E3E1C5D1FF700794F4F20861E6626F90ACCE2E5103D5E50581C09D9E7
S321101B4F7070AAF48DE94B2C9EC3D349CF92C81B9F061B90AE8DFD731550C2F1EC39
S321101B4F8C98EE85E6191EBD64664F139EC510A47F5B2209782672AAE700AA39AD7A
S321101B4FA8A8AD9AFBDAA9E1BE5E2B75703213E91DF4E7AAA96F1DE471FEFF664A3B
S321101B4FC4E8694C5C68DF3C143D449F946898DBA1B7F0C1A1D621C27E01FA7DF434
S321101B4FE07EA1073ECCF67D58836B1F0FC7F807C5608B2E84BD25F08C64D20110A0
S321101B4FFC1A78107006EBA483628320C046F37DBF71BEF7E2DBEF94E07AA5E67D3C
S321101B50189CE752E5F8773D5B05F8507FADBF582CA6484383F60C40DE15B0CD92D6
S321101B50349930B1D9EC3951FD93ECCE090A2FEB502C766916249DF147ABE5C4B27F
S321101B50507E144B8191EEF031AE739B30FD6EC644F7988636B127BD536D86857297
S321101B506C317966682F3848CC7939CDC957679EACFA360C5081D64D468A080C5050
S321101B5088D608F81CE8C0D4C5DD7AC4359D000EF4FEA5F92D0CF3BF0A2C9288DA08
S321101B50A4ED9236BC04230E8D1A0377D7B0E2DC591BFDD9E0F8F7CD01AEDFEAED68
S321101B50C04DBE1698459EA1B4B0D7ADE36FFBE9E64932CBEEC964533D45F7F442FF
S321101B50DCC64F1B7A98AC8002C38B9E1B6C1E9631D1A5C3663AA99434CCFC4672F5
S321101B50F867EE74B7A827A9A1C2E2CF12389C997F68A1D85402CC4C01EEC8BD7C22
S321101B51140AA16BA6E6874A8D5C56CBF660509B6F1321C363305854B61CFD777B2A
S321101B51304320E4AA870516DDC38AD19788C0B3CBD81E1F1216136D27227DE5C619
S321101B514C893674D217743BFC3CF68A1B6A74400A7D070585B10F632C52D07FC48E
S321101B5168A15376405660689C23537CE12AFEFDEC7B475EFC7430F46332710A5995
S321101B5184414DAF58BE6FE2E7101E8A10D6092D955F45E57207AB4928B8F69F057A
S321101B51A0E9E3AAA0590DE73ABA2CC117082085BC2595CA99DE9A9D2AA9D978A404
S321101B51BCD74243407BE17704A6BDD897072E876BC861223AE45AE5D8A9146CC4CD
S321101B51D88B8E716BA4129BD8D4D5381F74F7BE38FEFF961106E13AA83E7D0B4395
S321101B51F48CA702C7116FCED0C6D963382C8C725A8F59801EAE59E24016B6F2E643
S321101B52108349575A46445770587E2A611D27AF06E9CBC9ED6BAF3939A0B21F536F
S321101B522C92C9AD9EC592392F4792B83B1FBEA166B824F6851CA5AE1A6B730BF562
S321101B52483AC731F7EE6FFC9E309F31AFDC9573B543B0C4BDF9DFE01BBB14F7A8FC
S321101B5264FB440038221186B927EF4C768818B6C5E070C0696E8B651092017236FF
S321101B5280E0387D9A8A0ECD177C8FE1B88AFF402B6ECB25D750A856A488D9BF0D4A
S321101B529CD07043C30CE7E511F1AFD74F5B761E036409A4986906560D2B70EFF6E3
S321101B52B82641BCEAA697E48D831C648345173A2564D6DD7EFAC193FC452B8730A7
S321101B52D4407E2C93BB90D522BA8CEFF2D4FE2EE71D1EB10CAA0D86B08E833F4C3F
S321101B52F051372B2BE17A591F1B232A3D9B6E5C945D67685E9E0CD3133375024618
S321101B530CF6DDDA278391FA02E0CB2CA1E1678C5160645492496C93341D83368255
S321101B5328F7C203F1D3059B7C70FEA9CA03C306A61DE0205D6FA8F8403A24B60E5E
S321101B534455E4DEE7D534A13CAAD771522C3A2A36A101FEC5838741A59D94E2B313
S321101B5360D5D435E67C948CCF6FB0D355278C8AC5EB132D5544B0960DBE81550ECF
S321101B537C1A035D63943B3E668988D8708E97D3E9CE0D97BF257C0E803EE6420A8A
S321101B539868C9B1AC3140D78FB649F2B4DF7D203310B489274E257BF1E4364CF165
S321101B53B48BEA54786E000700613AE59268131A0CE6DB3665CC6207B9690C6FC74E
S321101B53D037EC50460A26088204949E0A62EB8043071ED2E3A2CE3E139C791B7191
S321101B53EC59F791867A54009AF30A9AA425EE6BD4BB6187A31E55F62AED1E06C16D
S321101B54085C3A912EF7F6BD7D575B3BC1586E0CDF19BD1B60F46E39B6144A6BBA57
S321101B542410E22CBAAF4DB8463B746492504FFEB4F804DF78683474B1F528039AA5
S321101B5440D34B9D72CB89C805407C292B190C9B60AA37C4F83E8E7A596DC06FC306
S321101B545C0C81FB6ADCAFE0412055197836432079737C12A3DD19156447D7991C67
S321101B54786C969949C000BA8D30CA1E6EBE2026761575E75F7956A6F86017A5FCA7
S321101B5494B357945A3B172BEAE8F07F10524F99D06AC7ADBF1395F8D961070DBAB6
S321101B54B05909EB62263D0A6A71DDEBDDDA89330AB5B6974FEFF24D2D1C3AB74B6F
S321101B54CC6A8424A361F4EA300AD4DCE6B889DF9D7711D25E6C4A1EB74E3C0283C0
S321101B54E8CAD09CD7AFB1CFCCC0EFE82F19787BFF017DC8C194C0E0E22E3D1C1DDD
S321101B5504253220BC9B161FD6B389B63C412179898EA18761BED6EEBF989165AE5B
S321101B5520A10A3AD5017C8FEE0DE82C06A83F74856EDA3932CF75E67B45B4727C44
S321101B553CC60AB938B1BC858292F7A8EDE80FB0AD85ECCAE697CEF771BFE5529BFC
S321101B55581DB6C1A34E1B3E5F231BCE91DFEBC473174FCC2EF857AD395122F337F9
S321101B55743026172919F11EB426E8046E1F4809CF1C921CE34C82F59E0E9D93C0AD
S321101B55900D24908321D48FB421E06939774128389977108D5106A707E11F11C60E
S321101B55ACA6555A03F9FD56534C98A5C15B83A4EDE7CC52BEA5C8629446D499F336
S321101B55C84D4D24DA2A1787D2D5786DD30A978F123CAC2BD4009F32FD41EDED7C49
S321101B55E4F7BFEBA43189843A1029A0AE44B6F2ABD7881DADE7D1BAF018BF84BBFE
S321101B5600FE205F9D8F0D5A0500FAE43FDE5336C198A459F8A19404EC544512C4E2
S321101B561CD60363F71AB12FDD3A438FA0ECDE67C9FECE3D475D319E7E83B5D6B6D3
S321101B5638BE87228448652817D7E6060D1F9F4484D0F31EDE42D38C896CCB22B7FF
S321101B565420DBE74C2D06068FFC402EEE5D1661D30E0E21BE51B789F9C4BF2A8260
S321101B5670B4873E1E447EB19AD621D9BC727D7C6723712FA1637C2CFEB9F9810843
S321101B568CEE6C7A8338CA7A29F088D03C68DD6596D5102CDA1070ECA18D81FA1DF4
S321101B56A81DA8D415580E57B300FAA5C43173400F7F2F58141A7CCCDC221EC30CDA
S321101B56C407F5E75281D0F55659F7CF8C5F65D246030BE1AF2DF6AC555B4F94271A
S321101B56E0E0C0316A794D0C10B3A28F531CB688A44BEB08355D222D81F6CA5AC5AC
S321101B56FCE62D5D52810EFD9E7CF677B9CC0923A957CE5212397AD0418356ACE878
S321101B5718D394DF11F19F75ECBAE79A064E9B619DC81C3A126107C613EDB85D8BD6
S321101B5734C892589A75D8F0AC2F42CF704341B7DAAC1E4EC33AFCFEED93411588C1
S321101B5750876BF64F56D50B3E965415B4034524471D2EF4E48C7A70493EEE6F1C62
S321101B576C1E0EAA6B00F9B000C5A27FBA2B27E6D37C9C6C747CD3F6C5C916FB215E
S321101B57888AD291650D1523928225DE6F1F56B73852A146BB28CD29D4F36749D2F8
S321101B57A447B7783D37A2A0FC93A954D16F953E8E4B494176BAA06E079BAEB287C3
S321101B57C047C2C4D18339CA357DB503EDB8D7A9C2E3B80379A64CDCB0A6BCB76514
S321101B57DC2DF413C13120D122E1EC9E4BB7C8203AA776D8E50C291BBB8BD452B56D
S321101B57F88ED0D0E39108B6590FD811579CDDADFA36CBE65487313BFF5C36E33664
S321101B5814C6758D34C564514885EC4D6D051640F15477720C6FA7AEE0909151FEB5
S321101B5830B9C321D47F3B13C255563BBE56372261ECBDABA89FB9B4F85A098993F8
S321101B584C3E3B85E97FA522A48838E035717459860E78CF79AE1EBF5893DA2493D0
S321101B5868424C3DA065B39904B44F9B75BBC93979B3AA03416BA7A52E093BE7AE2B
S321101B5884DC00DBE563757275EEE7ED3A132EC807EF9E1EF7FBB85DA85B44DC8318
S321101B58A0E1A994370F7FA961D7160E77008AA9A9975B08F6F4FAE4DFD77FCC437A
S321101B58BC15572AA25984FE3B9F97B7DB2C31CABD0BFCB80DE0F20E962DE804DE6C
S321101B58D8154D4A2EC967C5525E16840C04402E59BD9DF80ABDD2DA19EE5544B777
S321101B58F4DF11DA3330D2C463FEF5EF2140AE130BEC0D7FE8AA5847B5EAC9D71238
S321101B59102152A5E43092AE6841912E612C88A4A0F1DFFFECE562079E7479FEDBB0
S321101B592C6BCB1552069907E73E830B9903F563BCB11B952CA1EAC2901661919A7C
S321101B5948ABC60DDC4D995A86E867A4742DC6AF74D92D247BCA32522888A83F8C5F
S321101B596423CEB8F5465FE58936FD191D98CE255A20F3DD926A22BD63731D22C651
S321101B59804AEAF6C164110BDF180C3E775AD182A96D93C707354556518DD9608D1F
S321101B599C7F6CA155E63D31EECC07EF85FABE7F6B39FC2D548D3EA7466D8F5E05E5
S321101B59B88AFCDF7F4B80788F8C6976EEE1952008D9FF4DFA2A5B0A03314CC3ED17
S321101B59D44B2E67A02744E8AE10B97CB62C1BA23F796C3EDD2B6B7BF17DA5CDCA27
S321101B59F05783EAD1F0A199EC4A748E2300FF892DD0A60068E76A8DA2DAE1DC1195
S321101B5A0C782E88A99FFE310A0846C10DFDD3F1BF132E3F0E95C81F1B3794B88CCE
S321101B5A2855B31DD8C07C574C18BC1DD8918BBD1A59A13E93D91D5BB75CC4D06175
S321101B5A4492C9D93FCFA1102832C13F660339DD180BAEC91FB03E7A25BFB3DED0E3
S321101B5A6040A10CEE689EF7CE0C785864582EA661D69C54658AFA8143B2199DCFDC
S321101B5A7C6D760A584931BF05FD18309E840BF2AC17DBAC06616280B75B259C127E
S321101B5A983F4133874E4BB07F6D146A6B1702319A4D8D6B6D5FC2D3D6B9CC82669C
S321101B5AB4E64C92210DF1C3576EF236BBB9978133FA67A3EB42671330E43597C800
S321101B5AD04DCE13A6F894AF0678860423091F6A7F7536ED8E9B1E183077192C7FDC
S321101B5AEC6C54A9A9E8D2034129BD23EA8DAE36217F94298510DC19C096C2527B2D
S321101B5B085239CAFC60EA3D5072E41FBD901A0C5276C15CF1BD4C5B9F23542B863F
S321101B5B24674B778792602372655DA4116A0F270F08BCC7C60A294EC1DD79796A0B
S321101B5B406035A5AC45F6AC0B1F136AF744F471CEA1BAF6AB7E99310665472FD53C
S321101B5B5CA371A8BA584C31DCD8398CE95812ABA90D3769E568F645DE47E8281215
S321101B5B784E4B428E356F978AB10035AF959F3EA48132318B68AD7F4A17D97B97B8
S321101B5B94A04A737348F8781D81A1ABF4869077F0C7630D49B39D61EC2972AAEF90
S321101B5BB0DD364C54A274CF9E3B78A92ABEA43AFA551C6BD5FA0DE1A949A35F12B7
S321101B5BCCCABE0F7BE3689247F9963DA6192DCD807D4A072742DFA4C73A14B54E7F
S321101B5BE86277043356AC08C2A61DB0523416EF52C5C5634E02E2FAE31539A072E8
S321101B5C0457B6418B112258C69E68E0DFFCB83021253ACE4B612AF6656DD25C97CF
S321101B5C207E6BB926418739059B692F8203E3324D4455D0A62CC10ACF6C1E6F6B16
S321101B5C3CE21E17D3CA8D76708C0686AC493367261FF6E46123BED71B8653AD1D57
S321101B5C58D1F7B7B249CF926F841A0228F2CD1EA5FBF4AE761880677789BFB4CC1A
S321101B5C74FE5204B571A4D3B0B0C9CCD291BBD244C12270C3FFF4E306B70FBC60F5
S321101B5C90A5071FA1CFAEDB07D654B8AD3E3F0A699A3AD5305347658CD2365F4D65
S321101B5CACA2AE6E5D8A1EBF95F18879EDB8F2BBA20F13F9D3733E876045AF54FDE3
S321101B5CC847E2D0D0FF366E502DE28D788C6FBA385E2C9C47034F92D87495B6AB3F
S321101B5CE48B790D2A1DDD8BEF8D66E8F8A1C856944720435492550191CB9B4194EC
S321101B5D001AEE5E2893C22FC0719DC1E17D73C8CDC8D0F88C082081F960BB4F2106
S321101B5D1C050206F5479FB1A885571AFAF4BA951AECA8519144976DCF52EACDDE38
S321101B5D380EFE5B6960946EB5C1647983E1F9385B55C6107B523B8E8EFA12D71661
S321101B5D54BD3050638EB67805C3F4456543216419E80DDA73B9330D00DD0C6D08C6
S321101B5D709886049F36C8E7DD85106C2EDE17F2A72EC428F0B9143C8776CB9F56D6
S321101B5D8C0CA3A1CD81DAC6087F7F92CF909DCDB92A543AEEC6C29125A9AD43B243
S321101B5DA8BE5B30B726C2D8F93F3AD9585054A1C2B8A5AC0C0710412A157237519E
S321101B5DC4F5C36B2B257FE0FA9740870F950DB590ECABEF2B580F8805CE885A809D
S321101B5DE0A14CDD8BCC6E9738F10FDA9A508EBA254BCBA299D7921C4C690875BF20
S321101B5DFC42053F6761F1522023D653297DEC3D78793CC914C2BFF0791C6E3EEDE5
S321101B5E18FCAF5A4B2300D16AC8A15A568FC35F7CFDBA527E38C2C57131AF8B87A0
S321101B5E34F56571B985E69DC91265BB367CDD24688EF14432CD265CBE6EE0C096D9
S321101B5E5097F5178C1C382E536EAE5B10ACAD167DF170C0CC34E1BD6AF65AB877E6
S321101B5E6C4E2CB16026D9F90C7B2F5C15FC9B6C8888909B5498EAA8DD142987687A
S321101B5E88F1F6105274AEC70F01BDB31A53DBA3845BDF44E9259ACEF7E11D67510B
S321101B5EA470003CBDE379001A787A2FEA2786B1D58A2621CB28CD357EDE020A2C3A
S321101B5EC0B6F546466A7E8695B53F4F39663062B88A3166E5012A87747D87D51A10
S321101B5EDC4FBA87B32AFBB885C97E5DAFBDDC5308B527F178F38B0A5B9BCF66CDC8
S321101B5EF8DB1344FE19BF6FA28E2A842F9548DE4682B48BD8CF0C676938717FA0CC
S321101B5F145C783F1C4D2DB471C589180016A525215D329F37969B8A7B95C1FE4DCF
S321101B5F3052FF868B62080DE256D2C00AFC08D186BB1EBDA9A3B93CBD9A9F935468
S321101B5F4CE1A8B6FF7FCFEFCBB5BF5CBC5AF68CA7ACAAD2B85B84B05BAED00B2E32
S321101B5F6823B9779433C329A7FC7B6B51A4862EA49CF7E9FB417794861157E6BFBA
S321101B5F843A42F7E278F90DC782A50DFAD0C611C526086A945EB7276B3059759E2D
S321101B5FA06C32F1C023F66BCE8FF00F42EE33A4CCF4A790054EEE458C6F0E9780E1
S321101B5FBC2BAEDE3B8657E38F90E7798F16B7073914D09BDB4F6191E1A4C5DAD13B
S321101B5FD8D15FEADAD3D8C75E038519929115DF303BC4859C83361B01B0D7A29B17
S321101B5FF4214242FD47162976239F46B1F95E33EC6AFA0E23E7FA0972BDAFAFEB9C
S321101B6010B597A457757CFC363A1C1079872F2A2DF18F305DBF2C52DE8F6883212A
S321101B602C52DD6FC92479E34630E41C8B13BBFA8484ACBEC7E779CA9BCBFE2B2D58
S321101B60488FAEBBAADADF2F516232C7E29D6474F459E997DCBBED41CE11982AC784
S321101B60641CB227425C9A11DBF25E1DC7899BC93544FABAC9487A0B75893B8146F2
S321101B6080BD372C3CCE81230AD2C1F3569541D0214EDD30961A4F1D55A70B420197
S321101B609C5C9E65608B2B163C05B394D7686389628B445879A8298C270823012A9D
S321101B60B8D202DBE1E6EE589392F2DB15B17FA81636B6054EA15694A0599B8ABE44
S321101B60D4BE0832EFAE1945AD33A1CB3E70B275700888B276FC5F3CDC5E5B9F3444
S321101B60F0E19F141EAFDAC240176BC745F4FBF23E7833866F9F371A10C60518589E
S321101B610CF030019027D43EBFB430C265AC2BB761230B2FF8C90606CA6D73C911F5
S321101B61287B1419D658F3C006A5A5A60699AB26AAD27196BCC539D07809D5400890
S321101B6144751950AA91D6EDBBD3E69AFC79176B1D1286EEA98FF792EEAE7EDDFCD6
S321101B6160C93674A3FE52929EAE89F028C02CD86442E7EF735EAFFA7BD0E2960090
S321101B617C4B8CA328479876FC1197337BFF98E3C30A75935995F9D84ECF5CFDC643
S321101B619833F76DAA47E521B1ACDDC06638613E808E089BA0E8DEAE69C471EA06A2
S321101B61B4EEDB400184CB2D1CC3B40C2A5E4B93867CEB860C91EAB5A8202EFED19F
S321101B61D008F85E0938DF26DE1A255A1C8C3BB6F11A83977EC64BFD49A789CA00DA
S321101B61ECA0D930CE20994C0E3B26AFF140686C12A11206180C23891B7E8A2631B2
S321101B62086C15A2FCBF22EFBF04F26657FF9450FC046BEABE30D2D144BD8DF9C5D3
S321101B6224C6CE51D267FA1C2B9E16F5693971ED0CBA99220C7A66917781F20FC668
S321101B6240B20A87DA7C6E7B1FBAF26D2EFBAFC4316736C0C3417F61B5193B499D5A
S321101B625C2D8CC6A1B8B8BB594A6896412C36F83D5436F39BCE34518943B517022C
S321101B6278796174AFEAD235084A7697C30AFCC8F2594A1F8DA127E5573AE2EA6F41
S321101B62948147D269037173306AB01290CCCB47968AE78A588D512C2EA3718099BB
S321101B62B0AE17624227FBBC284378A4C4667F98EAC3426098739A1B80518C763977
S321101B62CCEECFD52CF6A1960DDA816F74EF17D886A6D9BA05EEB14445C2F7A339F0
S321101B62E8DB7CAA463B1E3BCD179CEBB16F0C8AB7630052A49723C2A80C5F572C4B
S321101B6304B7DDF631A13EED41609A996327064103899774300EEE640248B781E88F
S321101B63207DC950909E54EA32183749D5FFE5669A6A491571221B2B8CC5932E6197
S321101B633CAE5AAD2B8E552534287A08FC61B21DB93F966604E072ACE4F9DDB73C7F
S321101B63584059DA9B31BFD0B1877A8DA61385EED5ECB8F4F9C7E6AE60E1125C5EF1
S321101B6374C83CC976728F331CAD1470D674C5B9992864EE1980709B99724A100331
S321101B6390C4BE977EDCEC0FF8E0D50E72A513CE357A0FE745D8748951274D4BFCD4
S321101B63ACA8928107B478BB233F02EB69801CA9A50D302FA02758C3D0D4E14A8BB1
S321101B63C87224E9BC4D2A0D07C33DA9F66A9F4B0372C49B0E9A74F044FFA05C9A16
S321101B63E432E6EC186A41FB970F4C20E52D6F7DC894AA0081D4B70A507844CE3074
S321101B640021C94992DEC1B89BC7F3D346F006B2213D4B146E1CC0D74ABDE0C8325E
S321101B641C799F3DED08E0B039662B9FE4E36E5D95C8390D1498ECAB8B199046DE20
S321101B6438C1F2517C1268821EE6A36102000A00F90F27BC398B9165C863E25782FC
S321101B6454A76B891DC441DC065C6A2F63AF052F21DF77BF13FB2B8780232652F818
S321101B6470A5ADB24E14D96744524D9B8FB673F803F162EEB72E36899C33134515E7
S321101B648C0B44195EAC7D2B91B40C8D5AC24CA9D18A1ACAEF799C636C2649163CE7
S321101B64A827BE1532AC10E56585C5C4908769CE99926EB7B75FCE3B98B3E03A54F1
S321101B64C4604AD922A28DF242C16C075ACDE0FA86E24328532FF7E68BCFC888383A
S321101B64E0CED8C372EE9411B9A57606051EC1BBC62B4B88FFAB02413B826A544F0D
S321101B64FC64A41E40C9250BC6E833F604C128BC08980D93F898A6B7851347D7A7EA
S321101B651844A3820125F7DD1E5C47EB2A0CAED8CBD1E13C65F81E3435D81A45B6E1
S321101B6534050CD6382269D5EFF7198B30D8C18558DAC1682F79209D469CF9F68FA3
S321101B65507BD65B9A36FB157D914C377F8C0F49FE6295A2749F5AA754700E31953B
S321101B656C367E0FBDAF37D7E975AF033AC6E38F8220A1A4ECD872B080A94D584E3A
S321101B65882CE40D83F13A1D1F090F5200AB6F8EC714F25DB8DA884BEAB7EDC75277
S321101B65A42C1037B9FE2D03F39E023886C68C354FEB449EFB21A615B007B443D205
S321101B65C050D46F118C08AF5C9672B94B8AF11978B268B7FF4FC5294131D64C444E
S321101B65DC883BDA664A3D82F97F25F235276DEDF6E96E824CA93EEECCF6994AF795
S321101B65F899E4022D713368A794937F8D5FBE32313F17726A9688505712936D66D5
S321101B66148D290EB8889B4B19DDA468C405C1CF4FEDE353D675A0F3BC56A8D5F81D
S321101B663078788CABC4B265A1367BD685FCD36B19B27922B059A94FFB58FF3D0737
S321101B664C5158A09829F9647E41411A09C706D27C446A168D952C157A31E2466FF3
S321101B666808851F69A2A8C5D239893597080641E7F75BE0DE20D1FC6D947D989385
S321101B6684FD8F90F87943ADBA0FA5ABBF2BB4F949160B877A18726405DC3E014DD6
S321101B66A00DB1B8C47D35696F0701DDC73085F37188C9949CE1048D70D38874A151
S321101B66BCD3E2E667942E303F1B2322EF604AB8A0A656C7BA541BC8C3C53441EB71
S321101B66D82679BC97986E273D200B5F87AC53299E1FE4D2E4CA9A5D491EED9B3D9C
S321101B66F4A863971AF40392481E69C7FB0F87F72AD2C510B6CB6C5DC34E4A10BCB4
S321101B6710B356932ED9324DC312DEB0426BE35966AB1A75AB083111DC076CC9E938
S321101B672CB56754C6136527A6B569E54E005628F1711220189F94D9850B904109B4
S321101B67482935F86BA2B243156D2362367A65F6E0AD5B4E883974C63E4E10BEAE61
S321101B676417AEB118615AF989E50A7428FC48360EB3D692B3540D93AF9673979168
S321101B6780E3A76D7352E80D1BA35B2102BCF98B5513B9255DCD0D6E5D17EA600AEC
S321101B679C762EF0DB533A5E4081A291D95FEB8A939205A27816CF0BFCEF8E81FD8A
S321101B67B8A67F67A0A89B80EDF88ABC1CC5AF5801EE264CBC3957459B68F9D9F5D6
S321101B67D47EC0F4B65DFFB74FBB10D424F73E0A81154D82B0A663A637528F78E1F7
S321101B67F05325C7EB07C7FA3A65FBF5B968642B416090D7796863A58174EF9407BB
S321101B680C57FD8DC14276C7CF859D6CB431E71724A660572C7A356D15A75F62E5B3
S321101B6828912E7FD3274496F9B43877FA8547A2C0BCB3C86406909CD1D95BF95F63
S321101B6844E3AA318D699C9D393076D4CB1264B24A18605AE1D39C6E96715CB41172
S321101B6860B099F736B629DCDF7DBA298C19AB8475FC94FE8C39DE83FE17C78878A2
S321101B687C4758C9B4B090A50295189286A20AB04CDAAC309DF54C6A55B5FC903A91
S321101B68989443998DB8BDFD1EEC76216B19D2ABA3E520D3C26D1BE214C31A655253
S321101B68B4562BF90CC87B8AEBFF267FEAC7C78F6CE0774B3514B9B078ED2CC61B7C
S321101B68D04524F57CED2D17D38746D896B92A18341A25D6A487A89FABB7DDD8692C
S321101B68EC7167A821034D8B17EC7BD2D27CCC5F5E17090446A4480EB81B290DF45B
S321101B69084D01102564C3CBF3A92FA4DD158329583F132B7C13E9028A7A9DA3F23B
S321101B69240F3B776E7E65D2A12A4086F6DADD8FE91704681A5D5D1E96BE9A0BE836
S321101B6940F762678D2C3B61EE50CCFDEED79EBBD329E3DB939F3233D846E011FD73
S321101B695C426A7751461E3ACD109337AC15B49EB23628F6C08997751E19AE476437
S321101B697873FC926D516E3FEA0EFA4F9947D203E21259543F64E7CEB5ACA0EE0880
S321101B69942ADF22C3A073B0AA26AEA170D5620437C53A79D3043EB47B9DC6A6BE81
S321101B69B0BE609E753645A4B80CB9833F2710DE082E9DBBD36CF90F247C3535F91E
S321101B69CC590CB20327078D4C524E731E27282A534D0651F33C4836818476CB3E8B
S321101B69E852B502CC28EF1B978EE486213AF14BFFF1E60340EED4B37E10CBDD442D
S321101B6A04FF005697133BDCB6414D2274BA96D841D9904FC4883912E37D7DF2EAE4
S321101B6A2008508D969401B72F8E144FA4E2C553D125D43A12595E992A0724A0CB7E
S321101B6A3CE3E1FC21FC53A5F9D2CB8C9969E60EED7AA2E59073F7AB9CF52BA238F7
S321101B6A58DE3647D7A35F39D4C1F2A9604A8D0382C71820717C8D7B8EBC0B4B956F
S321101B6A748C900025579A1460D7505CE04251F155336BBD1D03DD96A0217D084679
S321101B6A90A656EF77A0FA3166D011FD35966297C1DB79AF6876146B49E898BD4697
S321101B6AACAD06D9F48009FB94FB6FD0F84311CA8C4A77F6563F59F8D6637F8368E9
S321101B6AC8D93649BD57EC1177F5357EA170475F0BF9B3FDF8853735AD69686A427B
S321101B6AE43F14D9F6DB2CE50A21870DF908E55064F85223B49FD3DBA5488035E10D
S321101B6B00DF181B27DB5F2F44FA9BA154EB3B830481F7C77B3F33C8E4226F8CF83E
S321101B6B1CD5AACE5BA077F47A77CEF7A5E2581CE248C6CDBC789A44D481A8176D78
S321101B6B38BA7BD0DA6FE3DB4D73A151BD0B07D1852FAB784596DB11ACEC3C4538C3
S321101B6B54C02FBDAE2E862A32AC6E27AC020AC50B3B45DA8CFC6D8C94BB7304E33D
S321101B6B702FF37AA936F240C30462DF2AEE37E3C6566A87CC16A954D007CA1ED175
S321101B6B8C02E9CC2339AF7FE105E45FE4891433A466D4743674DB76728D31C4005D
S321101B6BA897C88B131C25527328496554B57FB2281A2BEC9D1F8501AC8C54B1783D
S321101B6BC4CC614526559CCCAAAFCE62F2222593AF018C10D9C6D458D6B6367A2067
S321101B6BE05FC9D3957E32D0E03F710D06EC2268C059A2C5D93D38EDB160AF77D07D
S321101B6BFCF1B3C73C7861A802FD7288742957D64EF90747BD02F42C142DE2EF5982
S321101B6C18D89711C407100B48AE9E97ADC103F8720221B3A3891DF5962D667EED1B
S321101B6C34536EB5C3C377203CA82EBFC72E1AC1B518A6AB7142CC4FE3157C3F6FD1
S321101B6C5020CDE7A8EAC02E5F8A5172A33F3D9B75311E6C3522EFDBEFE66D50005A
S321101B6C6C899A0B38C1CDA18E2C6E1265DE7F88CDEDE1028F5ED3DEB46BA407B20B
S321101B6C880B75F5F26245E3811A189DAC6EBE6FE4431026C281DB5FE18A210416B7
S321101B6CA4F5240575A865DA125857455419E615EC12ED038DF03D80D4FE02B84DBA
S321101B6CC051F01EEBE463014EFD0743C891AE11713F167486EC78D120EB9CD001DB
S321101B6CDC41D01C4FDD5C9E6F72BE1B45AFF7E51D86F105B56C92B052E6CBA29E4F
S321101B6CF8DE627531933A844DF091D7E9D9FB1C52568534A4FF9E6B8ADF2BFBF707
S321101B6D149C36786F07877007B08854E6A979F0184295A619B920BDB1245CB7A81C
S321101B6D30797C79B6E7D1B8BE2968D2823BAAE9378A43262E1B732BED43BD34449B
S321101B6D4C0F211985AFAA4AD3B200049777769EDE004C41B027676FE53B6E3258AE
S321101B6D688F3CDCD49B3371D752D1F79359C702F911BF1FC32391FB9930F22581C3
S321101B6D84439AF15651C5D48FA90F2F67529BA1041128E81051955C195CD703057E
S321101B6DA0666F3FF0693AAAE13814A80663B57CC7B28E7C191CAC13C64CCF7EE030
S321101B6DBC08798A6107275E432945FD3D5B38449F1F419B1AC3B6E07F43533D1958
S321101B6DD8B3A203931E15FC002D5FFADC20A8097B478808B3547EEF8021FC2EEFA1
S321101B6DF4321C27A5678C8A2EBF2D50BADA1965DB4EDA2DD1240589A10E569AF6F7
S321101B6E107842DFB7F334BD7A62E8A9BBD8BDB2164507AD88EA52ADEDBDCC4E5FEF
S321101B6E2C1F0F6D013858DD12A232497457BEEF63142CC8451312540B69BFA0AAC3
S321101B6E4898A512B1B195EAC3F4D5FE3D826D4BC8229E4F28775A20E4B7CDD72578
S321101B6E647397F8ECAA3D6F627104B051BE9E3079387619FD375256DE63225FC398
S321101B6E805015CDB2B93B26CDD28B27D37E9AF51CA0FA07E1999F443446728D42C1
S321101B6E9C0444A33E6450224DE645382C7F0E9FE3EB57EA00ABEBB118536AE1573F
S321101B6EB8D0EA8BC11C3FCA84B28AF088AE883F234486BEB855B2A32CC6ECA681A3
S321101B6ED4AFDF03E11307B2D0D74099445B1882CBF776C4BECA1B53F2258F01B928
S321101B6EF04D73E9569C55FFE6A2D4A2A4CACFC3E74B753867166BB567CC238BC249
S321101B6F0CCD63E1FC3A9B22A3959EF5FA1C432F9AAE260359C75C96B98D0B2343A7
S321101B6F286C73BC48ED5A6393837441ED0FF4357FD480BA1B15B9BE04BA351C71EB
S321101B6F44644B183E7849333ECB81624086D74ADA39BFE5BD114FC855AD492E74AB
S321101B6F6037D51A0DE52D6905733A36CECBB5744CE2EE7FAB583FD0BD79B61DF4E2
S321101B6F7C0C7F93C451A6E09A6A0C7C2B0F98BC0554E34A3B754E54FB1ABDFE0944
S321101B6F98DF01AB53184D52FAE0F5311D99C87CDD8127568598B8A7D067A249960E
S321101B6FB452FAB8BC9C213BFBAC0FE465847278ED8E32558D233CB5A30121608C17
S321101B6FD02519940C4F0AEFD01024FCD3CF2135724D4BA8D18CC28D3DE363641DF4
S321101B6FEC5DDB2F7D494DCA7007BF1B21EA469F4E780C3EC48844B1CE1853E8EF72
S321101B7008522C4346DC2CAA4215F82232351595D6004E1EA0D5D93BF18F04AB07FF
S321101B7024CC8130AF3CFC80911B376FE9D7B2057DC990FB2A7B361CDC18E3357B23
S321101B70408438048A15E69F63E330D448D45332C295E3C570F6820C2C3CABACD6AC
S321101B705C71BA3905026D63DFE26552E110AC77802A1AF18F31302624ABCE1103A4
S321101B7078C8D0C0E68F82DDB68440255837817421D2420616F64BDC6EB6F14101B7
S321101B709429DE43F387A90670D48E3A50BCEC14D173591AAEB2C48B5BD7D5C82EC1
S321101B70B000A6683C42ADA453BC6B939B2A9E9352F5E83A92AC6F08D0094DB3C1FB
S321101B70CCC1E223007145ADB8C5472C9ED77222BC51CA15DEA80D37F49555A661BA
S321101B70E8A823559892AC6B9584330E8C3115FA20772D6F083DD10CEA3670CA0322
S321101B7104E2DED4D1C894C84771D0C1228B2093F0C78F5F0503FDAAE89FA9355BF8
S321101B71201F1FB7DFF7DDDF05412BB85FC231A7D7640A5F8878D68E4C3682BA4F64
S321101B713C5E90BF3DE0FD67DD149B904326AC0670E49147A5C5C17930F8D3364A56
S321101B71584C27B0B230959397D0B8ECCAB05FD6027B29A9DD69020879FC5E9759A1
S321101B71744B6C42832AF7F25AA5C0C113F8DB29A1F0E008487EA9DFAF8558EB7002
S321101B7190F4F61BA758C2986A9A25262AFE90CDC35B0D51FC0D2BC7936A2D4CD7BC
S321101B71AC0433F8919F0F1FEEC2C73211B2E75C0852CA78A008A384C466F26BFE6A
S321101B71C866B0E997B361F6D9DDF3CCBF7C98A0E453F11AA9F02099326ED3345F58
S321101B71E4E23711247233396A795F4D176C27B19D23E421D7D1049BB7A357C40ABD
S321101B72000A9CEA1B08B0AA2D1CD2A541B9BFAB15854320CDA4C72412EE601F6ACE
S321101B721C3A8D9378B90D612CF793397EBA85B179AE50266244D9CD82DF28EA7DF6
S321101B7238CEE36D08FC159EDF0E1F4660EF3FB7BD2CB3D497E38FDFF3DEC1E55975
S321101B725411CBADC1DB64D3FB019251216742123A392EEC410C296A7DCBEAF78AB6
S321101B7270BB118C12D080E82409A7E9E7C5694E06063FDF122C9D44B6A842406D79
S321101B728CBCC64519198DC1767155EDE96ECA4451CA09B2DB3328D5933DE7A8A3FD
S321101B72A844AC119BAB3CB670AE077D699A34A2B8B8B92C0F6AA767C91FEAE57BD7
S321101B72C461688980952BD45E46EC94DA45ACF48CD7100ED844A226BFDEE8A16346
S321101B72E0251386B1E8D4990F41A92D30FAEBC874A08E509E072A3C0776284C2B81
S321101B72FCB402D133055113A51AD3E85FBA2F7AAD8A4D2816A58238CB13FC32FABF
S321101B7318A3588AC4CBDDF076B2A27319E8CA9DA520B2A1F08329B2E28537C4E3F7
S321101B7334282258EF87A12B733048E4F90A31F0C43E86221A75DC35197D0DDF93D6
S321101B7350CADF350E0DDA2F9077500D38FE4BBB5ADB84732F6D807ED41578DE3118
S321101B736CFAB93A0D374CE5F461238FB8771026F5A83236AEF6D4860A0AA8486897
S321101B7388328D66B7C0373C5E6B72201B1E70984AF7F5246319753D3DCE7AAE95BD
S321101B73A4B7D5EF97714F2AC91CB2DFD5A216FEAD856117868C7365EE8FADE44EAF
S321101B73C04B7C10DA3BEAC65EFEA5E8A0033F6641D2B413CA06AA4AC2DCA05A5D20
S321101B73DC3B1D67D707680A7CA197E376A0030BB4CFD18E7F938E1D51F396B02F42
S321101B73F8A0409B5B90DFF8396CBA8090A7811B7363788D52D42B36AD843DF7B4DE
S321101B74146657522C4DC92E217DA3CF9FD98FC7B2FD4BAEBDA92401431202B68806
S321101B74306D7AC68277780DCD4BC709D3B65ABE18C01F45AB6B2954249EFF8D2D11
S321101B744C13B5C13891F458636F897719B73768213E4531B3BD49E5D5E7DA677430
S321101B7468212697A1F3F32118C92098014EA2C3090C416EB3C77F6CEB8AD24E4AFC
S321101B748435796A9447E601D13B7BEBF55391AA5546661754F48847295FEEB6A0F1
S321101B74A0CD5FB66189D7C0CE0D92E7FFD10DCA23FED577F7AD690311C204581184
S321101B74BCA28CC70BD52AE610CEF87AD61C3D94605CFB0B140934FF999C8C36F78B
S321101B74D8ACEF70D301CE526D23C545D4B34BFEBFB90D171DEFDA39123E92E6D1AA
S321101B74F421340DF08292313E48A057FAF06DF0CC78FA957FB6EBB55D3ADAD150B6
S321101B751040E65783FD9801A3BB738BBDD595743DF39149A4CDE4426D2CA1F705CA
S321101B752C08E7190251B2865B25959C34542B25F702F43FC075A1B87C1232B36663
S321101B75484971C1FA2707448DA74E39925CB9D432B2034DD1670D0531DD005101FB
S321101B756433E9F15FDCC0145411AEAA215DD5A999ABDF2854B96E8B54DF8FD834E6
S321101B758087337B42871D20CA260C06E2BA9D01D5DD62354ABE86B5C01923A731E7
S321101B759CE83EFCFC860F81FA8FC821EC57588D4A5FC92FBD1C3273DD98362533B2
S321101B75B8F1B92CC1060785660AE223CBC7646EC8F047DE0F3068CAA9D080FE68D7
S321101B75D41B7D8CA8220EDD402712D7900591D900794DAF5A979D18770719E85355
S321101B75F026559B538810946EF76C65A1E2F47E5AF8983997F970B30A7F0A909005
S321101B760C8C7B44D5773E65470276F045DE45F44986753D5D5807022E0C9950B6D4
S321101B7628F94FD29083235D0ECF9205D82E0E9B7ED737AB8E8509F15FBD1B6A6AF6
S321101B7644F6223E2D9E789F871011755847984905B8246FA898A4F9EAFE52E0E8F5
S321101B76603739CC76B7507F0E7BDB7F8FA61AC0E92A4D023AE8C217889E5D85F757
S321101B767CC1E2F1B3E653A8A1E894E18451F2C3DED292DC7A9EA4802993F661A103
S321101B769862F20510492A1B2CF547DD0DE4473B300CF00C3A18C815CB62324106E9
S321101B76B44C0E6F4A71E0DA4B51F22DEBC2BFC40BC3FB8B91335CA21AA751C493E1
S321101B76D057A5DD9B20FB03301F89F653D2B2E69AA0BF72FF6F148EBE2B288A93A7
S321101B76ECFBE5547B103169CFB3EA8C393ECEBFB6133AB5EA8B4C238E3810C7CDF6
S321101B770894570D265F4DC8CF3969B846C268B2E64471A7F64475242E0AD3E359FB
S321101B77240B8AF779D11A4012A5FA9FFDF89F9BD67D758326C1FA1BE4DEE2D2812B
S321101B774040D712A63285ACD7D9E332C73905829A2571B8BC6FAC55674B108B2EEF
S321101B775C4B4A13D023B1D005CC5E977A97E6157BCF01065BE6D0513FEC28099C47
S321101B7778C63CA815AC715C52CAD373740C64F285702C6234FAC492D47DCE1B18FB
S321101B7794030726FB57BFCF7F8581BE6B777828315FA9BA245320B636CE87D7C66B
S321101B77B048C3FB165A3C44F06A4248B702E98CDB3DA5A6C2D8B37BB196757FFD21
S321101B77CC8480D521F6A1E6D39A3AE59EADA05FEE4CEDEAE39C87F080035EAA8D04
S321101B77E8A610542BE23A643E9C0724DD40E38D711CDBA2B5F4F9181320B469CD2C
S321101B7804EF7F4929452518A30A061285EDDC76C72BABDE0BDFFA4A19C592548956
S321101B7820B9E83CFA7DF81F946FB6E387C926447F026007414C7F5E0885A659ACD0
S321101B783C5C462BD4D52C6F6339F6839681FDE05DE77B6B5C581FED76346B4A4854
S321101B7858F2B2DBF8D5982E9BC7484DA5A522461ADAB61A5B7ED509326A3894A89D
S321101B78748E3B80A88C4932E358307D1DF8857B2F33147BB1EE8D1CF760CF023C35
S321101B7890B15A7D4E91916826B1681BB1BEC755C02739D404F8EB918923CCEEA1F3
S321101B78AC3D782058BC78E25D5BE85B7D3431B1DBFCDE7B14F26C7A61711392E04B
S321101B78C8B7731EE6F26F03BFF2176A7490DCF7202934EB0D7DD2643CB994581DB2
S321101B78E47661655D96238EE22BCCC9307581431562937A90B6D552DB2FB5E78E47
S321101B79007BAB633D1C2D4061D17C41D241B86D48C704CDAF3D32174461D8297F8A
S321101B791CD78A1776A4BAF3219C63C60A38274BA96BD128421FE78D2FC4EF64DC41
S321101B79381DE07FEE3F24CEA9DED77CA18C6974EFD642710B665B2527D2B174B745
S321101B79545A148B892AD4A553D2DF4F4B79B14F46950D7579A1E59E8E95AD8AA0B6
S321101B7970E36C56998BC0D613538362D91A428C9BBB9791F61954E079FB7A9BC84D
S321101B798CAD88D8CE247B0C4E9F8AB444DD53BE99B96A68B6BE570E673028057892
S321101B79A8B024B916A21C89542595162DFE960D6EF05D45B4D5D0A3CD3CC1B5300B
S321101B79C4A36875AB2AE6A50FDD3836604BC291E7AF57617F28C680BB54D0608044
S321101B79E0FA72C437F3BEE922707E8271657407DDFED5F4CBA81FD6A43CDAE410BC
S321101B79FCB93A5D159D08CF0D722842B7D49E350CFF1FBEB2311C99319840ACE405
S321101B7A18D2249FF28B9DA460C4E84E376597161EC896C9D57B78FAD84FE8176797
S321101B7A341459E29A0223DE63B860763D9164EDF76F0AFA865EEACF31E0C2E8AD9A
S321101B7A50312B0BBFAFE034542B2ADC65854435340CF1A300BA0A1DC0558E76B199
S321101B7A6C2AB8C79F112FD1D1173515A76F787A7E08E7F9D23702F69AA8BC36CBD4
S321101B7A884A8018A10AEA03570EB3305B965DEBB42952F4E370C74B783D7AF3B854
S321101B7AA4228D8BB3AA021029152C8CDF7B3C19BA68704077573DC2B1BDC8BDA411
S321101B7AC022AECC8FC1E5320F1AA233AF0417A5253E82DC17EA20F639B9E4F5BBAB
S321101B7ADCEF7885EB40DCE3E782091608570D2DE7CD7A50EF7400B9040085916B47
S321101B7AF851A06E09280490E0F57E3EC50A18D20EEE59B47C3069462F0C65296E38
S321101B7B14158C0AC571DB8C7E1134C5B5DF5811FC628418261D3E3A7D6AEE698BD9
S321101B7B30D36F818F17B7CAE97E418AE01E8B501C6A7EE11F257C57AD328941BAB4
S321101B7B4C659EEF505F0736A8C852129D098073BDAED67C3C6733604BE505D9A000
S321101B7B6802C11D84FCD39E43C27A997F6EBE76E63FEF047A65BDF346869B1F3E5B
S321101B7B84E242B52AF632121DD0B0D19AAAC0FE019BBE5980AF43CA64B45ABAD814
S321101B7BA0D3CA0722CD794AAFF3FD0027EA44F0BFAC63D5A3A392F3AF1AA6BD3A8A
S321101B7BBC9FA7B768D46A71FEA9C699331E113A8FB70CA99656EC122D3285BD1B25
S321101B7BD88602C1822B6775A47EB9E672973EEB0E03426AF70C478B4C428287EB87
S321101B7BF4F03544D30F216379C1E480B21DBD4486627615DB3E2C7CC0C363B8AC89
S321101B7C109C39D6FACE7B3481ABD30B934A18343ACEE8BDCA88F09D0475F03ACFD4
S321101B7C2C761FAACC86834E009E9C54631C009E9608EB214F5D0CC3C405CFF655F6
S321101B7C48B48A15EBE750B900D1563BFAC3794494574408529322149E1C54152947
S321101B7C64E7D3F6FCF1700F1478B63BF0429A9750E7AE0C02F92C228EB7929CA585
S321101B7C80092E1ADB379FAF5D77326DFBAA95FF935FED661D0ADFA579FBA7956456
S321101B7C9CBAAB91ED850D0D7D67899400E85ACD5D37E328D721B44B992DF58768C9
S321101B7CB87DCEFA96BCC2C4D4E983541535DF8CC0A8134139C24CA8B80AC3399B15
S321101B7CD4B4DB7EC5CFD946645DE67A81B40649F2CC25CB06C955E67CA22EA079E1
S321101B7CF04B1E8A8DE46CD0B76551AB20BCABCF69A9CF1B965C46779FAE0ECB8DDB
S321101B7D0C8877F90D5FD85148836D3F00368EA01FEBAF8E5658896AAEBE6FACD97A
S321101B7D280303FF761C385A675A8F88FCE0F479709A37ED2D5775820E99D1740A25
S321101B7D448D51748D1EF9B4A6C197B812C5897950BB84AF3ECE3C4D857013CE739D
S321101B7D6034907A6C4520B9BFE3B55167DB3ECCD7C903EFD46F6CF72BFB39FB6127
S321101B7D7C30BD0F72C98FABE0198C5D7B5FC8A7797AD56A94B64BB2E98351FC4E9E
S321101B7D982A142EC443B89319B28D7EA205B4CFC2DD88638C342C4A781FC40FB9FD
S321101B7DB40F5F8B006958309CC01752456BDDEF58774E51AF392AAA5C0BA3447E61
S321101B7DD064CFC0F1D8BC5A0C8F2D4A0DCF4E6317F1D2FB71B1B1DFAABE09605944
S321101B7DEC6E8B3FB42D41B86F61F0C183452D85D417A987203876400032C69F96E7
S321101B7E08C5F2D0E1E70036778349436B81CFF87978D70C08BA41662DF3DF74C9F6
S321101B7E24FD747D80F13C3E1D437A96B321BC33470D9A4D8D1074DC75E704DD1B85
S321101B7E401BEBAC2183E048D31A9930C3819D1107C108E99576AFD75A7DF88C9E8C
S321101B7E5C3408F1A8785ED3C0E1E4DE17865B1DD2CA66574D223F596EA835B9334C
S321101B7E7844089B4567B6AD5AB5FC4C208D6DDC25991883565E8DD30208F1D63705
S321101B7E94F9D8FAD15356452D3FACBCC4C7824EE84D7FCE312749BB23818A815902
S321101B7EB02BB06F2B51488DBAAB30CE9162D32D7D7B5FAA0B1A7CB2568ED4FB434A
S321101B7ECC601E6C8090AADD3585895DE8377012E7205CCE8CFCE223C76ADCC5E433
S321101B7EE8514BD30A033E9A29C5123DADE725615045C6DC9EE317333A63744D5EE4
S321101B7F049AFFC4C37A09220E1EFB6231430CA758C90897E666F76A57DFF30084A1
S321101B7F20C90B9B747DADE8D4FB8D3DE57F92F15C7EAF1A5E70E0549F8E851FB673
S321101B7F3C29E1B99A5F2349B73417FB0940263E9E58353602B991760DB3049F8A16
S321101B7F588F8114CCDA01808CF65AE2E5CC32B743BD3BAE57EDB0C370917DBFB9A3
S321101B7F742A8A8CB3435E815F9AF6361951E666B9BE132A6A855A1323818F01206C
S321101B7F90AC3A906C41D4C1B2BD80C6FBDC9B6983D81B39820AB20D62199570E3FF
S321101B7FAC3418E4DB5A02D4C2AC285D37CEC423C88AEBF5F71485D402DB427CDB62
S321101B7FC855A327B9BC1E73AA45298149F1398FBAA54F53D5624878F5FEAE176F8D
S321101B7FE48E9AB7CB4C5885B9AB9417FA062A674D3F3E36464B31DEE3002CEAEB59
S5032000DC
S70500000000FA
